protocol,repeat,node,category,ts,source,line,message
hs1-pr100,repeat-01,client,client_get_ok,,hs1-pr100/repeat-01/hs1-pr100/client-get-001.log,3,client get value = chatay-hs1-pr100-value-20260701T021524Z-runtime-coldstart-hs1-pr100-r01-001
hs1-pr100,repeat-01,client,client_set_ok,,hs1-pr100/repeat-01/hs1-pr100/client-set-001.log,3,client set ret = 0
hs1-pr100,repeat-01,1,config_load,1782872145671,hs1-pr100/repeat-01/hs1-pr100/node-1.log,4,E20260701 02:15:45.671881    41 resdb_config_utils.cpp:198] CHATAY_HS1_COLD_START generate_resdb_config_start ts_ms=1782872145671 config_file=/work/config/server/server.config private_key_file=/work/cert/node1.key.pri cert_file=/work/cert/cert_1.cert
hs1-pr100,repeat-01,1,config_load,1782872145671,hs1-pr100/repeat-01/hs1-pr100/node-1.log,5,E20260701 02:15:45.671885    41 resdb_config_utils.cpp:133] CHATAY_HS1_COLD_START read_config_start ts_ms=1782872145671 file=/work/config/server/server.config
hs1-pr100,repeat-01,1,config_load,1782872145672,hs1-pr100/repeat-01/hs1-pr100/node-1.log,6,E20260701 02:15:45.672549    41 resdb_config_utils.cpp:154] CHATAY_HS1_COLD_START read_config_finish ts_ms=1782872145672 duration_ms=1 file=/work/config/server/server.config bytes=292 regions=1
hs1-pr100,repeat-01,1,key_cert_load,1782872145672,hs1-pr100/repeat-01/hs1-pr100/node-1.log,7,E20260701 02:15:45.672567    41 resdb_config_utils.cpp:49] CHATAY_HS1_COLD_START read_private_key_start ts_ms=1782872145672 file=/work/cert/node1.key.pri
hs1-pr100,repeat-01,1,key_cert_load,1782872145672,hs1-pr100/repeat-01/hs1-pr100/node-1.log,8,E20260701 02:15:45.672581    41 resdb_config_utils.cpp:71] CHATAY_HS1_COLD_START read_private_key_finish ts_ms=1782872145672 duration_ms=0 file=/work/cert/node1.key.pri bytes=36 hash_type=2
hs1-pr100,repeat-01,1,key_cert_load,1782872145672,hs1-pr100/repeat-01/hs1-pr100/node-1.log,9,E20260701 02:15:45.672585    41 resdb_config_utils.cpp:82] CHATAY_HS1_COLD_START read_cert_start ts_ms=1782872145672 file=/work/cert/cert_1.cert
hs1-pr100,repeat-01,1,key_cert_load,1782872145672,hs1-pr100/repeat-01/hs1-pr100/node-1.log,10,E20260701 02:15:45.672596    41 resdb_config_utils.cpp:104] CHATAY_HS1_COLD_START read_cert_finish ts_ms=1782872145672 duration_ms=0 file=/work/cert/cert_1.cert bytes=167 node_id=1 type=0
hs1-pr100,repeat-01,1,key_cert_load,1782872145672,hs1-pr100/repeat-01/hs1-pr100/node-1.log,11,E20260701 02:15:45.672600    41 resdb_config_utils.cpp:207] CHATAY_HS1_COLD_START key_cert_loaded ts_ms=1782872145672 node_id=1 public_key_hash_type=2 private_key_hash_type=2
hs1-pr100,repeat-01,1,config_load,1782872145672,hs1-pr100/repeat-01/hs1-pr100/node-1.log,12,E20260701 02:15:45.672603    41 resdb_config_utils.cpp:231] CHATAY_HS1_COLD_START generate_resdb_config_finish ts_ms=1782872145672 duration_ms=1 self=1 custom_gen=0
hs1-pr100,repeat-01,1,network_start,1782872145681,hs1-pr100/repeat-01/hs1-pr100/node-1.log,47,E20260701 02:15:45.681814    41 service_network.cpp:50] CHATAY_HS1_COLD_START service_network_ctor_start ts_ms=1782872145681 self=1 port=25111
hs1-pr100,repeat-01,1,bootstrap_heartbeat_send,1782872145682,hs1-pr100/repeat-01/hs1-pr100/node-1.log,66,E20260701 02:15:45.682531    72 consensus_manager.cpp:147] CHATAY_HS1_COLD_START heartbeat_send_start ts_ms=1782872145682 self=1 known_public_keys=1 all_replicas=4 current_ready=0
hs1-pr100,repeat-01,1,bootstrap_heartbeat_send,1782872146694,hs1-pr100/repeat-01/hs1-pr100/node-1.log,89,E20260701 02:15:46.694006    72 consensus_manager.cpp:147] CHATAY_HS1_COLD_START heartbeat_send_start ts_ms=1782872146694 self=1 known_public_keys=1 all_replicas=4 current_ready=0
hs1-pr100,repeat-01,1,bootstrap_heartbeat_send,1782872147704,hs1-pr100/repeat-01/hs1-pr100/node-1.log,100,E20260701 02:15:47.704622    72 consensus_manager.cpp:147] CHATAY_HS1_COLD_START heartbeat_send_start ts_ms=1782872147704 self=1 known_public_keys=1 all_replicas=4 current_ready=0
hs1-pr100,repeat-01,1,bootstrap_heartbeat_send,1782872148715,hs1-pr100/repeat-01/hs1-pr100/node-1.log,112,E20260701 02:15:48.715410    72 consensus_manager.cpp:147] CHATAY_HS1_COLD_START heartbeat_send_start ts_ms=1782872148715 self=1 known_public_keys=1 all_replicas=4 current_ready=0
hs1-pr100,repeat-01,1,network_start,1782872154683,hs1-pr100/repeat-01/hs1-pr100/node-1.log,126,E20260701 02:15:54.683487    41 service_network.cpp:143] CHATAY_HS1_COLD_START service_network_service_started ts_ms=1782872154683 self=1
hs1-pr100,repeat-01,1,network_start,1782872154684,hs1-pr100/repeat-01/hs1-pr100/node-1.log,128,E20260701 02:15:54.684108    41 service_network.cpp:151] CHATAY_HS1_COLD_START service_network_acceptor_run_enter ts_ms=1782872154684 self=1
hs1-pr100,repeat-01,1,hs1_consensus_commit,20260701 02:15:54.684453,hs1-pr100/repeat-01/hs1-pr100/node-1.log,148,E20260701 02:15:54.684453   280 consensus.cpp:109] CHATAY_HS1_TRACE consensus_commit self=1 request_type=TYPE_NONE sender=0 proxy=0 data_size=6
hs1-pr100,repeat-01,1,bootstrap_heartbeat_receive,1782872154686,hs1-pr100/repeat-01/hs1-pr100/node-1.log,149,E20260701 02:15:54.686830   294 consensus_manager.cpp:264] CHATAY_HS1_COLD_START heartbeat_receive_enter ts_ms=1782872154686 self=1
hs1-pr100,repeat-01,1,bootstrap_heartbeat_receive,1782872154686,hs1-pr100/repeat-01/hs1-pr100/node-1.log,150,E20260701 02:15:54.686848   282 consensus_manager.cpp:264] CHATAY_HS1_COLD_START heartbeat_receive_enter ts_ms=1782872154686 self=1
hs1-pr100,repeat-01,1,bootstrap_heartbeat_receive,1782872154686,hs1-pr100/repeat-01/hs1-pr100/node-1.log,151,E20260701 02:15:54.686836   287 consensus_manager.cpp:264] CHATAY_HS1_COLD_START heartbeat_receive_enter ts_ms=1782872154686 self=1
hs1-pr100,repeat-01,1,bootstrap_heartbeat_receive,1782872154686,hs1-pr100/repeat-01/hs1-pr100/node-1.log,152,E20260701 02:15:54.686836   286 consensus_manager.cpp:264] CHATAY_HS1_COLD_START heartbeat_receive_enter ts_ms=1782872154686 self=1
hs1-pr100,repeat-01,1,bootstrap_heartbeat_receive,1782872154686,hs1-pr100/repeat-01/hs1-pr100/node-1.log,153,E20260701 02:15:54.686837   285 consensus_manager.cpp:264] CHATAY_HS1_COLD_START heartbeat_receive_enter ts_ms=1782872154686 self=1
hs1-pr100,repeat-01,1,bootstrap_heartbeat_receive,1782872154686,hs1-pr100/repeat-01/hs1-pr100/node-1.log,154,E20260701 02:15:54.686831   284 consensus_manager.cpp:264] CHATAY_HS1_COLD_START heartbeat_receive_enter ts_ms=1782872154686 self=1
hs1-pr100,repeat-01,1,hs1_consensus_commit,20260701 02:15:54.684476,hs1-pr100/repeat-01/hs1-pr100/node-1.log,155,E20260701 02:15:54.684476   281 consensus.cpp:109] CHATAY_HS1_TRACE consensus_commit self=1 request_type=TYPE_NONE sender=0 proxy=0 data_size=6
hs1-pr100,repeat-01,1,bootstrap_heartbeat_receive,1782872154686,hs1-pr100/repeat-01/hs1-pr100/node-1.log,156,E20260701 02:15:54.686925   289 consensus_manager.cpp:264] CHATAY_HS1_COLD_START heartbeat_receive_enter ts_ms=1782872154686 self=1
hs1-pr100,repeat-01,1,bootstrap_heartbeat_receive,1782872154686,hs1-pr100/repeat-01/hs1-pr100/node-1.log,158,E20260701 02:15:54.686923   291 consensus_manager.cpp:264] CHATAY_HS1_COLD_START heartbeat_receive_enter ts_ms=1782872154686 self=1
hs1-pr100,repeat-01,1,bootstrap_heartbeat_receive,1782872154686,hs1-pr100/repeat-01/hs1-pr100/node-1.log,161,E20260701 02:15:54.686952   290 consensus_manager.cpp:264] CHATAY_HS1_COLD_START heartbeat_receive_enter ts_ms=1782872154686 self=1
hs1-pr100,repeat-01,1,bootstrap_heartbeat_receive,1782872154686,hs1-pr100/repeat-01/hs1-pr100/node-1.log,162,E20260701 02:15:54.686957   280 consensus_manager.cpp:264] CHATAY_HS1_COLD_START heartbeat_receive_enter ts_ms=1782872154686 self=1
hs1-pr100,repeat-01,1,bootstrap_heartbeat_receive,1782872154686,hs1-pr100/repeat-01/hs1-pr100/node-1.log,167,E20260701 02:15:54.686931   288 consensus_manager.cpp:264] CHATAY_HS1_COLD_START heartbeat_receive_enter ts_ms=1782872154686 self=1
hs1-pr100,repeat-01,1,hs1_consensus_commit,20260701 02:15:54.702186,hs1-pr100/repeat-01/hs1-pr100/node-1.log,172,E20260701 02:15:54.702186   281 consensus.cpp:109] CHATAY_HS1_TRACE consensus_commit self=1 request_type=TYPE_NONE sender=0 proxy=0 data_size=6
hs1-pr100,repeat-01,1,bootstrap_heartbeat_receive,1782872155900,hs1-pr100/repeat-01/hs1-pr100/node-1.log,184,E20260701 02:15:55.900954   296 consensus_manager.cpp:264] CHATAY_HS1_COLD_START heartbeat_receive_enter ts_ms=1782872155900 self=1
hs1-pr100,repeat-01,1,bootstrap_heartbeat_receive,1782872155900,hs1-pr100/repeat-01/hs1-pr100/node-1.log,185,E20260701 02:15:55.900954   283 consensus_manager.cpp:264] CHATAY_HS1_COLD_START heartbeat_receive_enter ts_ms=1782872155900 self=1
hs1-pr100,repeat-01,1,bootstrap_heartbeat_receive,1782872155900,hs1-pr100/repeat-01/hs1-pr100/node-1.log,186,E20260701 02:15:55.900964   293 consensus_manager.cpp:264] CHATAY_HS1_COLD_START heartbeat_receive_enter ts_ms=1782872155900 self=1
hs1-pr100,repeat-01,1,bootstrap_heartbeat_send,1782872155903,hs1-pr100/repeat-01/hs1-pr100/node-1.log,189,E20260701 02:15:55.903263   294 consensus_manager.cpp:147] CHATAY_HS1_COLD_START heartbeat_send_start ts_ms=1782872155903 self=1 known_public_keys=1 all_replicas=4 current_ready=0
hs1-pr100,repeat-01,1,bootstrap_heartbeat_receive,1782872155903,hs1-pr100/repeat-01/hs1-pr100/node-1.log,193,E20260701 02:15:55.903648   281 consensus_manager.cpp:264] CHATAY_HS1_COLD_START heartbeat_receive_enter ts_ms=1782872155903 self=1
hs1-pr100,repeat-01,1,bootstrap_heartbeat_receive,1782872156381,hs1-pr100/repeat-01/hs1-pr100/node-1.log,202,E20260701 02:15:56.381103   292 consensus_manager.cpp:264] CHATAY_HS1_COLD_START heartbeat_receive_enter ts_ms=1782872156381 self=1
hs1-pr100,repeat-01,1,bootstrap_heartbeat_receive,1782872157983,hs1-pr100/repeat-01/hs1-pr100/node-1.log,204,E20260701 02:15:57.983413   294 consensus_manager.cpp:264] CHATAY_HS1_COLD_START heartbeat_receive_enter ts_ms=1782872157983 self=1
hs1-pr100,repeat-01,1,bootstrap_heartbeat_receive,1782872157983,hs1-pr100/repeat-01/hs1-pr100/node-1.log,207,E20260701 02:15:57.983645   282 consensus_manager.cpp:264] CHATAY_HS1_COLD_START heartbeat_receive_enter ts_ms=1782872157983 self=1
hs1-pr100,repeat-01,1,bootstrap_heartbeat_send,1782872157983,hs1-pr100/repeat-01/hs1-pr100/node-1.log,208,E20260701 02:15:57.983747   287 consensus_manager.cpp:147] CHATAY_HS1_COLD_START heartbeat_send_start ts_ms=1782872157983 self=1 known_public_keys=2 all_replicas=4 current_ready=0
hs1-pr100,repeat-01,1,bootstrap_heartbeat_receive,1782872161117,hs1-pr100/repeat-01/hs1-pr100/node-1.log,216,E20260701 02:16:01.117730   287 consensus_manager.cpp:264] CHATAY_HS1_COLD_START heartbeat_receive_enter ts_ms=1782872161117 self=1
hs1-pr100,repeat-01,1,bootstrap_heartbeat_send,1782872161117,hs1-pr100/repeat-01/hs1-pr100/node-1.log,223,E20260701 02:16:01.117978   285 consensus_manager.cpp:147] CHATAY_HS1_COLD_START heartbeat_send_start ts_ms=1782872161117 self=1 known_public_keys=3 all_replicas=4 current_ready=0
hs1-pr100,repeat-01,1,hs1_consensus_commit,20260701 02:16:01.118039,hs1-pr100/repeat-01/hs1-pr100/node-1.log,227,E20260701 02:16:01.118039   287 consensus.cpp:109] CHATAY_HS1_TRACE consensus_commit self=1 request_type=TYPE_NONE sender=0 proxy=0 data_size=6
hs1-pr100,repeat-01,1,bootstrap_heartbeat_receive,1782872161118,hs1-pr100/repeat-01/hs1-pr100/node-1.log,231,E20260701 02:16:01.118075   287 consensus_manager.cpp:264] CHATAY_HS1_COLD_START heartbeat_receive_enter ts_ms=1782872161118 self=1
hs1-pr100,repeat-01,1,bootstrap_heartbeat_receive,1782872161128,hs1-pr100/repeat-01/hs1-pr100/node-1.log,234,E20260701 02:16:01.128487   285 consensus_manager.cpp:264] CHATAY_HS1_COLD_START heartbeat_receive_enter ts_ms=1782872161128 self=1
hs1-pr100,repeat-01,1,bootstrap_heartbeat_send,1782872161128,hs1-pr100/repeat-01/hs1-pr100/node-1.log,235,E20260701 02:16:01.128633   284 consensus_manager.cpp:147] CHATAY_HS1_COLD_START heartbeat_send_start ts_ms=1782872161128 self=1 known_public_keys=4 all_replicas=4 current_ready=0
hs1-pr100,repeat-01,1,bootstrap_heartbeat_receive,1782872161139,hs1-pr100/repeat-01/hs1-pr100/node-1.log,240,E20260701 02:16:01.139199   284 consensus_manager.cpp:264] CHATAY_HS1_COLD_START heartbeat_receive_enter ts_ms=1782872161139 self=1
hs1-pr100,repeat-01,1,bootstrap_heartbeat_receive,1782872161139,hs1-pr100/repeat-01/hs1-pr100/node-1.log,247,E20260701 02:16:01.139420   289 consensus_manager.cpp:264] CHATAY_HS1_COLD_START heartbeat_receive_enter ts_ms=1782872161139 self=1
hs1-pr100,repeat-01,1,bootstrap_heartbeat_receive,1782872161139,hs1-pr100/repeat-01/hs1-pr100/node-1.log,249,E20260701 02:16:01.139544   291 consensus_manager.cpp:264] CHATAY_HS1_COLD_START heartbeat_receive_enter ts_ms=1782872161139 self=1
hs1-pr100,repeat-01,1,bootstrap_heartbeat_receive,1782872161139,hs1-pr100/repeat-01/hs1-pr100/node-1.log,251,E20260701 02:16:01.139649   290 consensus_manager.cpp:264] CHATAY_HS1_COLD_START heartbeat_receive_enter ts_ms=1782872161139 self=1
hs1-pr100,repeat-01,1,bootstrap_heartbeat_receive,1782872161139,hs1-pr100/repeat-01/hs1-pr100/node-1.log,252,E20260701 02:16:01.139798   280 consensus_manager.cpp:264] CHATAY_HS1_COLD_START heartbeat_receive_enter ts_ms=1782872161139 self=1
hs1-pr100,repeat-01,1,bootstrap_heartbeat_send,1782872161139,hs1-pr100/repeat-01/hs1-pr100/node-1.log,254,E20260701 02:16:01.139921   288 consensus_manager.cpp:147] CHATAY_HS1_COLD_START heartbeat_send_start ts_ms=1782872161139 self=1 known_public_keys=5 all_replicas=4 current_ready=0
hs1-pr100,repeat-01,1,bootstrap_heartbeat_receive,1782872161150,hs1-pr100/repeat-01/hs1-pr100/node-1.log,260,E20260701 02:16:01.150449   288 consensus_manager.cpp:264] CHATAY_HS1_COLD_START heartbeat_receive_enter ts_ms=1782872161150 self=1
hs1-pr100,repeat-01,1,bootstrap_heartbeat_receive,1782872161150,hs1-pr100/repeat-01/hs1-pr100/node-1.log,261,E20260701 02:16:01.150610   296 consensus_manager.cpp:264] CHATAY_HS1_COLD_START heartbeat_receive_enter ts_ms=1782872161150 self=1
hs1-pr100,repeat-01,1,bootstrap_heartbeat_receive,1782872161150,hs1-pr100/repeat-01/hs1-pr100/node-1.log,264,E20260701 02:16:01.150734   296 consensus_manager.cpp:264] CHATAY_HS1_COLD_START heartbeat_receive_enter ts_ms=1782872161150 self=1
hs1-pr100,repeat-01,1,bootstrap_heartbeat_receive,1782872161150,hs1-pr100/repeat-01/hs1-pr100/node-1.log,265,E20260701 02:16:01.150868   293 consensus_manager.cpp:264] CHATAY_HS1_COLD_START heartbeat_receive_enter ts_ms=1782872161150 self=1
hs1-pr100,repeat-01,1,bootstrap_heartbeat_receive,1782872161151,hs1-pr100/repeat-01/hs1-pr100/node-1.log,268,E20260701 02:16:01.151026   281 consensus_manager.cpp:264] CHATAY_HS1_COLD_START heartbeat_receive_enter ts_ms=1782872161151 self=1
hs1-pr100,repeat-01,1,bootstrap_heartbeat_receive,1782872161151,hs1-pr100/repeat-01/hs1-pr100/node-1.log,269,E20260701 02:16:01.151124   292 consensus_manager.cpp:264] CHATAY_HS1_COLD_START heartbeat_receive_enter ts_ms=1782872161151 self=1
hs1-pr100,repeat-01,1,bootstrap_heartbeat_send,1782872161151,hs1-pr100/repeat-01/hs1-pr100/node-1.log,270,E20260701 02:16:01.151126    72 consensus_manager.cpp:147] CHATAY_HS1_COLD_START heartbeat_send_start ts_ms=1782872161151 self=1 known_public_keys=5 all_replicas=4 current_ready=0
hs1-pr100,repeat-01,1,bootstrap_heartbeat_receive,1782872161161,hs1-pr100/repeat-01/hs1-pr100/node-1.log,277,E20260701 02:16:01.161744   294 consensus_manager.cpp:264] CHATAY_HS1_COLD_START heartbeat_receive_enter ts_ms=1782872161161 self=1
hs1-pr100,repeat-01,1,bootstrap_heartbeat_receive,1782872161161,hs1-pr100/repeat-01/hs1-pr100/node-1.log,278,E20260701 02:16:01.161962   282 consensus_manager.cpp:264] CHATAY_HS1_COLD_START heartbeat_receive_enter ts_ms=1782872161161 self=1
hs1-pr100,repeat-01,1,bootstrap_heartbeat_receive,1782872161162,hs1-pr100/repeat-01/hs1-pr100/node-1.log,280,E20260701 02:16:01.162091   286 consensus_manager.cpp:264] CHATAY_HS1_COLD_START heartbeat_receive_enter ts_ms=1782872161162 self=1
hs1-pr100,repeat-01,1,bootstrap_heartbeat_receive,1782872161162,hs1-pr100/repeat-01/hs1-pr100/node-1.log,282,E20260701 02:16:01.162359   287 consensus_manager.cpp:264] CHATAY_HS1_COLD_START heartbeat_receive_enter ts_ms=1782872161162 self=1
hs1-pr100,repeat-01,1,hs1_consensus_commit,20260701 02:16:01.162536,hs1-pr100/repeat-01/hs1-pr100/node-1.log,285,E20260701 02:16:01.162536   285 consensus.cpp:109] CHATAY_HS1_TRACE consensus_commit self=1 request_type=TYPE_NONE sender=0 proxy=0 data_size=6
hs1-pr100,repeat-01,1,bootstrap_heartbeat_receive,1782872161162,hs1-pr100/repeat-01/hs1-pr100/node-1.log,292,E20260701 02:16:01.162693   284 consensus_manager.cpp:264] CHATAY_HS1_COLD_START heartbeat_receive_enter ts_ms=1782872161162 self=1
hs1-pr100,repeat-01,1,readiness,1782872161163,hs1-pr100/repeat-01/hs1-pr100/node-1.log,294,E20260701 02:16:01.163062   284 consensus_manager.cpp:343] CHATAY_HS1_COLD_START readiness_reached ts_ms=1782872161163 self=1 replica_num=4 quorum=3 sender=5
hs1-pr100,repeat-01,1,readiness,20260701 02:16:01.163069,hs1-pr100/repeat-01/hs1-pr100/node-1.log,295,E20260701 02:16:01.163069   284 consensus_manager.cpp:349] ============ Server 1 is ready =====================
hs1-pr100,repeat-01,1,bootstrap_heartbeat_receive,1782872161163,hs1-pr100/repeat-01/hs1-pr100/node-1.log,296,E20260701 02:16:01.163116   284 consensus_manager.cpp:264] CHATAY_HS1_COLD_START heartbeat_receive_enter ts_ms=1782872161163 self=1
hs1-pr100,repeat-01,1,bootstrap_heartbeat_receive,1782872161163,hs1-pr100/repeat-01/hs1-pr100/node-1.log,298,E20260701 02:16:01.163534   284 consensus_manager.cpp:264] CHATAY_HS1_COLD_START heartbeat_receive_enter ts_ms=1782872161163 self=1
hs1-pr100,repeat-01,1,bootstrap_heartbeat_receive,1782872161163,hs1-pr100/repeat-01/hs1-pr100/node-1.log,300,E20260701 02:16:01.163808   284 consensus_manager.cpp:264] CHATAY_HS1_COLD_START heartbeat_receive_enter ts_ms=1782872161163 self=1
hs1-pr100,repeat-01,1,bootstrap_heartbeat_receive,1782872161164,hs1-pr100/repeat-01/hs1-pr100/node-1.log,302,E20260701 02:16:01.164016   284 consensus_manager.cpp:264] CHATAY_HS1_COLD_START heartbeat_receive_enter ts_ms=1782872161164 self=1
hs1-pr100,repeat-01,1,bootstrap_heartbeat_receive,1782872161164,hs1-pr100/repeat-01/hs1-pr100/node-1.log,304,E20260701 02:16:01.164441   284 consensus_manager.cpp:264] CHATAY_HS1_COLD_START heartbeat_receive_enter ts_ms=1782872161164 self=1
hs1-pr100,repeat-01,1,bootstrap_heartbeat_receive,1782872161164,hs1-pr100/repeat-01/hs1-pr100/node-1.log,306,E20260701 02:16:01.164710   284 consensus_manager.cpp:264] CHATAY_HS1_COLD_START heartbeat_receive_enter ts_ms=1782872161164 self=1
hs1-pr100,repeat-01,1,bootstrap_heartbeat_receive,1782872161165,hs1-pr100/repeat-01/hs1-pr100/node-1.log,308,E20260701 02:16:01.165066   284 consensus_manager.cpp:264] CHATAY_HS1_COLD_START heartbeat_receive_enter ts_ms=1782872161165 self=1
hs1-pr100,repeat-01,1,bootstrap_heartbeat_receive,1782872161165,hs1-pr100/repeat-01/hs1-pr100/node-1.log,310,E20260701 02:16:01.165467   284 consensus_manager.cpp:264] CHATAY_HS1_COLD_START heartbeat_receive_enter ts_ms=1782872161165 self=1
hs1-pr100,repeat-01,1,bootstrap_heartbeat_receive,1782872161165,hs1-pr100/repeat-01/hs1-pr100/node-1.log,312,E20260701 02:16:01.165815   284 consensus_manager.cpp:264] CHATAY_HS1_COLD_START heartbeat_receive_enter ts_ms=1782872161165 self=1
hs1-pr100,repeat-01,1,bootstrap_heartbeat_receive,1782872161166,hs1-pr100/repeat-01/hs1-pr100/node-1.log,314,E20260701 02:16:01.166234   284 consensus_manager.cpp:264] CHATAY_HS1_COLD_START heartbeat_receive_enter ts_ms=1782872161166 self=1
hs1-pr100,repeat-01,1,bootstrap_heartbeat_receive,1782872161166,hs1-pr100/repeat-01/hs1-pr100/node-1.log,316,E20260701 02:16:01.166672   284 consensus_manager.cpp:264] CHATAY_HS1_COLD_START heartbeat_receive_enter ts_ms=1782872161166 self=1
hs1-pr100,repeat-01,1,bootstrap_heartbeat_receive,1782872161167,hs1-pr100/repeat-01/hs1-pr100/node-1.log,318,E20260701 02:16:01.167085   284 consensus_manager.cpp:264] CHATAY_HS1_COLD_START heartbeat_receive_enter ts_ms=1782872161167 self=1
hs1-pr100,repeat-01,1,hs1_consensus_commit,20260701 02:16:01.409760,hs1-pr100/repeat-01/hs1-pr100/node-1.log,335,E20260701 02:16:01.409760   282 consensus.cpp:109] CHATAY_HS1_TRACE consensus_commit self=1 request_type=TYPE_NEW_TXNS sender=5 proxy=5 data_size=172
hs1-pr100,repeat-01,1,hs1_consensus_commit,20260701 02:16:01.412323,hs1-pr100/repeat-01/hs1-pr100/node-1.log,343,E20260701 02:16:01.412323   285 consensus.cpp:109] CHATAY_HS1_TRACE consensus_commit self=1 request_type=TYPE_NONE sender=0 proxy=0 data_size=228
hs1-pr100,repeat-01,1,hs1_prepare_vote,20260701 02:16:01.412426,hs1-pr100/repeat-01/hs1-pr100/node-1.log,347,E20260701 02:16:01.412426   285 commitment.cpp:777] CHATAY_HS1_TRACE replica_send_vote self=1 vote_type=TYPE_PREPARE_VOTE source_type=TYPE_PREPARE target_primary=2 view=1 data_size=298
hs1-pr100,repeat-01,1,hs1_consensus_commit,20260701 02:16:01.473088,hs1-pr100/repeat-01/hs1-pr100/node-1.log,348,E20260701 02:16:01.473088   280 consensus.cpp:109] CHATAY_HS1_TRACE consensus_commit self=1 request_type=TYPE_NONE sender=0 proxy=0 data_size=441
hs1-pr100,repeat-01,1,hs1_precommit_vote,20260701 02:16:01.473296,hs1-pr100/repeat-01/hs1-pr100/node-1.log,351,E20260701 02:16:01.473296   280 commitment.cpp:777] CHATAY_HS1_TRACE replica_send_vote self=1 vote_type=TYPE_PRECOMMIT_VOTE source_type=TYPE_PRECOMMIT target_primary=3 view=1 data_size=731
hs1-pr100,repeat-01,1,hs1_consensus_commit,20260701 02:16:01.533955,hs1-pr100/repeat-01/hs1-pr100/node-1.log,352,E20260701 02:16:01.533955   288 consensus.cpp:109] CHATAY_HS1_TRACE consensus_commit self=1 request_type=TYPE_NONE sender=0 proxy=0 data_size=441
hs1-pr100,repeat-01,1,hs1_commit_vote,20260701 02:16:01.534298,hs1-pr100/repeat-01/hs1-pr100/node-1.log,355,E20260701 02:16:01.534298   288 commitment.cpp:777] CHATAY_HS1_TRACE replica_send_vote self=1 vote_type=TYPE_COMMIT_VOTE source_type=TYPE_COMMIT target_primary=4 view=1 data_size=731
hs1-pr100,repeat-01,1,hs1_consensus_commit,20260701 02:16:01.594705,hs1-pr100/repeat-01/hs1-pr100/node-1.log,356,E20260701 02:16:01.594705   296 consensus.cpp:109] CHATAY_HS1_TRACE consensus_commit self=1 request_type=TYPE_NONE sender=0 proxy=0 data_size=441
hs1-pr100,repeat-01,1,bootstrap_heartbeat_send,1782872162161,hs1-pr100/repeat-01/hs1-pr100/node-1.log,366,E20260701 02:16:02.161718    72 consensus_manager.cpp:147] CHATAY_HS1_COLD_START heartbeat_send_start ts_ms=1782872162161 self=1 known_public_keys=5 all_replicas=4 current_ready=1
hs1-pr100,repeat-01,1,bootstrap_heartbeat_receive,1782872162162,hs1-pr100/repeat-01/hs1-pr100/node-1.log,370,E20260701 02:16:02.162304   290 consensus_manager.cpp:264] CHATAY_HS1_COLD_START heartbeat_receive_enter ts_ms=1782872162162 self=1
hs1-pr100,repeat-01,1,bootstrap_heartbeat_receive,1782872162177,hs1-pr100/repeat-01/hs1-pr100/node-1.log,373,E20260701 02:16:02.177742   288 consensus_manager.cpp:264] CHATAY_HS1_COLD_START heartbeat_receive_enter ts_ms=1782872162177 self=1
hs1-pr100,repeat-01,1,hs1_consensus_commit,20260701 02:16:02.412966,hs1-pr100/repeat-01/hs1-pr100/node-1.log,375,E20260701 02:16:02.412966   285 consensus.cpp:109] CHATAY_HS1_TRACE consensus_commit self=1 request_type=TYPE_NEW_TXNS sender=5 proxy=5 data_size=96
hs1-pr100,repeat-01,1,hs1_consensus_commit,20260701 02:16:02.418777,hs1-pr100/repeat-01/hs1-pr100/node-1.log,389,E20260701 02:16:02.418777   294 consensus.cpp:109] CHATAY_HS1_TRACE consensus_commit self=1 request_type=TYPE_NONE sender=0 proxy=0 data_size=618
hs1-pr100,repeat-01,1,hs1_prepare_vote,20260701 02:16:02.418860,hs1-pr100/repeat-01/hs1-pr100/node-1.log,393,E20260701 02:16:02.418860   294 commitment.cpp:777] CHATAY_HS1_TRACE replica_send_vote self=1 vote_type=TYPE_PREPARE_VOTE source_type=TYPE_PREPARE target_primary=2 view=5 data_size=690
hs1-pr100,repeat-01,1,hs1_consensus_commit,20260701 02:16:02.469431,hs1-pr100/repeat-01/hs1-pr100/node-1.log,394,E20260701 02:16:02.469431   291 consensus.cpp:109] CHATAY_HS1_TRACE consensus_commit self=1 request_type=TYPE_NONE sender=0 proxy=0 data_size=400
hs1-pr100,repeat-01,1,hs1_precommit_vote,20260701 02:16:02.469630,hs1-pr100/repeat-01/hs1-pr100/node-1.log,397,E20260701 02:16:02.469630   291 commitment.cpp:777] CHATAY_HS1_TRACE replica_send_vote self=1 vote_type=TYPE_PRECOMMIT_VOTE source_type=TYPE_PRECOMMIT target_primary=3 view=5 data_size=649
hs1-pr100,repeat-01,1,hs1_consensus_commit,20260701 02:16:02.487902,hs1-pr100/repeat-01/hs1-pr100/node-1.log,398,E20260701 02:16:02.487902   288 consensus.cpp:109] CHATAY_HS1_TRACE consensus_commit self=1 request_type=TYPE_NONE sender=0 proxy=0 data_size=470
hs1-pr100,repeat-01,1,hs1_commit_vote,20260701 02:16:02.488171,hs1-pr100/repeat-01/hs1-pr100/node-1.log,401,E20260701 02:16:02.488171   288 commitment.cpp:777] CHATAY_HS1_TRACE replica_send_vote self=1 vote_type=TYPE_COMMIT_VOTE source_type=TYPE_COMMIT target_primary=4 view=5 data_size=719
hs1-pr100,repeat-01,1,hs1_consensus_commit,20260701 02:16:02.549180,hs1-pr100/repeat-01/hs1-pr100/node-1.log,402,E20260701 02:16:02.549180   288 consensus.cpp:109] CHATAY_HS1_TRACE consensus_commit self=1 request_type=TYPE_NONE sender=0 proxy=0 data_size=400
hs1-pr100,repeat-01,2,config_load,1782872146172,hs1-pr100/repeat-01/hs1-pr100/node-2.log,4,E20260701 02:15:46.172237    74 resdb_config_utils.cpp:198] CHATAY_HS1_COLD_START generate_resdb_config_start ts_ms=1782872146172 config_file=/work/config/server/server.config private_key_file=/work/cert/node2.key.pri cert_file=/work/cert/cert_2.cert
hs1-pr100,repeat-01,2,config_load,1782872146172,hs1-pr100/repeat-01/hs1-pr100/node-2.log,5,E20260701 02:15:46.172240    74 resdb_config_utils.cpp:133] CHATAY_HS1_COLD_START read_config_start ts_ms=1782872146172 file=/work/config/server/server.config
hs1-pr100,repeat-01,2,config_load,1782872146172,hs1-pr100/repeat-01/hs1-pr100/node-2.log,6,E20260701 02:15:46.172840    74 resdb_config_utils.cpp:154] CHATAY_HS1_COLD_START read_config_finish ts_ms=1782872146172 duration_ms=0 file=/work/config/server/server.config bytes=292 regions=1
hs1-pr100,repeat-01,2,key_cert_load,1782872146172,hs1-pr100/repeat-01/hs1-pr100/node-2.log,7,E20260701 02:15:46.172855    74 resdb_config_utils.cpp:49] CHATAY_HS1_COLD_START read_private_key_start ts_ms=1782872146172 file=/work/cert/node2.key.pri
hs1-pr100,repeat-01,2,key_cert_load,1782872146172,hs1-pr100/repeat-01/hs1-pr100/node-2.log,8,E20260701 02:15:46.172868    74 resdb_config_utils.cpp:71] CHATAY_HS1_COLD_START read_private_key_finish ts_ms=1782872146172 duration_ms=0 file=/work/cert/node2.key.pri bytes=36 hash_type=2
hs1-pr100,repeat-01,2,key_cert_load,1782872146172,hs1-pr100/repeat-01/hs1-pr100/node-2.log,9,E20260701 02:15:46.172871    74 resdb_config_utils.cpp:82] CHATAY_HS1_COLD_START read_cert_start ts_ms=1782872146172 file=/work/cert/cert_2.cert
hs1-pr100,repeat-01,2,key_cert_load,1782872146172,hs1-pr100/repeat-01/hs1-pr100/node-2.log,10,E20260701 02:15:46.172880    74 resdb_config_utils.cpp:104] CHATAY_HS1_COLD_START read_cert_finish ts_ms=1782872146172 duration_ms=0 file=/work/cert/cert_2.cert bytes=167 node_id=2 type=0
hs1-pr100,repeat-01,2,key_cert_load,1782872146172,hs1-pr100/repeat-01/hs1-pr100/node-2.log,11,E20260701 02:15:46.172883    74 resdb_config_utils.cpp:207] CHATAY_HS1_COLD_START key_cert_loaded ts_ms=1782872146172 node_id=2 public_key_hash_type=2 private_key_hash_type=2
hs1-pr100,repeat-01,2,config_load,1782872146172,hs1-pr100/repeat-01/hs1-pr100/node-2.log,12,E20260701 02:15:46.172887    74 resdb_config_utils.cpp:231] CHATAY_HS1_COLD_START generate_resdb_config_finish ts_ms=1782872146172 duration_ms=0 self=2 custom_gen=0
hs1-pr100,repeat-01,2,network_start,1782872146179,hs1-pr100/repeat-01/hs1-pr100/node-2.log,47,E20260701 02:15:46.179538    74 service_network.cpp:50] CHATAY_HS1_COLD_START service_network_ctor_start ts_ms=1782872146179 self=2 port=25112
hs1-pr100,repeat-01,2,bootstrap_heartbeat_send,1782872146180,hs1-pr100/repeat-01/hs1-pr100/node-2.log,65,E20260701 02:15:46.180085   105 consensus_manager.cpp:147] CHATAY_HS1_COLD_START heartbeat_send_start ts_ms=1782872146180 self=2 known_public_keys=1 all_replicas=4 current_ready=0
hs1-pr100,repeat-01,2,bootstrap_heartbeat_send,1782872147190,hs1-pr100/repeat-01/hs1-pr100/node-2.log,83,E20260701 02:15:47.190477   105 consensus_manager.cpp:147] CHATAY_HS1_COLD_START heartbeat_send_start ts_ms=1782872147190 self=2 known_public_keys=1 all_replicas=4 current_ready=0
hs1-pr100,repeat-01,2,bootstrap_heartbeat_send,1782872148200,hs1-pr100/repeat-01/hs1-pr100/node-2.log,94,E20260701 02:15:48.200877   105 consensus_manager.cpp:147] CHATAY_HS1_COLD_START heartbeat_send_start ts_ms=1782872148200 self=2 known_public_keys=1 all_replicas=4 current_ready=0
hs1-pr100,repeat-01,2,bootstrap_heartbeat_send,1782872149211,hs1-pr100/repeat-01/hs1-pr100/node-2.log,99,E20260701 02:15:49.211278   105 consensus_manager.cpp:147] CHATAY_HS1_COLD_START heartbeat_send_start ts_ms=1782872149211 self=2 known_public_keys=1 all_replicas=4 current_ready=0
hs1-pr100,repeat-01,2,network_start,1782872156181,hs1-pr100/repeat-01/hs1-pr100/node-2.log,123,E20260701 02:15:56.181313    74 service_network.cpp:143] CHATAY_HS1_COLD_START service_network_service_started ts_ms=1782872156181 self=2
hs1-pr100,repeat-01,2,network_start,1782872156181,hs1-pr100/repeat-01/hs1-pr100/node-2.log,125,E20260701 02:15:56.181414    74 service_network.cpp:151] CHATAY_HS1_COLD_START service_network_acceptor_run_enter ts_ms=1782872156181 self=2
hs1-pr100,repeat-01,2,bootstrap_heartbeat_receive,1782872156182,hs1-pr100/repeat-01/hs1-pr100/node-2.log,129,E20260701 02:15:56.182214   314 consensus_manager.cpp:264] CHATAY_HS1_COLD_START heartbeat_receive_enter ts_ms=1782872156182 self=2
hs1-pr100,repeat-01,2,bootstrap_heartbeat_receive,1782872156182,hs1-pr100/repeat-01/hs1-pr100/node-2.log,130,E20260701 02:15:56.182221   331 consensus_manager.cpp:264] CHATAY_HS1_COLD_START heartbeat_receive_enter ts_ms=1782872156182 self=2
hs1-pr100,repeat-01,2,bootstrap_heartbeat_receive,1782872156182,hs1-pr100/repeat-01/hs1-pr100/node-2.log,131,E20260701 02:15:56.182273   332 consensus_manager.cpp:264] CHATAY_HS1_COLD_START heartbeat_receive_enter ts_ms=1782872156182 self=2
hs1-pr100,repeat-01,2,bootstrap_heartbeat_receive,1782872156182,hs1-pr100/repeat-01/hs1-pr100/node-2.log,132,E20260701 02:15:56.182363   315 consensus_manager.cpp:264] CHATAY_HS1_COLD_START heartbeat_receive_enter ts_ms=1782872156182 self=2
hs1-pr100,repeat-01,2,bootstrap_heartbeat_receive,1782872156182,hs1-pr100/repeat-01/hs1-pr100/node-2.log,133,E20260701 02:15:56.182364   313 consensus_manager.cpp:264] CHATAY_HS1_COLD_START heartbeat_receive_enter ts_ms=1782872156182 self=2
hs1-pr100,repeat-01,2,bootstrap_heartbeat_receive,1782872156182,hs1-pr100/repeat-01/hs1-pr100/node-2.log,134,E20260701 02:15:56.182430   319 consensus_manager.cpp:264] CHATAY_HS1_COLD_START heartbeat_receive_enter ts_ms=1782872156182 self=2
hs1-pr100,repeat-01,2,bootstrap_heartbeat_receive,1782872156182,hs1-pr100/repeat-01/hs1-pr100/node-2.log,135,E20260701 02:15:56.182523   318 consensus_manager.cpp:264] CHATAY_HS1_COLD_START heartbeat_receive_enter ts_ms=1782872156182 self=2
hs1-pr100,repeat-01,2,bootstrap_heartbeat_receive,1782872156182,hs1-pr100/repeat-01/hs1-pr100/node-2.log,136,E20260701 02:15:56.182575   312 consensus_manager.cpp:264] CHATAY_HS1_COLD_START heartbeat_receive_enter ts_ms=1782872156182 self=2
hs1-pr100,repeat-01,2,bootstrap_heartbeat_receive,1782872156182,hs1-pr100/repeat-01/hs1-pr100/node-2.log,137,E20260701 02:15:56.182621   323 consensus_manager.cpp:264] CHATAY_HS1_COLD_START heartbeat_receive_enter ts_ms=1782872156182 self=2
hs1-pr100,repeat-01,2,bootstrap_heartbeat_receive,1782872156182,hs1-pr100/repeat-01/hs1-pr100/node-2.log,138,E20260701 02:15:56.182639   317 consensus_manager.cpp:264] CHATAY_HS1_COLD_START heartbeat_receive_enter ts_ms=1782872156182 self=2
hs1-pr100,repeat-01,2,bootstrap_heartbeat_receive,1782872156182,hs1-pr100/repeat-01/hs1-pr100/node-2.log,139,E20260701 02:15:56.182662   320 consensus_manager.cpp:264] CHATAY_HS1_COLD_START heartbeat_receive_enter ts_ms=1782872156182 self=2
hs1-pr100,repeat-01,2,bootstrap_heartbeat_receive,1782872156182,hs1-pr100/repeat-01/hs1-pr100/node-2.log,140,E20260701 02:15:56.182677   322 consensus_manager.cpp:264] CHATAY_HS1_COLD_START heartbeat_receive_enter ts_ms=1782872156182 self=2
hs1-pr100,repeat-01,2,bootstrap_heartbeat_receive,1782872156381,hs1-pr100/repeat-01/hs1-pr100/node-2.log,141,E20260701 02:15:56.381294   325 consensus_manager.cpp:264] CHATAY_HS1_COLD_START heartbeat_receive_enter ts_ms=1782872156381 self=2
hs1-pr100,repeat-01,2,bootstrap_heartbeat_receive,1782872156461,hs1-pr100/repeat-01/hs1-pr100/node-2.log,142,E20260701 02:15:56.461246   321 consensus_manager.cpp:264] CHATAY_HS1_COLD_START heartbeat_receive_enter ts_ms=1782872156461 self=2
hs1-pr100,repeat-01,2,bootstrap_heartbeat_receive,1782872156561,hs1-pr100/repeat-01/hs1-pr100/node-2.log,143,E20260701 02:15:56.561132   327 consensus_manager.cpp:264] CHATAY_HS1_COLD_START heartbeat_receive_enter ts_ms=1782872156561 self=2
hs1-pr100,repeat-01,2,bootstrap_heartbeat_receive,1782872156902,hs1-pr100/repeat-01/hs1-pr100/node-2.log,144,E20260701 02:15:56.902173   316 consensus_manager.cpp:264] CHATAY_HS1_COLD_START heartbeat_receive_enter ts_ms=1782872156902 self=2
hs1-pr100,repeat-01,2,bootstrap_heartbeat_send,1782872159503,hs1-pr100/repeat-01/hs1-pr100/node-2.log,147,E20260701 02:15:59.503288   314 consensus_manager.cpp:147] CHATAY_HS1_COLD_START heartbeat_send_start ts_ms=1782872159503 self=2 known_public_keys=2 all_replicas=4 current_ready=0
hs1-pr100,repeat-01,2,bootstrap_heartbeat_receive,1782872159513,hs1-pr100/repeat-01/hs1-pr100/node-2.log,152,E20260701 02:15:59.513957   314 consensus_manager.cpp:264] CHATAY_HS1_COLD_START heartbeat_receive_enter ts_ms=1782872159513 self=2
hs1-pr100,repeat-01,2,bootstrap_heartbeat_send,1782872159514,hs1-pr100/repeat-01/hs1-pr100/node-2.log,154,E20260701 02:15:59.514129   331 consensus_manager.cpp:147] CHATAY_HS1_COLD_START heartbeat_send_start ts_ms=1782872159514 self=2 known_public_keys=3 all_replicas=4 current_ready=0
hs1-pr100,repeat-01,2,bootstrap_heartbeat_receive,1782872159524,hs1-pr100/repeat-01/hs1-pr100/node-2.log,160,E20260701 02:15:59.524500   331 consensus_manager.cpp:264] CHATAY_HS1_COLD_START heartbeat_receive_enter ts_ms=1782872159524 self=2
hs1-pr100,repeat-01,2,bootstrap_heartbeat_send,1782872159524,hs1-pr100/repeat-01/hs1-pr100/node-2.log,161,E20260701 02:15:59.524600   332 consensus_manager.cpp:147] CHATAY_HS1_COLD_START heartbeat_send_start ts_ms=1782872159524 self=2 known_public_keys=3 all_replicas=4 current_ready=0
hs1-pr100,repeat-01,2,bootstrap_heartbeat_receive,1782872159535,hs1-pr100/repeat-01/hs1-pr100/node-2.log,167,E20260701 02:15:59.535120   332 consensus_manager.cpp:264] CHATAY_HS1_COLD_START heartbeat_receive_enter ts_ms=1782872159535 self=2
hs1-pr100,repeat-01,2,bootstrap_heartbeat_receive,1782872159535,hs1-pr100/repeat-01/hs1-pr100/node-2.log,169,E20260701 02:15:59.535300   315 consensus_manager.cpp:264] CHATAY_HS1_COLD_START heartbeat_receive_enter ts_ms=1782872159535 self=2
hs1-pr100,repeat-01,2,bootstrap_heartbeat_send,1782872159535,hs1-pr100/repeat-01/hs1-pr100/node-2.log,170,E20260701 02:15:59.535398   313 consensus_manager.cpp:147] CHATAY_HS1_COLD_START heartbeat_send_start ts_ms=1782872159535 self=2 known_public_keys=4 all_replicas=4 current_ready=0
hs1-pr100,repeat-01,2,bootstrap_heartbeat_receive,1782872159545,hs1-pr100/repeat-01/hs1-pr100/node-2.log,176,E20260701 02:15:59.545866   313 consensus_manager.cpp:264] CHATAY_HS1_COLD_START heartbeat_receive_enter ts_ms=1782872159545 self=2
hs1-pr100,repeat-01,2,bootstrap_heartbeat_receive,1782872159546,hs1-pr100/repeat-01/hs1-pr100/node-2.log,178,E20260701 02:15:59.546030   319 consensus_manager.cpp:264] CHATAY_HS1_COLD_START heartbeat_receive_enter ts_ms=1782872159546 self=2
hs1-pr100,repeat-01,2,bootstrap_heartbeat_receive,1782872159546,hs1-pr100/repeat-01/hs1-pr100/node-2.log,179,E20260701 02:15:59.546149   318 consensus_manager.cpp:264] CHATAY_HS1_COLD_START heartbeat_receive_enter ts_ms=1782872159546 self=2
hs1-pr100,repeat-01,2,readiness,1782872159546,hs1-pr100/repeat-01/hs1-pr100/node-2.log,181,E20260701 02:15:59.546306   318 consensus_manager.cpp:343] CHATAY_HS1_COLD_START readiness_reached ts_ms=1782872159546 self=2 replica_num=3 quorum=3 sender=2
hs1-pr100,repeat-01,2,readiness,20260701 02:15:59.546309,hs1-pr100/repeat-01/hs1-pr100/node-2.log,182,E20260701 02:15:59.546309   318 consensus_manager.cpp:349] ============ Server 2 is ready =====================
hs1-pr100,repeat-01,2,bootstrap_heartbeat_receive,1782872159546,hs1-pr100/repeat-01/hs1-pr100/node-2.log,183,E20260701 02:15:59.546361   318 consensus_manager.cpp:264] CHATAY_HS1_COLD_START heartbeat_receive_enter ts_ms=1782872159546 self=2
hs1-pr100,repeat-01,2,bootstrap_heartbeat_receive,1782872159546,hs1-pr100/repeat-01/hs1-pr100/node-2.log,185,E20260701 02:15:59.546561   318 consensus_manager.cpp:264] CHATAY_HS1_COLD_START heartbeat_receive_enter ts_ms=1782872159546 self=2
hs1-pr100,repeat-01,2,bootstrap_heartbeat_send,1782872159547,hs1-pr100/repeat-01/hs1-pr100/node-2.log,192,E20260701 02:15:59.547441   327 consensus_manager.cpp:147] CHATAY_HS1_COLD_START heartbeat_send_start ts_ms=1782872159547 self=2 known_public_keys=5 all_replicas=4 current_ready=1
hs1-pr100,repeat-01,2,bootstrap_heartbeat_receive,1782872159547,hs1-pr100/repeat-01/hs1-pr100/node-2.log,196,E20260701 02:15:59.547727   325 consensus_manager.cpp:264] CHATAY_HS1_COLD_START heartbeat_receive_enter ts_ms=1782872159547 self=2
hs1-pr100,repeat-01,2,bootstrap_heartbeat_receive,1782872159595,hs1-pr100/repeat-01/hs1-pr100/node-2.log,209,E20260701 02:15:59.595321   313 consensus_manager.cpp:264] CHATAY_HS1_COLD_START heartbeat_receive_enter ts_ms=1782872159595 self=2
hs1-pr100,repeat-01,2,bootstrap_heartbeat_receive,1782872159606,hs1-pr100/repeat-01/hs1-pr100/node-2.log,211,E20260701 02:15:59.606056   319 consensus_manager.cpp:264] CHATAY_HS1_COLD_START heartbeat_receive_enter ts_ms=1782872159606 self=2
hs1-pr100,repeat-01,2,bootstrap_heartbeat_receive,1782872159616,hs1-pr100/repeat-01/hs1-pr100/node-2.log,213,E20260701 02:15:59.616806   317 consensus_manager.cpp:264] CHATAY_HS1_COLD_START heartbeat_receive_enter ts_ms=1782872159616 self=2
hs1-pr100,repeat-01,2,bootstrap_heartbeat_receive,1782872159628,hs1-pr100/repeat-01/hs1-pr100/node-2.log,215,E20260701 02:15:59.628208   322 consensus_manager.cpp:264] CHATAY_HS1_COLD_START heartbeat_receive_enter ts_ms=1782872159628 self=2
hs1-pr100,repeat-01,2,bootstrap_heartbeat_receive,1782872159638,hs1-pr100/repeat-01/hs1-pr100/node-2.log,217,E20260701 02:15:59.638803   318 consensus_manager.cpp:264] CHATAY_HS1_COLD_START heartbeat_receive_enter ts_ms=1782872159638 self=2
hs1-pr100,repeat-01,2,bootstrap_heartbeat_send,1782872160503,hs1-pr100/repeat-01/hs1-pr100/node-2.log,219,E20260701 02:16:00.503300   105 consensus_manager.cpp:147] CHATAY_HS1_COLD_START heartbeat_send_start ts_ms=1782872160503 self=2 known_public_keys=5 all_replicas=4 current_ready=1
hs1-pr100,repeat-01,2,bootstrap_heartbeat_receive,1782872160503,hs1-pr100/repeat-01/hs1-pr100/node-2.log,223,E20260701 02:16:00.503664   322 consensus_manager.cpp:264] CHATAY_HS1_COLD_START heartbeat_receive_enter ts_ms=1782872160503 self=2
hs1-pr100,repeat-01,2,bootstrap_heartbeat_receive,1782872160595,hs1-pr100/repeat-01/hs1-pr100/node-2.log,226,E20260701 02:16:00.595359   331 consensus_manager.cpp:264] CHATAY_HS1_COLD_START heartbeat_receive_enter ts_ms=1782872160595 self=2
hs1-pr100,repeat-01,2,bootstrap_heartbeat_receive,1782872160691,hs1-pr100/repeat-01/hs1-pr100/node-2.log,228,E20260701 02:16:00.691679   318 consensus_manager.cpp:264] CHATAY_HS1_COLD_START heartbeat_receive_enter ts_ms=1782872160691 self=2
hs1-pr100,repeat-01,2,bootstrap_heartbeat_receive,1782872160702,hs1-pr100/repeat-01/hs1-pr100/node-2.log,230,E20260701 02:16:00.702306   315 consensus_manager.cpp:264] CHATAY_HS1_COLD_START heartbeat_receive_enter ts_ms=1782872160702 self=2
hs1-pr100,repeat-01,2,bootstrap_heartbeat_receive,1782872160715,hs1-pr100/repeat-01/hs1-pr100/node-2.log,232,E20260701 02:16:00.715957   316 consensus_manager.cpp:264] CHATAY_HS1_COLD_START heartbeat_receive_enter ts_ms=1782872160715 self=2
hs1-pr100,repeat-01,2,bootstrap_heartbeat_receive,1782872161069,hs1-pr100/repeat-01/hs1-pr100/node-2.log,234,E20260701 02:16:01.069140   313 consensus_manager.cpp:264] CHATAY_HS1_COLD_START heartbeat_receive_enter ts_ms=1782872161069 self=2
hs1-pr100,repeat-01,2,bootstrap_heartbeat_receive,1782872161118,hs1-pr100/repeat-01/hs1-pr100/node-2.log,236,E20260701 02:16:01.118227   325 consensus_manager.cpp:264] CHATAY_HS1_COLD_START heartbeat_receive_enter ts_ms=1782872161118 self=2
hs1-pr100,repeat-01,2,bootstrap_heartbeat_receive,1782872161118,hs1-pr100/repeat-01/hs1-pr100/node-2.log,238,E20260701 02:16:01.118299   317 consensus_manager.cpp:264] CHATAY_HS1_COLD_START heartbeat_receive_enter ts_ms=1782872161118 self=2
hs1-pr100,repeat-01,2,bootstrap_heartbeat_receive,1782872161118,hs1-pr100/repeat-01/hs1-pr100/node-2.log,240,E20260701 02:16:01.118870   320 consensus_manager.cpp:264] CHATAY_HS1_COLD_START heartbeat_receive_enter ts_ms=1782872161118 self=2
hs1-pr100,repeat-01,2,bootstrap_heartbeat_receive,1782872161128,hs1-pr100/repeat-01/hs1-pr100/node-2.log,242,E20260701 02:16:01.128901   316 consensus_manager.cpp:264] CHATAY_HS1_COLD_START heartbeat_receive_enter ts_ms=1782872161128 self=2
hs1-pr100,repeat-01,2,bootstrap_heartbeat_receive,1782872161128,hs1-pr100/repeat-01/hs1-pr100/node-2.log,244,E20260701 02:16:01.128911   321 consensus_manager.cpp:264] CHATAY_HS1_COLD_START heartbeat_receive_enter ts_ms=1782872161128 self=2
hs1-pr100,repeat-01,2,bootstrap_heartbeat_receive,1782872161129,hs1-pr100/repeat-01/hs1-pr100/node-2.log,246,E20260701 02:16:01.129973   319 consensus_manager.cpp:264] CHATAY_HS1_COLD_START heartbeat_receive_enter ts_ms=1782872161129 self=2
hs1-pr100,repeat-01,2,bootstrap_heartbeat_receive,1782872161139,hs1-pr100/repeat-01/hs1-pr100/node-2.log,248,E20260701 02:16:01.139568   323 consensus_manager.cpp:264] CHATAY_HS1_COLD_START heartbeat_receive_enter ts_ms=1782872161139 self=2
hs1-pr100,repeat-01,2,bootstrap_heartbeat_receive,1782872161140,hs1-pr100/repeat-01/hs1-pr100/node-2.log,250,E20260701 02:16:01.140199   317 consensus_manager.cpp:264] CHATAY_HS1_COLD_START heartbeat_receive_enter ts_ms=1782872161140 self=2
hs1-pr100,repeat-01,2,bootstrap_heartbeat_receive,1782872161150,hs1-pr100/repeat-01/hs1-pr100/node-2.log,252,E20260701 02:16:01.150661   315 consensus_manager.cpp:264] CHATAY_HS1_COLD_START heartbeat_receive_enter ts_ms=1782872161150 self=2
hs1-pr100,repeat-01,2,bootstrap_heartbeat_receive,1782872161151,hs1-pr100/repeat-01/hs1-pr100/node-2.log,254,E20260701 02:16:01.151522   316 consensus_manager.cpp:264] CHATAY_HS1_COLD_START heartbeat_receive_enter ts_ms=1782872161151 self=2
hs1-pr100,repeat-01,2,bootstrap_heartbeat_receive,1782872161166,hs1-pr100/repeat-01/hs1-pr100/node-2.log,256,E20260701 02:16:01.166780   322 consensus_manager.cpp:264] CHATAY_HS1_COLD_START heartbeat_receive_enter ts_ms=1782872161166 self=2
hs1-pr100,repeat-01,2,hs1_consensus_commit,20260701 02:16:01.413200,hs1-pr100/repeat-01/hs1-pr100/node-2.log,261,E20260701 02:16:01.413200   322 consensus.cpp:109] CHATAY_HS1_TRACE consensus_commit self=2 request_type=TYPE_NONE sender=0 proxy=0 data_size=228
hs1-pr100,repeat-01,2,hs1_prepare_vote,20260701 02:16:01.413656,hs1-pr100/repeat-01/hs1-pr100/node-2.log,265,E20260701 02:16:01.413656   322 commitment.cpp:777] CHATAY_HS1_TRACE replica_send_vote self=2 vote_type=TYPE_PREPARE_VOTE source_type=TYPE_PREPARE target_primary=2 view=1 data_size=298
hs1-pr100,repeat-01,2,hs1_consensus_commit,20260701 02:16:01.463502,hs1-pr100/repeat-01/hs1-pr100/node-2.log,266,E20260701 02:16:01.463502   317 consensus.cpp:109] CHATAY_HS1_TRACE consensus_commit self=2 request_type=TYPE_NONE sender=0 proxy=0 data_size=298
hs1-pr100,repeat-01,2,hs1_consensus_commit,20260701 02:16:01.464857,hs1-pr100/repeat-01/hs1-pr100/node-2.log,270,E20260701 02:16:01.464857   317 consensus.cpp:109] CHATAY_HS1_TRACE consensus_commit self=2 request_type=TYPE_NONE sender=0 proxy=0 data_size=298
hs1-pr100,repeat-01,2,hs1_consensus_commit,20260701 02:16:01.465309,hs1-pr100/repeat-01/hs1-pr100/node-2.log,274,E20260701 02:16:01.465309   319 consensus.cpp:109] CHATAY_HS1_TRACE consensus_commit self=2 request_type=TYPE_NONE sender=0 proxy=0 data_size=298
hs1-pr100,repeat-01,2,hs1_consensus_commit,20260701 02:16:01.466164,hs1-pr100/repeat-01/hs1-pr100/node-2.log,280,E20260701 02:16:01.466164   319 consensus.cpp:109] CHATAY_HS1_TRACE consensus_commit self=2 request_type=TYPE_NONE sender=0 proxy=0 data_size=298
hs1-pr100,repeat-01,2,hs1_consensus_commit,20260701 02:16:01.473125,hs1-pr100/repeat-01/hs1-pr100/node-2.log,284,E20260701 02:16:01.473125   315 consensus.cpp:109] CHATAY_HS1_TRACE consensus_commit self=2 request_type=TYPE_NONE sender=0 proxy=0 data_size=441
hs1-pr100,repeat-01,2,hs1_precommit_vote,20260701 02:16:01.473424,hs1-pr100/repeat-01/hs1-pr100/node-2.log,287,E20260701 02:16:01.473424   315 commitment.cpp:777] CHATAY_HS1_TRACE replica_send_vote self=2 vote_type=TYPE_PRECOMMIT_VOTE source_type=TYPE_PRECOMMIT target_primary=3 view=1 data_size=731
hs1-pr100,repeat-01,2,hs1_consensus_commit,20260701 02:16:01.533955,hs1-pr100/repeat-01/hs1-pr100/node-2.log,288,E20260701 02:16:01.533955   317 consensus.cpp:109] CHATAY_HS1_TRACE consensus_commit self=2 request_type=TYPE_NONE sender=0 proxy=0 data_size=441
hs1-pr100,repeat-01,2,hs1_commit_vote,20260701 02:16:01.534298,hs1-pr100/repeat-01/hs1-pr100/node-2.log,291,E20260701 02:16:01.534298   317 commitment.cpp:777] CHATAY_HS1_TRACE replica_send_vote self=2 vote_type=TYPE_COMMIT_VOTE source_type=TYPE_COMMIT target_primary=4 view=1 data_size=731
hs1-pr100,repeat-01,2,hs1_consensus_commit,20260701 02:16:01.594717,hs1-pr100/repeat-01/hs1-pr100/node-2.log,292,E20260701 02:16:01.594717   317 consensus.cpp:109] CHATAY_HS1_TRACE consensus_commit self=2 request_type=TYPE_NONE sender=0 proxy=0 data_size=441
hs1-pr100,repeat-01,2,bootstrap_heartbeat_receive,1782872162162,hs1-pr100/repeat-01/hs1-pr100/node-2.log,297,E20260701 02:16:02.162323   312 consensus_manager.cpp:264] CHATAY_HS1_COLD_START heartbeat_receive_enter ts_ms=1782872162162 self=2
hs1-pr100,repeat-01,2,bootstrap_heartbeat_receive,1782872162177,hs1-pr100/repeat-01/hs1-pr100/node-2.log,299,E20260701 02:16:02.177739   319 consensus_manager.cpp:264] CHATAY_HS1_COLD_START heartbeat_receive_enter ts_ms=1782872162177 self=2
hs1-pr100,repeat-01,2,hs1_consensus_commit,20260701 02:16:02.418780,hs1-pr100/repeat-01/hs1-pr100/node-2.log,301,E20260701 02:16:02.418780   317 consensus.cpp:109] CHATAY_HS1_TRACE consensus_commit self=2 request_type=TYPE_NONE sender=0 proxy=0 data_size=618
hs1-pr100,repeat-01,2,hs1_prepare_vote,20260701 02:16:02.418883,hs1-pr100/repeat-01/hs1-pr100/node-2.log,305,E20260701 02:16:02.418883   317 commitment.cpp:777] CHATAY_HS1_TRACE replica_send_vote self=2 vote_type=TYPE_PREPARE_VOTE source_type=TYPE_PREPARE target_primary=2 view=5 data_size=690
hs1-pr100,repeat-01,2,hs1_consensus_commit,20260701 02:16:02.466832,hs1-pr100/repeat-01/hs1-pr100/node-2.log,306,E20260701 02:16:02.466832   317 consensus.cpp:109] CHATAY_HS1_TRACE consensus_commit self=2 request_type=TYPE_NONE sender=0 proxy=0 data_size=690
hs1-pr100,repeat-01,2,hs1_consensus_commit,20260701 02:16:02.467602,hs1-pr100/repeat-01/hs1-pr100/node-2.log,310,E20260701 02:16:02.467602   317 consensus.cpp:109] CHATAY_HS1_TRACE consensus_commit self=2 request_type=TYPE_NONE sender=0 proxy=0 data_size=690
hs1-pr100,repeat-01,2,hs1_consensus_commit,20260701 02:16:02.468402,hs1-pr100/repeat-01/hs1-pr100/node-2.log,314,E20260701 02:16:02.468402   331 consensus.cpp:109] CHATAY_HS1_TRACE consensus_commit self=2 request_type=TYPE_NONE sender=0 proxy=0 data_size=690
hs1-pr100,repeat-01,2,hs1_consensus_commit,20260701 02:16:02.468519,hs1-pr100/repeat-01/hs1-pr100/node-2.log,320,E20260701 02:16:02.468519   313 consensus.cpp:109] CHATAY_HS1_TRACE consensus_commit self=2 request_type=TYPE_NONE sender=0 proxy=0 data_size=690
hs1-pr100,repeat-01,2,hs1_consensus_commit,20260701 02:16:02.469481,hs1-pr100/repeat-01/hs1-pr100/node-2.log,324,E20260701 02:16:02.469481   325 consensus.cpp:109] CHATAY_HS1_TRACE consensus_commit self=2 request_type=TYPE_NONE sender=0 proxy=0 data_size=400
hs1-pr100,repeat-01,2,hs1_precommit_vote,20260701 02:16:02.469784,hs1-pr100/repeat-01/hs1-pr100/node-2.log,327,E20260701 02:16:02.469784   325 commitment.cpp:777] CHATAY_HS1_TRACE replica_send_vote self=2 vote_type=TYPE_PRECOMMIT_VOTE source_type=TYPE_PRECOMMIT target_primary=3 view=5 data_size=649
hs1-pr100,repeat-01,2,hs1_consensus_commit,20260701 02:16:02.487881,hs1-pr100/repeat-01/hs1-pr100/node-2.log,328,E20260701 02:16:02.487881   322 consensus.cpp:109] CHATAY_HS1_TRACE consensus_commit self=2 request_type=TYPE_NONE sender=0 proxy=0 data_size=470
hs1-pr100,repeat-01,2,hs1_commit_vote,20260701 02:16:02.488121,hs1-pr100/repeat-01/hs1-pr100/node-2.log,331,E20260701 02:16:02.488121   322 commitment.cpp:777] CHATAY_HS1_TRACE replica_send_vote self=2 vote_type=TYPE_COMMIT_VOTE source_type=TYPE_COMMIT target_primary=4 view=5 data_size=719
hs1-pr100,repeat-01,2,hs1_consensus_commit,20260701 02:16:02.549165,hs1-pr100/repeat-01/hs1-pr100/node-2.log,332,E20260701 02:16:02.549165   319 consensus.cpp:109] CHATAY_HS1_TRACE consensus_commit self=2 request_type=TYPE_NONE sender=0 proxy=0 data_size=400
hs1-pr100,repeat-01,3,config_load,1782872146675,hs1-pr100/repeat-01/hs1-pr100/node-3.log,4,E20260701 02:15:46.675696   107 resdb_config_utils.cpp:198] CHATAY_HS1_COLD_START generate_resdb_config_start ts_ms=1782872146675 config_file=/work/config/server/server.config private_key_file=/work/cert/node3.key.pri cert_file=/work/cert/cert_3.cert
hs1-pr100,repeat-01,3,config_load,1782872146675,hs1-pr100/repeat-01/hs1-pr100/node-3.log,5,E20260701 02:15:46.675705   107 resdb_config_utils.cpp:133] CHATAY_HS1_COLD_START read_config_start ts_ms=1782872146675 file=/work/config/server/server.config
hs1-pr100,repeat-01,3,config_load,1782872146676,hs1-pr100/repeat-01/hs1-pr100/node-3.log,6,E20260701 02:15:46.676568   107 resdb_config_utils.cpp:154] CHATAY_HS1_COLD_START read_config_finish ts_ms=1782872146676 duration_ms=1 file=/work/config/server/server.config bytes=292 regions=1
hs1-pr100,repeat-01,3,key_cert_load,1782872146676,hs1-pr100/repeat-01/hs1-pr100/node-3.log,7,E20260701 02:15:46.676606   107 resdb_config_utils.cpp:49] CHATAY_HS1_COLD_START read_private_key_start ts_ms=1782872146676 file=/work/cert/node3.key.pri
hs1-pr100,repeat-01,3,key_cert_load,1782872146676,hs1-pr100/repeat-01/hs1-pr100/node-3.log,8,E20260701 02:15:46.676627   107 resdb_config_utils.cpp:71] CHATAY_HS1_COLD_START read_private_key_finish ts_ms=1782872146676 duration_ms=0 file=/work/cert/node3.key.pri bytes=36 hash_type=2
hs1-pr100,repeat-01,3,key_cert_load,1782872146676,hs1-pr100/repeat-01/hs1-pr100/node-3.log,9,E20260701 02:15:46.676632   107 resdb_config_utils.cpp:82] CHATAY_HS1_COLD_START read_cert_start ts_ms=1782872146676 file=/work/cert/cert_3.cert
hs1-pr100,repeat-01,3,key_cert_load,1782872146676,hs1-pr100/repeat-01/hs1-pr100/node-3.log,10,E20260701 02:15:46.676644   107 resdb_config_utils.cpp:104] CHATAY_HS1_COLD_START read_cert_finish ts_ms=1782872146676 duration_ms=0 file=/work/cert/cert_3.cert bytes=167 node_id=3 type=0
hs1-pr100,repeat-01,3,key_cert_load,1782872146676,hs1-pr100/repeat-01/hs1-pr100/node-3.log,11,E20260701 02:15:46.676648   107 resdb_config_utils.cpp:207] CHATAY_HS1_COLD_START key_cert_loaded ts_ms=1782872146676 node_id=3 public_key_hash_type=2 private_key_hash_type=2
hs1-pr100,repeat-01,3,config_load,1782872146676,hs1-pr100/repeat-01/hs1-pr100/node-3.log,12,E20260701 02:15:46.676653   107 resdb_config_utils.cpp:231] CHATAY_HS1_COLD_START generate_resdb_config_finish ts_ms=1782872146676 duration_ms=1 self=3 custom_gen=0
hs1-pr100,repeat-01,3,network_start,1782872146684,hs1-pr100/repeat-01/hs1-pr100/node-3.log,47,E20260701 02:15:46.684293   107 service_network.cpp:50] CHATAY_HS1_COLD_START service_network_ctor_start ts_ms=1782872146684 self=3 port=25113
hs1-pr100,repeat-01,3,bootstrap_heartbeat_send,1782872146684,hs1-pr100/repeat-01/hs1-pr100/node-3.log,66,E20260701 02:15:46.684974   138 consensus_manager.cpp:147] CHATAY_HS1_COLD_START heartbeat_send_start ts_ms=1782872146684 self=3 known_public_keys=1 all_replicas=4 current_ready=0
hs1-pr100,repeat-01,3,bootstrap_heartbeat_send,1782872147695,hs1-pr100/repeat-01/hs1-pr100/node-3.log,77,E20260701 02:15:47.695596   138 consensus_manager.cpp:147] CHATAY_HS1_COLD_START heartbeat_send_start ts_ms=1782872147695 self=3 known_public_keys=1 all_replicas=4 current_ready=0
hs1-pr100,repeat-01,3,bootstrap_heartbeat_send,1782872148706,hs1-pr100/repeat-01/hs1-pr100/node-3.log,82,E20260701 02:15:48.706251   138 consensus_manager.cpp:147] CHATAY_HS1_COLD_START heartbeat_send_start ts_ms=1782872148706 self=3 known_public_keys=1 all_replicas=4 current_ready=0
hs1-pr100,repeat-01,3,bootstrap_heartbeat_send,1782872156903,hs1-pr100/repeat-01/hs1-pr100/node-3.log,102,E20260701 02:15:56.903342   138 consensus_manager.cpp:147] CHATAY_HS1_COLD_START heartbeat_send_start ts_ms=1782872156903 self=3 known_public_keys=1 all_replicas=4 current_ready=0
hs1-pr100,repeat-01,3,network_start,1782872157686,hs1-pr100/repeat-01/hs1-pr100/node-3.log,111,E20260701 02:15:57.686136   107 service_network.cpp:143] CHATAY_HS1_COLD_START service_network_service_started ts_ms=1782872157686 self=3
hs1-pr100,repeat-01,3,network_start,1782872157686,hs1-pr100/repeat-01/hs1-pr100/node-3.log,113,E20260701 02:15:57.686211   107 service_network.cpp:151] CHATAY_HS1_COLD_START service_network_acceptor_run_enter ts_ms=1782872157686 self=3
hs1-pr100,repeat-01,3,bootstrap_heartbeat_receive,1782872157687,hs1-pr100/repeat-01/hs1-pr100/node-3.log,117,E20260701 02:15:57.687037   369 consensus_manager.cpp:264] CHATAY_HS1_COLD_START heartbeat_receive_enter ts_ms=1782872157687 self=3
hs1-pr100,repeat-01,3,bootstrap_heartbeat_receive,1782872157687,hs1-pr100/repeat-01/hs1-pr100/node-3.log,118,E20260701 02:15:57.687047   356 consensus_manager.cpp:264] CHATAY_HS1_COLD_START heartbeat_receive_enter ts_ms=1782872157687 self=3
hs1-pr100,repeat-01,3,bootstrap_heartbeat_receive,1782872157687,hs1-pr100/repeat-01/hs1-pr100/node-3.log,119,E20260701 02:15:57.687071   352 consensus_manager.cpp:264] CHATAY_HS1_COLD_START heartbeat_receive_enter ts_ms=1782872157687 self=3
hs1-pr100,repeat-01,3,bootstrap_heartbeat_receive,1782872157687,hs1-pr100/repeat-01/hs1-pr100/node-3.log,120,E20260701 02:15:57.687098   362 consensus_manager.cpp:264] CHATAY_HS1_COLD_START heartbeat_receive_enter ts_ms=1782872157687 self=3
hs1-pr100,repeat-01,3,bootstrap_heartbeat_receive,1782872157687,hs1-pr100/repeat-01/hs1-pr100/node-3.log,121,E20260701 02:15:57.687103   360 consensus_manager.cpp:264] CHATAY_HS1_COLD_START heartbeat_receive_enter ts_ms=1782872157687 self=3
hs1-pr100,repeat-01,3,bootstrap_heartbeat_receive,1782872157687,hs1-pr100/repeat-01/hs1-pr100/node-3.log,122,E20260701 02:15:57.687117   357 consensus_manager.cpp:264] CHATAY_HS1_COLD_START heartbeat_receive_enter ts_ms=1782872157687 self=3
hs1-pr100,repeat-01,3,bootstrap_heartbeat_receive,1782872157687,hs1-pr100/repeat-01/hs1-pr100/node-3.log,123,E20260701 02:15:57.687124   364 consensus_manager.cpp:264] CHATAY_HS1_COLD_START heartbeat_receive_enter ts_ms=1782872157687 self=3
hs1-pr100,repeat-01,3,bootstrap_heartbeat_receive,1782872157687,hs1-pr100/repeat-01/hs1-pr100/node-3.log,124,E20260701 02:15:57.687135   353 consensus_manager.cpp:264] CHATAY_HS1_COLD_START heartbeat_receive_enter ts_ms=1782872157687 self=3
hs1-pr100,repeat-01,3,bootstrap_heartbeat_receive,1782872157687,hs1-pr100/repeat-01/hs1-pr100/node-3.log,125,E20260701 02:15:57.687071   358 consensus_manager.cpp:264] CHATAY_HS1_COLD_START heartbeat_receive_enter ts_ms=1782872157687 self=3
hs1-pr100,repeat-01,3,bootstrap_heartbeat_receive,1782872157687,hs1-pr100/repeat-01/hs1-pr100/node-3.log,126,E20260701 02:15:57.687146   359 consensus_manager.cpp:264] CHATAY_HS1_COLD_START heartbeat_receive_enter ts_ms=1782872157687 self=3
hs1-pr100,repeat-01,3,bootstrap_heartbeat_receive,1782872157687,hs1-pr100/repeat-01/hs1-pr100/node-3.log,127,E20260701 02:15:57.687168   366 consensus_manager.cpp:264] CHATAY_HS1_COLD_START heartbeat_receive_enter ts_ms=1782872157687 self=3
hs1-pr100,repeat-01,3,bootstrap_heartbeat_receive,1782872157981,hs1-pr100/repeat-01/hs1-pr100/node-3.log,129,E20260701 02:15:57.981004   363 consensus_manager.cpp:264] CHATAY_HS1_COLD_START heartbeat_receive_enter ts_ms=1782872157981 self=3
hs1-pr100,repeat-01,3,bootstrap_heartbeat_receive,1782872157981,hs1-pr100/repeat-01/hs1-pr100/node-3.log,130,E20260701 02:15:57.981004   361 consensus_manager.cpp:264] CHATAY_HS1_COLD_START heartbeat_receive_enter ts_ms=1782872157981 self=3
hs1-pr100,repeat-01,3,bootstrap_heartbeat_receive,1782872157981,hs1-pr100/repeat-01/hs1-pr100/node-3.log,131,E20260701 02:15:57.981005   355 consensus_manager.cpp:264] CHATAY_HS1_COLD_START heartbeat_receive_enter ts_ms=1782872157981 self=3
hs1-pr100,repeat-01,3,bootstrap_heartbeat_receive,1782872157984,hs1-pr100/repeat-01/hs1-pr100/node-3.log,132,E20260701 02:15:57.984171   354 consensus_manager.cpp:264] CHATAY_HS1_COLD_START heartbeat_receive_enter ts_ms=1782872157984 self=3
hs1-pr100,repeat-01,3,bootstrap_heartbeat_send,1782872157990,hs1-pr100/repeat-01/hs1-pr100/node-3.log,134,E20260701 02:15:57.990693   369 consensus_manager.cpp:147] CHATAY_HS1_COLD_START heartbeat_send_start ts_ms=1782872157990 self=3 known_public_keys=1 all_replicas=4 current_ready=0
hs1-pr100,repeat-01,3,bootstrap_heartbeat_receive,1782872157991,hs1-pr100/repeat-01/hs1-pr100/node-3.log,138,E20260701 02:15:57.991036   367 consensus_manager.cpp:264] CHATAY_HS1_COLD_START heartbeat_receive_enter ts_ms=1782872157991 self=3
hs1-pr100,repeat-01,3,bootstrap_heartbeat_receive,1782872161117,hs1-pr100/repeat-01/hs1-pr100/node-3.log,140,E20260701 02:16:01.117934   369 consensus_manager.cpp:264] CHATAY_HS1_COLD_START heartbeat_receive_enter ts_ms=1782872161117 self=3
hs1-pr100,repeat-01,3,bootstrap_heartbeat_send,1782872161118,hs1-pr100/repeat-01/hs1-pr100/node-3.log,142,E20260701 02:16:01.118038   356 consensus_manager.cpp:147] CHATAY_HS1_COLD_START heartbeat_send_start ts_ms=1782872161118 self=3 known_public_keys=2 all_replicas=4 current_ready=0
hs1-pr100,repeat-01,3,bootstrap_heartbeat_receive,1782872161128,hs1-pr100/repeat-01/hs1-pr100/node-3.log,147,E20260701 02:16:01.128504   356 consensus_manager.cpp:264] CHATAY_HS1_COLD_START heartbeat_receive_enter ts_ms=1782872161128 self=3
hs1-pr100,repeat-01,3,bootstrap_heartbeat_send,1782872161128,hs1-pr100/repeat-01/hs1-pr100/node-3.log,149,E20260701 02:16:01.128630   356 consensus_manager.cpp:147] CHATAY_HS1_COLD_START heartbeat_send_start ts_ms=1782872161128 self=3 known_public_keys=3 all_replicas=4 current_ready=0
hs1-pr100,repeat-01,3,bootstrap_heartbeat_receive,1782872161139,hs1-pr100/repeat-01/hs1-pr100/node-3.log,154,E20260701 02:16:01.139199   356 consensus_manager.cpp:264] CHATAY_HS1_COLD_START heartbeat_receive_enter ts_ms=1782872161139 self=3
hs1-pr100,repeat-01,3,bootstrap_heartbeat_send,1782872161139,hs1-pr100/repeat-01/hs1-pr100/node-3.log,156,E20260701 02:16:01.139305   362 consensus_manager.cpp:147] CHATAY_HS1_COLD_START heartbeat_send_start ts_ms=1782872161139 self=3 known_public_keys=4 all_replicas=4 current_ready=0
hs1-pr100,repeat-01,3,bootstrap_heartbeat_receive,1782872161149,hs1-pr100/repeat-01/hs1-pr100/node-3.log,161,E20260701 02:16:01.149870   362 consensus_manager.cpp:264] CHATAY_HS1_COLD_START heartbeat_receive_enter ts_ms=1782872161149 self=3
hs1-pr100,repeat-01,3,bootstrap_heartbeat_receive,1782872161150,hs1-pr100/repeat-01/hs1-pr100/node-3.log,163,E20260701 02:16:01.150134   357 consensus_manager.cpp:264] CHATAY_HS1_COLD_START heartbeat_receive_enter ts_ms=1782872161150 self=3
hs1-pr100,repeat-01,3,bootstrap_heartbeat_send,1782872161150,hs1-pr100/repeat-01/hs1-pr100/node-3.log,165,E20260701 02:16:01.150300   357 consensus_manager.cpp:147] CHATAY_HS1_COLD_START heartbeat_send_start ts_ms=1782872161150 self=3 known_public_keys=5 all_replicas=4 current_ready=0
hs1-pr100,repeat-01,3,readiness,1782872161160,hs1-pr100/repeat-01/hs1-pr100/node-3.log,170,E20260701 02:16:01.160859   357 consensus_manager.cpp:343] CHATAY_HS1_COLD_START readiness_reached ts_ms=1782872161160 self=3 replica_num=3 quorum=3 sender=2
hs1-pr100,repeat-01,3,readiness,20260701 02:16:01.160892,hs1-pr100/repeat-01/hs1-pr100/node-3.log,171,E20260701 02:16:01.160892   357 consensus_manager.cpp:349] ============ Server 3 is ready =====================
hs1-pr100,repeat-01,3,bootstrap_heartbeat_receive,1782872161160,hs1-pr100/repeat-01/hs1-pr100/node-3.log,172,E20260701 02:16:01.160943   357 consensus_manager.cpp:264] CHATAY_HS1_COLD_START heartbeat_receive_enter ts_ms=1782872161160 self=3
hs1-pr100,repeat-01,3,bootstrap_heartbeat_receive,1782872161161,hs1-pr100/repeat-01/hs1-pr100/node-3.log,174,E20260701 02:16:01.161078   360 consensus_manager.cpp:264] CHATAY_HS1_COLD_START heartbeat_receive_enter ts_ms=1782872161161 self=3
hs1-pr100,repeat-01,3,bootstrap_heartbeat_receive,1782872161161,hs1-pr100/repeat-01/hs1-pr100/node-3.log,176,E20260701 02:16:01.161300   360 consensus_manager.cpp:264] CHATAY_HS1_COLD_START heartbeat_receive_enter ts_ms=1782872161161 self=3
hs1-pr100,repeat-01,3,bootstrap_heartbeat_receive,1782872161161,hs1-pr100/repeat-01/hs1-pr100/node-3.log,178,E20260701 02:16:01.161576   360 consensus_manager.cpp:264] CHATAY_HS1_COLD_START heartbeat_receive_enter ts_ms=1782872161161 self=3
hs1-pr100,repeat-01,3,bootstrap_heartbeat_receive,1782872161161,hs1-pr100/repeat-01/hs1-pr100/node-3.log,180,E20260701 02:16:01.161724   359 consensus_manager.cpp:264] CHATAY_HS1_COLD_START heartbeat_receive_enter ts_ms=1782872161161 self=3
hs1-pr100,repeat-01,3,bootstrap_heartbeat_receive,1782872161161,hs1-pr100/repeat-01/hs1-pr100/node-3.log,182,E20260701 02:16:01.161880   366 consensus_manager.cpp:264] CHATAY_HS1_COLD_START heartbeat_receive_enter ts_ms=1782872161161 self=3
hs1-pr100,repeat-01,3,bootstrap_heartbeat_receive,1782872161162,hs1-pr100/repeat-01/hs1-pr100/node-3.log,184,E20260701 02:16:01.162048   363 consensus_manager.cpp:264] CHATAY_HS1_COLD_START heartbeat_receive_enter ts_ms=1782872161162 self=3
hs1-pr100,repeat-01,3,bootstrap_heartbeat_receive,1782872161162,hs1-pr100/repeat-01/hs1-pr100/node-3.log,186,E20260701 02:16:01.162216   361 consensus_manager.cpp:264] CHATAY_HS1_COLD_START heartbeat_receive_enter ts_ms=1782872161162 self=3
hs1-pr100,repeat-01,3,bootstrap_heartbeat_receive,1782872161162,hs1-pr100/repeat-01/hs1-pr100/node-3.log,189,E20260701 02:16:01.162448   361 consensus_manager.cpp:264] CHATAY_HS1_COLD_START heartbeat_receive_enter ts_ms=1782872161162 self=3
hs1-pr100,repeat-01,3,bootstrap_heartbeat_receive,1782872161162,hs1-pr100/repeat-01/hs1-pr100/node-3.log,190,E20260701 02:16:01.162650   354 consensus_manager.cpp:264] CHATAY_HS1_COLD_START heartbeat_receive_enter ts_ms=1782872161162 self=3
hs1-pr100,repeat-01,3,bootstrap_heartbeat_receive,1782872161162,hs1-pr100/repeat-01/hs1-pr100/node-3.log,192,E20260701 02:16:01.162936   354 consensus_manager.cpp:264] CHATAY_HS1_COLD_START heartbeat_receive_enter ts_ms=1782872161162 self=3
hs1-pr100,repeat-01,3,bootstrap_heartbeat_receive,1782872161163,hs1-pr100/repeat-01/hs1-pr100/node-3.log,194,E20260701 02:16:01.163189   354 consensus_manager.cpp:264] CHATAY_HS1_COLD_START heartbeat_receive_enter ts_ms=1782872161163 self=3
hs1-pr100,repeat-01,3,bootstrap_heartbeat_receive,1782872161163,hs1-pr100/repeat-01/hs1-pr100/node-3.log,196,E20260701 02:16:01.163316   354 consensus_manager.cpp:264] CHATAY_HS1_COLD_START heartbeat_receive_enter ts_ms=1782872161163 self=3
hs1-pr100,repeat-01,3,bootstrap_heartbeat_receive,1782872161163,hs1-pr100/repeat-01/hs1-pr100/node-3.log,198,E20260701 02:16:01.163563   354 consensus_manager.cpp:264] CHATAY_HS1_COLD_START heartbeat_receive_enter ts_ms=1782872161163 self=3
hs1-pr100,repeat-01,3,bootstrap_heartbeat_receive,1782872161163,hs1-pr100/repeat-01/hs1-pr100/node-3.log,200,E20260701 02:16:01.163817   354 consensus_manager.cpp:264] CHATAY_HS1_COLD_START heartbeat_receive_enter ts_ms=1782872161163 self=3
hs1-pr100,repeat-01,3,bootstrap_heartbeat_receive,1782872161164,hs1-pr100/repeat-01/hs1-pr100/node-3.log,202,E20260701 02:16:01.164067   354 consensus_manager.cpp:264] CHATAY_HS1_COLD_START heartbeat_receive_enter ts_ms=1782872161164 self=3
hs1-pr100,repeat-01,3,bootstrap_heartbeat_receive,1782872161164,hs1-pr100/repeat-01/hs1-pr100/node-3.log,204,E20260701 02:16:01.164242   354 consensus_manager.cpp:264] CHATAY_HS1_COLD_START heartbeat_receive_enter ts_ms=1782872161164 self=3
hs1-pr100,repeat-01,3,bootstrap_heartbeat_receive,1782872161164,hs1-pr100/repeat-01/hs1-pr100/node-3.log,206,E20260701 02:16:01.164369   354 consensus_manager.cpp:264] CHATAY_HS1_COLD_START heartbeat_receive_enter ts_ms=1782872161164 self=3
hs1-pr100,repeat-01,3,bootstrap_heartbeat_receive,1782872161164,hs1-pr100/repeat-01/hs1-pr100/node-3.log,208,E20260701 02:16:01.164618   354 consensus_manager.cpp:264] CHATAY_HS1_COLD_START heartbeat_receive_enter ts_ms=1782872161164 self=3
hs1-pr100,repeat-01,3,bootstrap_heartbeat_receive,1782872161164,hs1-pr100/repeat-01/hs1-pr100/node-3.log,210,E20260701 02:16:01.164831   354 consensus_manager.cpp:264] CHATAY_HS1_COLD_START heartbeat_receive_enter ts_ms=1782872161164 self=3
hs1-pr100,repeat-01,3,bootstrap_heartbeat_receive,1782872161165,hs1-pr100/repeat-01/hs1-pr100/node-3.log,212,E20260701 02:16:01.164996   354 consensus_manager.cpp:264] CHATAY_HS1_COLD_START heartbeat_receive_enter ts_ms=1782872161165 self=3
hs1-pr100,repeat-01,3,bootstrap_heartbeat_receive,1782872161165,hs1-pr100/repeat-01/hs1-pr100/node-3.log,214,E20260701 02:16:01.165246   354 consensus_manager.cpp:264] CHATAY_HS1_COLD_START heartbeat_receive_enter ts_ms=1782872161165 self=3
hs1-pr100,repeat-01,3,bootstrap_heartbeat_receive,1782872161165,hs1-pr100/repeat-01/hs1-pr100/node-3.log,216,E20260701 02:16:01.165450   354 consensus_manager.cpp:264] CHATAY_HS1_COLD_START heartbeat_receive_enter ts_ms=1782872161165 self=3
hs1-pr100,repeat-01,3,bootstrap_heartbeat_receive,1782872161165,hs1-pr100/repeat-01/hs1-pr100/node-3.log,218,E20260701 02:16:01.165697   354 consensus_manager.cpp:264] CHATAY_HS1_COLD_START heartbeat_receive_enter ts_ms=1782872161165 self=3
hs1-pr100,repeat-01,3,bootstrap_heartbeat_receive,1782872161165,hs1-pr100/repeat-01/hs1-pr100/node-3.log,220,E20260701 02:16:01.165951   354 consensus_manager.cpp:264] CHATAY_HS1_COLD_START heartbeat_receive_enter ts_ms=1782872161165 self=3
hs1-pr100,repeat-01,3,bootstrap_heartbeat_send,1782872161166,hs1-pr100/repeat-01/hs1-pr100/node-3.log,223,E20260701 02:16:01.166409   138 consensus_manager.cpp:147] CHATAY_HS1_COLD_START heartbeat_send_start ts_ms=1782872161166 self=3 known_public_keys=5 all_replicas=4 current_ready=1
hs1-pr100,repeat-01,3,bootstrap_heartbeat_receive,1782872161166,hs1-pr100/repeat-01/hs1-pr100/node-3.log,228,E20260701 02:16:01.166739   367 consensus_manager.cpp:264] CHATAY_HS1_COLD_START heartbeat_receive_enter ts_ms=1782872161166 self=3
hs1-pr100,repeat-01,3,hs1_consensus_commit,20260701 02:16:01.413483,hs1-pr100/repeat-01/hs1-pr100/node-3.log,244,E20260701 02:16:01.413483   356 consensus.cpp:109] CHATAY_HS1_TRACE consensus_commit self=3 request_type=TYPE_NONE sender=0 proxy=0 data_size=228
hs1-pr100,repeat-01,3,hs1_prepare_vote,20260701 02:16:01.413966,hs1-pr100/repeat-01/hs1-pr100/node-3.log,248,E20260701 02:16:01.413966   356 commitment.cpp:777] CHATAY_HS1_TRACE replica_send_vote self=3 vote_type=TYPE_PREPARE_VOTE source_type=TYPE_PREPARE target_primary=2 view=1 data_size=298
hs1-pr100,repeat-01,3,hs1_consensus_commit,20260701 02:16:01.474377,hs1-pr100/repeat-01/hs1-pr100/node-3.log,249,E20260701 02:16:01.474377   359 consensus.cpp:109] CHATAY_HS1_TRACE consensus_commit self=3 request_type=TYPE_NONE sender=0 proxy=0 data_size=441
hs1-pr100,repeat-01,3,hs1_precommit_vote,20260701 02:16:01.474694,hs1-pr100/repeat-01/hs1-pr100/node-3.log,252,E20260701 02:16:01.474694   359 commitment.cpp:777] CHATAY_HS1_TRACE replica_send_vote self=3 vote_type=TYPE_PRECOMMIT_VOTE source_type=TYPE_PRECOMMIT target_primary=3 view=1 data_size=731
hs1-pr100,repeat-01,3,hs1_consensus_commit,20260701 02:16:01.524473,hs1-pr100/repeat-01/hs1-pr100/node-3.log,253,E20260701 02:16:01.524473   362 consensus.cpp:109] CHATAY_HS1_TRACE consensus_commit self=3 request_type=TYPE_NONE sender=0 proxy=0 data_size=731
hs1-pr100,repeat-01,3,hs1_consensus_commit,20260701 02:16:01.524654,hs1-pr100/repeat-01/hs1-pr100/node-3.log,257,E20260701 02:16:01.524654   359 consensus.cpp:109] CHATAY_HS1_TRACE consensus_commit self=3 request_type=TYPE_NONE sender=0 proxy=0 data_size=731
hs1-pr100,repeat-01,3,hs1_consensus_commit,20260701 02:16:01.526207,hs1-pr100/repeat-01/hs1-pr100/node-3.log,261,E20260701 02:16:01.526207   353 consensus.cpp:109] CHATAY_HS1_TRACE consensus_commit self=3 request_type=TYPE_NONE sender=0 proxy=0 data_size=731
hs1-pr100,repeat-01,3,hs1_consensus_commit,20260701 02:16:01.526401,hs1-pr100/repeat-01/hs1-pr100/node-3.log,267,E20260701 02:16:01.526401   357 consensus.cpp:109] CHATAY_HS1_TRACE consensus_commit self=3 request_type=TYPE_NONE sender=0 proxy=0 data_size=731
hs1-pr100,repeat-01,3,hs1_consensus_commit,20260701 02:16:01.534049,hs1-pr100/repeat-01/hs1-pr100/node-3.log,271,E20260701 02:16:01.534049   354 consensus.cpp:109] CHATAY_HS1_TRACE consensus_commit self=3 request_type=TYPE_NONE sender=0 proxy=0 data_size=441
hs1-pr100,repeat-01,3,hs1_commit_vote,20260701 02:16:01.534346,hs1-pr100/repeat-01/hs1-pr100/node-3.log,274,E20260701 02:16:01.534346   354 commitment.cpp:777] CHATAY_HS1_TRACE replica_send_vote self=3 vote_type=TYPE_COMMIT_VOTE source_type=TYPE_COMMIT target_primary=4 view=1 data_size=731
hs1-pr100,repeat-01,3,hs1_consensus_commit,20260701 02:16:01.594705,hs1-pr100/repeat-01/hs1-pr100/node-3.log,275,E20260701 02:16:01.594705   364 consensus.cpp:109] CHATAY_HS1_TRACE consensus_commit self=3 request_type=TYPE_NONE sender=0 proxy=0 data_size=441
hs1-pr100,repeat-01,3,bootstrap_heartbeat_receive,1782872162162,hs1-pr100/repeat-01/hs1-pr100/node-3.log,283,E20260701 02:16:02.162402   364 consensus_manager.cpp:264] CHATAY_HS1_COLD_START heartbeat_receive_enter ts_ms=1782872162162 self=3
hs1-pr100,repeat-01,3,bootstrap_heartbeat_send,1782872162177,hs1-pr100/repeat-01/hs1-pr100/node-3.log,285,E20260701 02:16:02.177268   138 consensus_manager.cpp:147] CHATAY_HS1_COLD_START heartbeat_send_start ts_ms=1782872162177 self=3 known_public_keys=5 all_replicas=4 current_ready=1
hs1-pr100,repeat-01,3,bootstrap_heartbeat_receive,1782872162177,hs1-pr100/repeat-01/hs1-pr100/node-3.log,290,E20260701 02:16:02.177749   361 consensus_manager.cpp:264] CHATAY_HS1_COLD_START heartbeat_receive_enter ts_ms=1782872162177 self=3
hs1-pr100,repeat-01,3,hs1_consensus_commit,20260701 02:16:02.418782,hs1-pr100/repeat-01/hs1-pr100/node-3.log,292,E20260701 02:16:02.418782   354 consensus.cpp:109] CHATAY_HS1_TRACE consensus_commit self=3 request_type=TYPE_NONE sender=0 proxy=0 data_size=618
hs1-pr100,repeat-01,3,hs1_prepare_vote,20260701 02:16:02.418879,hs1-pr100/repeat-01/hs1-pr100/node-3.log,296,E20260701 02:16:02.418879   354 commitment.cpp:777] CHATAY_HS1_TRACE replica_send_vote self=3 vote_type=TYPE_PREPARE_VOTE source_type=TYPE_PREPARE target_primary=2 view=5 data_size=690
hs1-pr100,repeat-01,3,hs1_consensus_commit,20260701 02:16:02.469450,hs1-pr100/repeat-01/hs1-pr100/node-3.log,297,E20260701 02:16:02.469450   353 consensus.cpp:109] CHATAY_HS1_TRACE consensus_commit self=3 request_type=TYPE_NONE sender=0 proxy=0 data_size=400
hs1-pr100,repeat-01,3,hs1_precommit_vote,20260701 02:16:02.469646,hs1-pr100/repeat-01/hs1-pr100/node-3.log,300,E20260701 02:16:02.469646   353 commitment.cpp:777] CHATAY_HS1_TRACE replica_send_vote self=3 vote_type=TYPE_PRECOMMIT_VOTE source_type=TYPE_PRECOMMIT target_primary=3 view=5 data_size=649
hs1-pr100,repeat-01,3,hs1_consensus_commit,20260701 02:16:02.476631,hs1-pr100/repeat-01/hs1-pr100/node-3.log,301,E20260701 02:16:02.476631   354 consensus.cpp:109] CHATAY_HS1_TRACE consensus_commit self=3 request_type=TYPE_NONE sender=0 proxy=0 data_size=649
hs1-pr100,repeat-01,3,hs1_consensus_commit,20260701 02:16:02.476637,hs1-pr100/repeat-01/hs1-pr100/node-3.log,302,E20260701 02:16:02.476637   353 consensus.cpp:109] CHATAY_HS1_TRACE consensus_commit self=3 request_type=TYPE_NONE sender=0 proxy=0 data_size=649
hs1-pr100,repeat-01,3,hs1_consensus_commit,20260701 02:16:02.478827,hs1-pr100/repeat-01/hs1-pr100/node-3.log,309,E20260701 02:16:02.478827   353 consensus.cpp:109] CHATAY_HS1_TRACE consensus_commit self=3 request_type=TYPE_NONE sender=0 proxy=0 data_size=649
hs1-pr100,repeat-01,3,hs1_consensus_commit,20260701 02:16:02.478895,hs1-pr100/repeat-01/hs1-pr100/node-3.log,312,E20260701 02:16:02.478895   363 consensus.cpp:109] CHATAY_HS1_TRACE consensus_commit self=3 request_type=TYPE_NONE sender=0 proxy=0 data_size=649
hs1-pr100,repeat-01,3,hs1_consensus_commit,20260701 02:16:02.487926,hs1-pr100/repeat-01/hs1-pr100/node-3.log,319,E20260701 02:16:02.487926   359 consensus.cpp:109] CHATAY_HS1_TRACE consensus_commit self=3 request_type=TYPE_NONE sender=0 proxy=0 data_size=470
hs1-pr100,repeat-01,3,hs1_commit_vote,20260701 02:16:02.488307,hs1-pr100/repeat-01/hs1-pr100/node-3.log,322,E20260701 02:16:02.488307   359 commitment.cpp:777] CHATAY_HS1_TRACE replica_send_vote self=3 vote_type=TYPE_COMMIT_VOTE source_type=TYPE_COMMIT target_primary=4 view=5 data_size=719
hs1-pr100,repeat-01,3,hs1_consensus_commit,20260701 02:16:02.549552,hs1-pr100/repeat-01/hs1-pr100/node-3.log,323,E20260701 02:16:02.549552   358 consensus.cpp:109] CHATAY_HS1_TRACE consensus_commit self=3 request_type=TYPE_NONE sender=0 proxy=0 data_size=400
hs1-pr100,repeat-01,4,config_load,1782872147192,hs1-pr100/repeat-01/hs1-pr100/node-4.log,4,E20260701 02:15:47.192204   141 resdb_config_utils.cpp:198] CHATAY_HS1_COLD_START generate_resdb_config_start ts_ms=1782872147192 config_file=/work/config/server/server.config private_key_file=/work/cert/node4.key.pri cert_file=/work/cert/cert_4.cert
hs1-pr100,repeat-01,4,config_load,1782872147192,hs1-pr100/repeat-01/hs1-pr100/node-4.log,5,E20260701 02:15:47.192209   141 resdb_config_utils.cpp:133] CHATAY_HS1_COLD_START read_config_start ts_ms=1782872147192 file=/work/config/server/server.config
hs1-pr100,repeat-01,4,config_load,1782872147193,hs1-pr100/repeat-01/hs1-pr100/node-4.log,6,E20260701 02:15:47.193251   141 resdb_config_utils.cpp:154] CHATAY_HS1_COLD_START read_config_finish ts_ms=1782872147193 duration_ms=1 file=/work/config/server/server.config bytes=292 regions=1
hs1-pr100,repeat-01,4,key_cert_load,1782872147193,hs1-pr100/repeat-01/hs1-pr100/node-4.log,7,E20260701 02:15:47.193279   141 resdb_config_utils.cpp:49] CHATAY_HS1_COLD_START read_private_key_start ts_ms=1782872147193 file=/work/cert/node4.key.pri
hs1-pr100,repeat-01,4,key_cert_load,1782872147193,hs1-pr100/repeat-01/hs1-pr100/node-4.log,8,E20260701 02:15:47.193301   141 resdb_config_utils.cpp:71] CHATAY_HS1_COLD_START read_private_key_finish ts_ms=1782872147193 duration_ms=0 file=/work/cert/node4.key.pri bytes=36 hash_type=2
hs1-pr100,repeat-01,4,key_cert_load,1782872147193,hs1-pr100/repeat-01/hs1-pr100/node-4.log,9,E20260701 02:15:47.193306   141 resdb_config_utils.cpp:82] CHATAY_HS1_COLD_START read_cert_start ts_ms=1782872147193 file=/work/cert/cert_4.cert
hs1-pr100,repeat-01,4,key_cert_load,1782872147193,hs1-pr100/repeat-01/hs1-pr100/node-4.log,10,E20260701 02:15:47.193320   141 resdb_config_utils.cpp:104] CHATAY_HS1_COLD_START read_cert_finish ts_ms=1782872147193 duration_ms=0 file=/work/cert/cert_4.cert bytes=167 node_id=4 type=0
hs1-pr100,repeat-01,4,key_cert_load,1782872147193,hs1-pr100/repeat-01/hs1-pr100/node-4.log,11,E20260701 02:15:47.193324   141 resdb_config_utils.cpp:207] CHATAY_HS1_COLD_START key_cert_loaded ts_ms=1782872147193 node_id=4 public_key_hash_type=2 private_key_hash_type=2
hs1-pr100,repeat-01,4,config_load,1782872147193,hs1-pr100/repeat-01/hs1-pr100/node-4.log,12,E20260701 02:15:47.193331   141 resdb_config_utils.cpp:231] CHATAY_HS1_COLD_START generate_resdb_config_finish ts_ms=1782872147193 duration_ms=1 self=4 custom_gen=0
hs1-pr100,repeat-01,4,network_start,1782872147199,hs1-pr100/repeat-01/hs1-pr100/node-4.log,47,E20260701 02:15:47.199561   141 service_network.cpp:50] CHATAY_HS1_COLD_START service_network_ctor_start ts_ms=1782872147199 self=4 port=25114
hs1-pr100,repeat-01,4,bootstrap_heartbeat_send,1782872147200,hs1-pr100/repeat-01/hs1-pr100/node-4.log,66,E20260701 02:15:47.200533   173 consensus_manager.cpp:147] CHATAY_HS1_COLD_START heartbeat_send_start ts_ms=1782872147200 self=4 known_public_keys=1 all_replicas=4 current_ready=0
hs1-pr100,repeat-01,4,bootstrap_heartbeat_send,1782872148211,hs1-pr100/repeat-01/hs1-pr100/node-4.log,71,E20260701 02:15:48.211028   173 consensus_manager.cpp:147] CHATAY_HS1_COLD_START heartbeat_send_start ts_ms=1782872148211 self=4 known_public_keys=1 all_replicas=4 current_ready=0
hs1-pr100,repeat-01,4,bootstrap_heartbeat_send,1782872149221,hs1-pr100/repeat-01/hs1-pr100/node-4.log,76,E20260701 02:15:49.221429   173 consensus_manager.cpp:147] CHATAY_HS1_COLD_START heartbeat_send_start ts_ms=1782872149221 self=4 known_public_keys=1 all_replicas=4 current_ready=0
hs1-pr100,repeat-01,4,network_start,1782872159201,hs1-pr100/repeat-01/hs1-pr100/node-4.log,100,E20260701 02:15:59.201478   141 service_network.cpp:143] CHATAY_HS1_COLD_START service_network_service_started ts_ms=1782872159201 self=4
hs1-pr100,repeat-01,4,network_start,1782872159201,hs1-pr100/repeat-01/hs1-pr100/node-4.log,102,E20260701 02:15:59.201561   141 service_network.cpp:151] CHATAY_HS1_COLD_START service_network_acceptor_run_enter ts_ms=1782872159201 self=4
hs1-pr100,repeat-01,4,bootstrap_heartbeat_receive,1782872159202,hs1-pr100/repeat-01/hs1-pr100/node-4.log,106,E20260701 02:15:59.202704   386 consensus_manager.cpp:264] CHATAY_HS1_COLD_START heartbeat_receive_enter ts_ms=1782872159202 self=4
hs1-pr100,repeat-01,4,bootstrap_heartbeat_receive,1782872159202,hs1-pr100/repeat-01/hs1-pr100/node-4.log,107,E20260701 02:15:59.202715   385 consensus_manager.cpp:264] CHATAY_HS1_COLD_START heartbeat_receive_enter ts_ms=1782872159202 self=4
hs1-pr100,repeat-01,4,bootstrap_heartbeat_receive,1782872159202,hs1-pr100/repeat-01/hs1-pr100/node-4.log,108,E20260701 02:15:59.202755   387 consensus_manager.cpp:264] CHATAY_HS1_COLD_START heartbeat_receive_enter ts_ms=1782872159202 self=4
hs1-pr100,repeat-01,4,bootstrap_heartbeat_receive,1782872159202,hs1-pr100/repeat-01/hs1-pr100/node-4.log,109,E20260701 02:15:59.202780   391 consensus_manager.cpp:264] CHATAY_HS1_COLD_START heartbeat_receive_enter ts_ms=1782872159202 self=4
hs1-pr100,repeat-01,4,bootstrap_heartbeat_receive,1782872159202,hs1-pr100/repeat-01/hs1-pr100/node-4.log,110,E20260701 02:15:59.202800   388 consensus_manager.cpp:264] CHATAY_HS1_COLD_START heartbeat_receive_enter ts_ms=1782872159202 self=4
hs1-pr100,repeat-01,4,bootstrap_heartbeat_receive,1782872159202,hs1-pr100/repeat-01/hs1-pr100/node-4.log,111,E20260701 02:15:59.202817   392 consensus_manager.cpp:264] CHATAY_HS1_COLD_START heartbeat_receive_enter ts_ms=1782872159202 self=4
hs1-pr100,repeat-01,4,bootstrap_heartbeat_receive,1782872159202,hs1-pr100/repeat-01/hs1-pr100/node-4.log,112,E20260701 02:15:59.202853   389 consensus_manager.cpp:264] CHATAY_HS1_COLD_START heartbeat_receive_enter ts_ms=1782872159202 self=4
hs1-pr100,repeat-01,4,bootstrap_heartbeat_receive,1782872159202,hs1-pr100/repeat-01/hs1-pr100/node-4.log,113,E20260701 02:15:59.202878   395 consensus_manager.cpp:264] CHATAY_HS1_COLD_START heartbeat_receive_enter ts_ms=1782872159202 self=4
hs1-pr100,repeat-01,4,bootstrap_heartbeat_receive,1782872159202,hs1-pr100/repeat-01/hs1-pr100/node-4.log,114,E20260701 02:15:59.202893   393 consensus_manager.cpp:264] CHATAY_HS1_COLD_START heartbeat_receive_enter ts_ms=1782872159202 self=4
hs1-pr100,repeat-01,4,bootstrap_heartbeat_receive,1782872159202,hs1-pr100/repeat-01/hs1-pr100/node-4.log,115,E20260701 02:15:59.202922   394 consensus_manager.cpp:264] CHATAY_HS1_COLD_START heartbeat_receive_enter ts_ms=1782872159202 self=4
hs1-pr100,repeat-01,4,bootstrap_heartbeat_receive,1782872159202,hs1-pr100/repeat-01/hs1-pr100/node-4.log,116,E20260701 02:15:59.202952   390 consensus_manager.cpp:264] CHATAY_HS1_COLD_START heartbeat_receive_enter ts_ms=1782872159202 self=4
hs1-pr100,repeat-01,4,bootstrap_heartbeat_receive,1782872159501,hs1-pr100/repeat-01/hs1-pr100/node-4.log,117,E20260701 02:15:59.501156   399 consensus_manager.cpp:264] CHATAY_HS1_COLD_START heartbeat_receive_enter ts_ms=1782872159501 self=4
hs1-pr100,repeat-01,4,bootstrap_heartbeat_receive,1782872159501,hs1-pr100/repeat-01/hs1-pr100/node-4.log,118,E20260701 02:15:59.501157   400 consensus_manager.cpp:264] CHATAY_HS1_COLD_START heartbeat_receive_enter ts_ms=1782872159501 self=4
hs1-pr100,repeat-01,4,bootstrap_heartbeat_receive,1782872159503,hs1-pr100/repeat-01/hs1-pr100/node-4.log,119,E20260701 02:15:59.503832   398 consensus_manager.cpp:264] CHATAY_HS1_COLD_START heartbeat_receive_enter ts_ms=1782872159503 self=4
hs1-pr100,repeat-01,4,bootstrap_heartbeat_receive,1782872159514,hs1-pr100/repeat-01/hs1-pr100/node-4.log,120,E20260701 02:15:59.514726   396 consensus_manager.cpp:264] CHATAY_HS1_COLD_START heartbeat_receive_enter ts_ms=1782872159514 self=4
hs1-pr100,repeat-01,4,bootstrap_heartbeat_receive,1782872159525,hs1-pr100/repeat-01/hs1-pr100/node-4.log,121,E20260701 02:15:59.524992   397 consensus_manager.cpp:264] CHATAY_HS1_COLD_START heartbeat_receive_enter ts_ms=1782872159525 self=4
hs1-pr100,repeat-01,4,bootstrap_heartbeat_send,1782872159594,hs1-pr100/repeat-01/hs1-pr100/node-4.log,124,E20260701 02:15:59.594933   386 consensus_manager.cpp:147] CHATAY_HS1_COLD_START heartbeat_send_start ts_ms=1782872159594 self=4 known_public_keys=1 all_replicas=4 current_ready=0
hs1-pr100,repeat-01,4,bootstrap_heartbeat_receive,1782872159605,hs1-pr100/repeat-01/hs1-pr100/node-4.log,130,E20260701 02:15:59.605544   386 consensus_manager.cpp:264] CHATAY_HS1_COLD_START heartbeat_receive_enter ts_ms=1782872159605 self=4
hs1-pr100,repeat-01,4,bootstrap_heartbeat_send,1782872159605,hs1-pr100/repeat-01/hs1-pr100/node-4.log,131,E20260701 02:15:59.605692   385 consensus_manager.cpp:147] CHATAY_HS1_COLD_START heartbeat_send_start ts_ms=1782872159605 self=4 known_public_keys=2 all_replicas=4 current_ready=0
hs1-pr100,repeat-01,4,bootstrap_heartbeat_receive,1782872159616,hs1-pr100/repeat-01/hs1-pr100/node-4.log,137,E20260701 02:15:59.616308   385 consensus_manager.cpp:264] CHATAY_HS1_COLD_START heartbeat_receive_enter ts_ms=1782872159616 self=4
hs1-pr100,repeat-01,4,bootstrap_heartbeat_send,1782872159616,hs1-pr100/repeat-01/hs1-pr100/node-4.log,138,E20260701 02:15:59.616453   387 consensus_manager.cpp:147] CHATAY_HS1_COLD_START heartbeat_send_start ts_ms=1782872159616 self=4 known_public_keys=3 all_replicas=4 current_ready=0
hs1-pr100,repeat-01,4,bootstrap_heartbeat_receive,1782872159627,hs1-pr100/repeat-01/hs1-pr100/node-4.log,143,E20260701 02:15:59.627281   387 consensus_manager.cpp:264] CHATAY_HS1_COLD_START heartbeat_receive_enter ts_ms=1782872159627 self=4
hs1-pr100,repeat-01,4,bootstrap_heartbeat_receive,1782872159627,hs1-pr100/repeat-01/hs1-pr100/node-4.log,145,E20260701 02:15:59.627555   391 consensus_manager.cpp:264] CHATAY_HS1_COLD_START heartbeat_receive_enter ts_ms=1782872159627 self=4
hs1-pr100,repeat-01,4,bootstrap_heartbeat_receive,1782872159627,hs1-pr100/repeat-01/hs1-pr100/node-4.log,147,E20260701 02:15:59.627717   388 consensus_manager.cpp:264] CHATAY_HS1_COLD_START heartbeat_receive_enter ts_ms=1782872159627 self=4
hs1-pr100,repeat-01,4,bootstrap_heartbeat_send,1782872159627,hs1-pr100/repeat-01/hs1-pr100/node-4.log,149,E20260701 02:15:59.627816   392 consensus_manager.cpp:147] CHATAY_HS1_COLD_START heartbeat_send_start ts_ms=1782872159627 self=4 known_public_keys=4 all_replicas=4 current_ready=0
hs1-pr100,repeat-01,4,bootstrap_heartbeat_receive,1782872159638,hs1-pr100/repeat-01/hs1-pr100/node-4.log,154,E20260701 02:15:59.638334   392 consensus_manager.cpp:264] CHATAY_HS1_COLD_START heartbeat_receive_enter ts_ms=1782872159638 self=4
hs1-pr100,repeat-01,4,bootstrap_heartbeat_send,1782872159638,hs1-pr100/repeat-01/hs1-pr100/node-4.log,156,E20260701 02:15:59.638444   389 consensus_manager.cpp:147] CHATAY_HS1_COLD_START heartbeat_send_start ts_ms=1782872159638 self=4 known_public_keys=5 all_replicas=4 current_ready=0
hs1-pr100,repeat-01,4,bootstrap_heartbeat_receive,1782872159648,hs1-pr100/repeat-01/hs1-pr100/node-4.log,161,E20260701 02:15:59.648975   389 consensus_manager.cpp:264] CHATAY_HS1_COLD_START heartbeat_receive_enter ts_ms=1782872159648 self=4
hs1-pr100,repeat-01,4,readiness,1782872159649,hs1-pr100/repeat-01/hs1-pr100/node-4.log,163,E20260701 02:15:59.649225   389 consensus_manager.cpp:343] CHATAY_HS1_COLD_START readiness_reached ts_ms=1782872159649 self=4 replica_num=3 quorum=3 sender=4
hs1-pr100,repeat-01,4,readiness,20260701 02:15:59.649230,hs1-pr100/repeat-01/hs1-pr100/node-4.log,164,E20260701 02:15:59.649230   389 consensus_manager.cpp:349] ============ Server 4 is ready =====================
hs1-pr100,repeat-01,4,bootstrap_heartbeat_receive,1782872159649,hs1-pr100/repeat-01/hs1-pr100/node-4.log,165,E20260701 02:15:59.649269   389 consensus_manager.cpp:264] CHATAY_HS1_COLD_START heartbeat_receive_enter ts_ms=1782872159649 self=4
hs1-pr100,repeat-01,4,bootstrap_heartbeat_receive,1782872160061,hs1-pr100/repeat-01/hs1-pr100/node-4.log,182,E20260701 02:16:00.061285   393 consensus_manager.cpp:264] CHATAY_HS1_COLD_START heartbeat_receive_enter ts_ms=1782872160061 self=4
hs1-pr100,repeat-01,4,bootstrap_heartbeat_receive,1782872160503,hs1-pr100/repeat-01/hs1-pr100/node-4.log,184,E20260701 02:16:00.503991   389 consensus_manager.cpp:264] CHATAY_HS1_COLD_START heartbeat_receive_enter ts_ms=1782872160503 self=4
hs1-pr100,repeat-01,4,bootstrap_heartbeat_send,1782872160594,hs1-pr100/repeat-01/hs1-pr100/node-4.log,186,E20260701 02:16:00.594899   173 consensus_manager.cpp:147] CHATAY_HS1_COLD_START heartbeat_send_start ts_ms=1782872160594 self=4 known_public_keys=5 all_replicas=4 current_ready=1
hs1-pr100,repeat-01,4,bootstrap_heartbeat_receive,1782872160595,hs1-pr100/repeat-01/hs1-pr100/node-4.log,191,E20260701 02:16:00.595371   394 consensus_manager.cpp:264] CHATAY_HS1_COLD_START heartbeat_receive_enter ts_ms=1782872160595 self=4
hs1-pr100,repeat-01,4,bootstrap_heartbeat_receive,1782872160691,hs1-pr100/repeat-01/hs1-pr100/node-4.log,193,E20260701 02:16:00.691722   388 consensus_manager.cpp:264] CHATAY_HS1_COLD_START heartbeat_receive_enter ts_ms=1782872160691 self=4
hs1-pr100,repeat-01,4,bootstrap_heartbeat_receive,1782872160702,hs1-pr100/repeat-01/hs1-pr100/node-4.log,195,E20260701 02:16:00.702351   392 consensus_manager.cpp:264] CHATAY_HS1_COLD_START heartbeat_receive_enter ts_ms=1782872160702 self=4
hs1-pr100,repeat-01,4,bootstrap_heartbeat_receive,1782872160716,hs1-pr100/repeat-01/hs1-pr100/node-4.log,197,E20260701 02:16:00.716084   398 consensus_manager.cpp:264] CHATAY_HS1_COLD_START heartbeat_receive_enter ts_ms=1782872160716 self=4
hs1-pr100,repeat-01,4,bootstrap_heartbeat_receive,1782872161069,hs1-pr100/repeat-01/hs1-pr100/node-4.log,199,E20260701 02:16:01.069170   387 consensus_manager.cpp:264] CHATAY_HS1_COLD_START heartbeat_receive_enter ts_ms=1782872161069 self=4
hs1-pr100,repeat-01,4,bootstrap_heartbeat_receive,1782872161111,hs1-pr100/repeat-01/hs1-pr100/node-4.log,201,E20260701 02:16:01.111366   399 consensus_manager.cpp:264] CHATAY_HS1_COLD_START heartbeat_receive_enter ts_ms=1782872161111 self=4
hs1-pr100,repeat-01,4,bootstrap_heartbeat_receive,1782872161111,hs1-pr100/repeat-01/hs1-pr100/node-4.log,203,E20260701 02:16:01.111363   387 consensus_manager.cpp:264] CHATAY_HS1_COLD_START heartbeat_receive_enter ts_ms=1782872161111 self=4
hs1-pr100,repeat-01,4,bootstrap_heartbeat_receive,1782872161118,hs1-pr100/repeat-01/hs1-pr100/node-4.log,205,E20260701 02:16:01.118320   387 consensus_manager.cpp:264] CHATAY_HS1_COLD_START heartbeat_receive_enter ts_ms=1782872161118 self=4
hs1-pr100,repeat-01,4,bootstrap_heartbeat_receive,1782872161118,hs1-pr100/repeat-01/hs1-pr100/node-4.log,206,E20260701 02:16:01.118322   389 consensus_manager.cpp:264] CHATAY_HS1_COLD_START heartbeat_receive_enter ts_ms=1782872161118 self=4
hs1-pr100,repeat-01,4,bootstrap_heartbeat_receive,1782872161118,hs1-pr100/repeat-01/hs1-pr100/node-4.log,209,E20260701 02:16:01.118983   398 consensus_manager.cpp:264] CHATAY_HS1_COLD_START heartbeat_receive_enter ts_ms=1782872161118 self=4
hs1-pr100,repeat-01,4,bootstrap_heartbeat_receive,1782872161128,hs1-pr100/repeat-01/hs1-pr100/node-4.log,211,E20260701 02:16:01.128916   392 consensus_manager.cpp:264] CHATAY_HS1_COLD_START heartbeat_receive_enter ts_ms=1782872161128 self=4
hs1-pr100,repeat-01,4,bootstrap_heartbeat_receive,1782872161128,hs1-pr100/repeat-01/hs1-pr100/node-4.log,212,E20260701 02:16:01.128929   393 consensus_manager.cpp:264] CHATAY_HS1_COLD_START heartbeat_receive_enter ts_ms=1782872161128 self=4
hs1-pr100,repeat-01,4,bootstrap_heartbeat_receive,1782872161130,hs1-pr100/repeat-01/hs1-pr100/node-4.log,215,E20260701 02:16:01.130162   385 consensus_manager.cpp:264] CHATAY_HS1_COLD_START heartbeat_receive_enter ts_ms=1782872161130 self=4
hs1-pr100,repeat-01,4,bootstrap_heartbeat_receive,1782872161139,hs1-pr100/repeat-01/hs1-pr100/node-4.log,217,E20260701 02:16:01.139650   400 consensus_manager.cpp:264] CHATAY_HS1_COLD_START heartbeat_receive_enter ts_ms=1782872161139 self=4
hs1-pr100,repeat-01,4,bootstrap_heartbeat_receive,1782872161140,hs1-pr100/repeat-01/hs1-pr100/node-4.log,219,E20260701 02:16:01.140206   399 consensus_manager.cpp:264] CHATAY_HS1_COLD_START heartbeat_receive_enter ts_ms=1782872161140 self=4
hs1-pr100,repeat-01,4,bootstrap_heartbeat_receive,1782872161150,hs1-pr100/repeat-01/hs1-pr100/node-4.log,221,E20260701 02:16:01.150676   398 consensus_manager.cpp:264] CHATAY_HS1_COLD_START heartbeat_receive_enter ts_ms=1782872161150 self=4
hs1-pr100,repeat-01,4,bootstrap_heartbeat_receive,1782872161151,hs1-pr100/repeat-01/hs1-pr100/node-4.log,223,E20260701 02:16:01.151473   389 consensus_manager.cpp:264] CHATAY_HS1_COLD_START heartbeat_receive_enter ts_ms=1782872161151 self=4
hs1-pr100,repeat-01,4,bootstrap_heartbeat_receive,1782872161166,hs1-pr100/repeat-01/hs1-pr100/node-4.log,225,E20260701 02:16:01.166785   399 consensus_manager.cpp:264] CHATAY_HS1_COLD_START heartbeat_receive_enter ts_ms=1782872161166 self=4
hs1-pr100,repeat-01,4,hs1_consensus_commit,20260701 02:16:01.414498,hs1-pr100/repeat-01/hs1-pr100/node-4.log,227,E20260701 02:16:01.414498   399 consensus.cpp:109] CHATAY_HS1_TRACE consensus_commit self=4 request_type=TYPE_NONE sender=0 proxy=0 data_size=228
hs1-pr100,repeat-01,4,hs1_prepare_vote,20260701 02:16:01.414932,hs1-pr100/repeat-01/hs1-pr100/node-4.log,231,E20260701 02:16:01.414932   399 commitment.cpp:777] CHATAY_HS1_TRACE replica_send_vote self=4 vote_type=TYPE_PREPARE_VOTE source_type=TYPE_PREPARE target_primary=2 view=1 data_size=298
hs1-pr100,repeat-01,4,hs1_consensus_commit,20260701 02:16:01.474895,hs1-pr100/repeat-01/hs1-pr100/node-4.log,232,E20260701 02:16:01.474895   399 consensus.cpp:109] CHATAY_HS1_TRACE consensus_commit self=4 request_type=TYPE_NONE sender=0 proxy=0 data_size=441
hs1-pr100,repeat-01,4,hs1_precommit_vote,20260701 02:16:01.475124,hs1-pr100/repeat-01/hs1-pr100/node-4.log,235,E20260701 02:16:01.475124   399 commitment.cpp:777] CHATAY_HS1_TRACE replica_send_vote self=4 vote_type=TYPE_PRECOMMIT_VOTE source_type=TYPE_PRECOMMIT target_primary=3 view=1 data_size=731
hs1-pr100,repeat-01,4,hs1_consensus_commit,20260701 02:16:01.534674,hs1-pr100/repeat-01/hs1-pr100/node-4.log,236,E20260701 02:16:01.534674   385 consensus.cpp:109] CHATAY_HS1_TRACE consensus_commit self=4 request_type=TYPE_NONE sender=0 proxy=0 data_size=441
hs1-pr100,repeat-01,4,hs1_commit_vote,20260701 02:16:01.535022,hs1-pr100/repeat-01/hs1-pr100/node-4.log,239,E20260701 02:16:01.535022   385 commitment.cpp:777] CHATAY_HS1_TRACE replica_send_vote self=4 vote_type=TYPE_COMMIT_VOTE source_type=TYPE_COMMIT target_primary=4 view=1 data_size=731
hs1-pr100,repeat-01,4,hs1_consensus_commit,20260701 02:16:01.585175,hs1-pr100/repeat-01/hs1-pr100/node-4.log,240,E20260701 02:16:01.585175   388 consensus.cpp:109] CHATAY_HS1_TRACE consensus_commit self=4 request_type=TYPE_NONE sender=0 proxy=0 data_size=731
hs1-pr100,repeat-01,4,hs1_consensus_commit,20260701 02:16:01.585175,hs1-pr100/repeat-01/hs1-pr100/node-4.log,241,E20260701 02:16:01.585175   399 consensus.cpp:109] CHATAY_HS1_TRACE consensus_commit self=4 request_type=TYPE_NONE sender=0 proxy=0 data_size=731
hs1-pr100,repeat-01,4,hs1_consensus_commit,20260701 02:16:01.585173,hs1-pr100/repeat-01/hs1-pr100/node-4.log,244,E20260701 02:16:01.585173   391 consensus.cpp:109] CHATAY_HS1_TRACE consensus_commit self=4 request_type=TYPE_NONE sender=0 proxy=0 data_size=731
hs1-pr100,repeat-01,4,hs1_consensus_commit,20260701 02:16:01.586592,hs1-pr100/repeat-01/hs1-pr100/node-4.log,254,E20260701 02:16:01.586592   389 consensus.cpp:109] CHATAY_HS1_TRACE consensus_commit self=4 request_type=TYPE_NONE sender=0 proxy=0 data_size=731
hs1-pr100,repeat-01,4,hs1_consensus_commit,20260701 02:16:01.594816,hs1-pr100/repeat-01/hs1-pr100/node-4.log,258,E20260701 02:16:01.594816   400 consensus.cpp:109] CHATAY_HS1_TRACE consensus_commit self=4 request_type=TYPE_NONE sender=0 proxy=0 data_size=441
hs1-pr100,repeat-01,4,bootstrap_heartbeat_receive,1782872162162,hs1-pr100/repeat-01/hs1-pr100/node-4.log,263,E20260701 02:16:02.162362   390 consensus_manager.cpp:264] CHATAY_HS1_COLD_START heartbeat_receive_enter ts_ms=1782872162162 self=4
hs1-pr100,repeat-01,4,bootstrap_heartbeat_receive,1782872162177,hs1-pr100/repeat-01/hs1-pr100/node-4.log,265,E20260701 02:16:02.177891   386 consensus_manager.cpp:264] CHATAY_HS1_COLD_START heartbeat_receive_enter ts_ms=1782872162177 self=4
hs1-pr100,repeat-01,4,hs1_consensus_commit,20260701 02:16:02.418823,hs1-pr100/repeat-01/hs1-pr100/node-4.log,270,E20260701 02:16:02.418823   398 consensus.cpp:109] CHATAY_HS1_TRACE consensus_commit self=4 request_type=TYPE_NONE sender=0 proxy=0 data_size=618
hs1-pr100,repeat-01,4,hs1_prepare_vote,20260701 02:16:02.418901,hs1-pr100/repeat-01/hs1-pr100/node-4.log,274,E20260701 02:16:02.418901   398 commitment.cpp:777] CHATAY_HS1_TRACE replica_send_vote self=4 vote_type=TYPE_PREPARE_VOTE source_type=TYPE_PREPARE target_primary=2 view=5 data_size=690
hs1-pr100,repeat-01,4,hs1_consensus_commit,20260701 02:16:02.469473,hs1-pr100/repeat-01/hs1-pr100/node-4.log,275,E20260701 02:16:02.469473   385 consensus.cpp:109] CHATAY_HS1_TRACE consensus_commit self=4 request_type=TYPE_NONE sender=0 proxy=0 data_size=400
hs1-pr100,repeat-01,4,hs1_precommit_vote,20260701 02:16:02.469784,hs1-pr100/repeat-01/hs1-pr100/node-4.log,278,E20260701 02:16:02.469784   385 commitment.cpp:777] CHATAY_HS1_TRACE replica_send_vote self=4 vote_type=TYPE_PRECOMMIT_VOTE source_type=TYPE_PRECOMMIT target_primary=3 view=5 data_size=649
hs1-pr100,repeat-01,4,hs1_consensus_commit,20260701 02:16:02.487908,hs1-pr100/repeat-01/hs1-pr100/node-4.log,279,E20260701 02:16:02.487908   397 consensus.cpp:109] CHATAY_HS1_TRACE consensus_commit self=4 request_type=TYPE_NONE sender=0 proxy=0 data_size=470
hs1-pr100,repeat-01,4,hs1_commit_vote,20260701 02:16:02.488169,hs1-pr100/repeat-01/hs1-pr100/node-4.log,282,E20260701 02:16:02.488169   397 commitment.cpp:777] CHATAY_HS1_TRACE replica_send_vote self=4 vote_type=TYPE_COMMIT_VOTE source_type=TYPE_COMMIT target_primary=4 view=5 data_size=719
hs1-pr100,repeat-01,4,hs1_consensus_commit,20260701 02:16:02.489348,hs1-pr100/repeat-01/hs1-pr100/node-4.log,283,E20260701 02:16:02.489348   387 consensus.cpp:109] CHATAY_HS1_TRACE consensus_commit self=4 request_type=TYPE_NONE sender=0 proxy=0 data_size=719
hs1-pr100,repeat-01,4,hs1_consensus_commit,20260701 02:16:02.538282,hs1-pr100/repeat-01/hs1-pr100/node-4.log,287,E20260701 02:16:02.538282   386 consensus.cpp:109] CHATAY_HS1_TRACE consensus_commit self=4 request_type=TYPE_NONE sender=0 proxy=0 data_size=719
hs1-pr100,repeat-01,4,hs1_consensus_commit,20260701 02:16:02.538282,hs1-pr100/repeat-01/hs1-pr100/node-4.log,288,E20260701 02:16:02.538282   399 consensus.cpp:109] CHATAY_HS1_TRACE consensus_commit self=4 request_type=TYPE_NONE sender=0 proxy=0 data_size=719
hs1-pr100,repeat-01,4,hs1_consensus_commit,20260701 02:16:02.538303,hs1-pr100/repeat-01/hs1-pr100/node-4.log,294,E20260701 02:16:02.538303   390 consensus.cpp:109] CHATAY_HS1_TRACE consensus_commit self=4 request_type=TYPE_NONE sender=0 proxy=0 data_size=719
hs1-pr100,repeat-01,4,hs1_consensus_commit,20260701 02:16:02.549229,hs1-pr100/repeat-01/hs1-pr100/node-4.log,301,E20260701 02:16:02.549229   385 consensus.cpp:109] CHATAY_HS1_TRACE consensus_commit self=4 request_type=TYPE_NONE sender=0 proxy=0 data_size=400
hs1-pr100,repeat-01,5,config_load,1782872147681,hs1-pr100/repeat-01/hs1-pr100/node-5.log,4,E20260701 02:15:47.681663   175 resdb_config_utils.cpp:198] CHATAY_HS1_COLD_START generate_resdb_config_start ts_ms=1782872147681 config_file=/work/config/server/server.config private_key_file=/work/cert/node5.key.pri cert_file=/work/cert/cert_5.cert
hs1-pr100,repeat-01,5,config_load,1782872147681,hs1-pr100/repeat-01/hs1-pr100/node-5.log,5,E20260701 02:15:47.681666   175 resdb_config_utils.cpp:133] CHATAY_HS1_COLD_START read_config_start ts_ms=1782872147681 file=/work/config/server/server.config
hs1-pr100,repeat-01,5,config_load,1782872147682,hs1-pr100/repeat-01/hs1-pr100/node-5.log,6,E20260701 02:15:47.682195   175 resdb_config_utils.cpp:154] CHATAY_HS1_COLD_START read_config_finish ts_ms=1782872147682 duration_ms=1 file=/work/config/server/server.config bytes=292 regions=1
hs1-pr100,repeat-01,5,key_cert_load,1782872147682,hs1-pr100/repeat-01/hs1-pr100/node-5.log,7,E20260701 02:15:47.682207   175 resdb_config_utils.cpp:49] CHATAY_HS1_COLD_START read_private_key_start ts_ms=1782872147682 file=/work/cert/node5.key.pri
hs1-pr100,repeat-01,5,key_cert_load,1782872147682,hs1-pr100/repeat-01/hs1-pr100/node-5.log,8,E20260701 02:15:47.682235   175 resdb_config_utils.cpp:71] CHATAY_HS1_COLD_START read_private_key_finish ts_ms=1782872147682 duration_ms=0 file=/work/cert/node5.key.pri bytes=36 hash_type=2
hs1-pr100,repeat-01,5,key_cert_load,1782872147682,hs1-pr100/repeat-01/hs1-pr100/node-5.log,9,E20260701 02:15:47.682237   175 resdb_config_utils.cpp:82] CHATAY_HS1_COLD_START read_cert_start ts_ms=1782872147682 file=/work/cert/cert_5.cert
hs1-pr100,repeat-01,5,key_cert_load,1782872147682,hs1-pr100/repeat-01/hs1-pr100/node-5.log,10,E20260701 02:15:47.682246   175 resdb_config_utils.cpp:104] CHATAY_HS1_COLD_START read_cert_finish ts_ms=1782872147682 duration_ms=0 file=/work/cert/cert_5.cert bytes=169 node_id=5 type=1
hs1-pr100,repeat-01,5,key_cert_load,1782872147682,hs1-pr100/repeat-01/hs1-pr100/node-5.log,11,E20260701 02:15:47.682248   175 resdb_config_utils.cpp:207] CHATAY_HS1_COLD_START key_cert_loaded ts_ms=1782872147682 node_id=5 public_key_hash_type=2 private_key_hash_type=2
hs1-pr100,repeat-01,5,config_load,1782872147682,hs1-pr100/repeat-01/hs1-pr100/node-5.log,12,E20260701 02:15:47.682252   175 resdb_config_utils.cpp:231] CHATAY_HS1_COLD_START generate_resdb_config_finish ts_ms=1782872147682 duration_ms=1 self=5 custom_gen=0
hs1-pr100,repeat-01,5,network_start,1782872147687,hs1-pr100/repeat-01/hs1-pr100/node-5.log,47,E20260701 02:15:47.687708   175 service_network.cpp:50] CHATAY_HS1_COLD_START service_network_ctor_start ts_ms=1782872147687 self=5 port=25115
hs1-pr100,repeat-01,5,bootstrap_heartbeat_send,1782872147688,hs1-pr100/repeat-01/hs1-pr100/node-5.log,66,E20260701 02:15:47.688735   206 consensus_manager.cpp:147] CHATAY_HS1_COLD_START heartbeat_send_start ts_ms=1782872147688 self=5 known_public_keys=1 all_replicas=4 current_ready=0
hs1-pr100,repeat-01,5,bootstrap_heartbeat_send,1782872148699,hs1-pr100/repeat-01/hs1-pr100/node-5.log,71,E20260701 02:15:48.699445   206 consensus_manager.cpp:147] CHATAY_HS1_COLD_START heartbeat_send_start ts_ms=1782872148699 self=5 known_public_keys=1 all_replicas=4 current_ready=0
hs1-pr100,repeat-01,5,bootstrap_heartbeat_send,1782872156901,hs1-pr100/repeat-01/hs1-pr100/node-5.log,86,E20260701 02:15:56.901803   206 consensus_manager.cpp:147] CHATAY_HS1_COLD_START heartbeat_send_start ts_ms=1782872156901 self=5 known_public_keys=1 all_replicas=4 current_ready=0
hs1-pr100,repeat-01,5,bootstrap_heartbeat_send,1782872158990,hs1-pr100/repeat-01/hs1-pr100/node-5.log,96,E20260701 02:15:58.990607   206 consensus_manager.cpp:147] CHATAY_HS1_COLD_START heartbeat_send_start ts_ms=1782872158990 self=5 known_public_keys=1 all_replicas=4 current_ready=0
hs1-pr100,repeat-01,5,network_start,1782872160689,hs1-pr100/repeat-01/hs1-pr100/node-5.log,106,E20260701 02:16:00.689710   175 service_network.cpp:143] CHATAY_HS1_COLD_START service_network_service_started ts_ms=1782872160689 self=5
hs1-pr100,repeat-01,5,network_start,1782872160689,hs1-pr100/repeat-01/hs1-pr100/node-5.log,108,E20260701 02:16:00.689785   175 service_network.cpp:151] CHATAY_HS1_COLD_START service_network_acceptor_run_enter ts_ms=1782872160689 self=5
hs1-pr100,repeat-01,5,bootstrap_heartbeat_receive,1782872160691,hs1-pr100/repeat-01/hs1-pr100/node-5.log,112,E20260701 02:16:00.691022   438 consensus_manager.cpp:264] CHATAY_HS1_COLD_START heartbeat_receive_enter ts_ms=1782872160691 self=5
hs1-pr100,repeat-01,5,bootstrap_heartbeat_receive,1782872160691,hs1-pr100/repeat-01/hs1-pr100/node-5.log,113,E20260701 02:16:00.691048   450 consensus_manager.cpp:264] CHATAY_HS1_COLD_START heartbeat_receive_enter ts_ms=1782872160691 self=5
hs1-pr100,repeat-01,5,bootstrap_heartbeat_receive,1782872160691,hs1-pr100/repeat-01/hs1-pr100/node-5.log,114,E20260701 02:16:00.691056   435 consensus_manager.cpp:264] CHATAY_HS1_COLD_START heartbeat_receive_enter ts_ms=1782872160691 self=5
hs1-pr100,repeat-01,5,bootstrap_heartbeat_receive,1782872160691,hs1-pr100/repeat-01/hs1-pr100/node-5.log,115,E20260701 02:16:00.691073   440 consensus_manager.cpp:264] CHATAY_HS1_COLD_START heartbeat_receive_enter ts_ms=1782872160691 self=5
hs1-pr100,repeat-01,5,bootstrap_heartbeat_receive,1782872160691,hs1-pr100/repeat-01/hs1-pr100/node-5.log,116,E20260701 02:16:00.691046   436 consensus_manager.cpp:264] CHATAY_HS1_COLD_START heartbeat_receive_enter ts_ms=1782872160691 self=5
hs1-pr100,repeat-01,5,bootstrap_heartbeat_receive,1782872160691,hs1-pr100/repeat-01/hs1-pr100/node-5.log,117,E20260701 02:16:00.691038   437 consensus_manager.cpp:264] CHATAY_HS1_COLD_START heartbeat_receive_enter ts_ms=1782872160691 self=5
hs1-pr100,repeat-01,5,bootstrap_heartbeat_receive,1782872160691,hs1-pr100/repeat-01/hs1-pr100/node-5.log,118,E20260701 02:16:00.691064   441 consensus_manager.cpp:264] CHATAY_HS1_COLD_START heartbeat_receive_enter ts_ms=1782872160691 self=5
hs1-pr100,repeat-01,5,bootstrap_heartbeat_receive,1782872160691,hs1-pr100/repeat-01/hs1-pr100/node-5.log,119,E20260701 02:16:00.691063   439 consensus_manager.cpp:264] CHATAY_HS1_COLD_START heartbeat_receive_enter ts_ms=1782872160691 self=5
hs1-pr100,repeat-01,5,bootstrap_heartbeat_send,1782872160691,hs1-pr100/repeat-01/hs1-pr100/node-5.log,121,E20260701 02:16:00.691285   438 consensus_manager.cpp:147] CHATAY_HS1_COLD_START heartbeat_send_start ts_ms=1782872160691 self=5 known_public_keys=2 all_replicas=4 current_ready=0
hs1-pr100,repeat-01,5,bootstrap_heartbeat_receive,1782872160691,hs1-pr100/repeat-01/hs1-pr100/node-5.log,126,E20260701 02:16:00.691735   444 consensus_manager.cpp:264] CHATAY_HS1_COLD_START heartbeat_receive_enter ts_ms=1782872160691 self=5
hs1-pr100,repeat-01,5,bootstrap_heartbeat_send,1782872160701,hs1-pr100/repeat-01/hs1-pr100/node-5.log,128,E20260701 02:16:00.701956   450 consensus_manager.cpp:147] CHATAY_HS1_COLD_START heartbeat_send_start ts_ms=1782872160701 self=5 known_public_keys=5 all_replicas=4 current_ready=0
hs1-pr100,repeat-01,5,bootstrap_heartbeat_receive,1782872160702,hs1-pr100/repeat-01/hs1-pr100/node-5.log,133,E20260701 02:16:00.702353   449 consensus_manager.cpp:264] CHATAY_HS1_COLD_START heartbeat_receive_enter ts_ms=1782872160702 self=5
hs1-pr100,repeat-01,5,readiness,1782872160712,hs1-pr100/repeat-01/hs1-pr100/node-5.log,134,E20260701 02:16:00.712260   450 consensus_manager.cpp:343] CHATAY_HS1_COLD_START readiness_reached ts_ms=1782872160712 self=5 replica_num=4 quorum=3 sender=2
hs1-pr100,repeat-01,5,readiness,20260701 02:16:00.712296,hs1-pr100/repeat-01/hs1-pr100/node-5.log,135,E20260701 02:16:00.712296   450 consensus_manager.cpp:349] ============ Server 5 is ready =====================
hs1-pr100,repeat-01,5,bootstrap_heartbeat_send,1782872160715,hs1-pr100/repeat-01/hs1-pr100/node-5.log,143,E20260701 02:16:00.715600   444 consensus_manager.cpp:147] CHATAY_HS1_COLD_START heartbeat_send_start ts_ms=1782872160715 self=5 known_public_keys=5 all_replicas=4 current_ready=1
hs1-pr100,repeat-01,5,bootstrap_heartbeat_receive,1782872160716,hs1-pr100/repeat-01/hs1-pr100/node-5.log,148,E20260701 02:16:00.716053   438 consensus_manager.cpp:264] CHATAY_HS1_COLD_START heartbeat_receive_enter ts_ms=1782872160716 self=5
hs1-pr100,repeat-01,5,bootstrap_heartbeat_send,1782872161068,hs1-pr100/repeat-01/hs1-pr100/node-5.log,151,E20260701 02:16:01.068708   206 consensus_manager.cpp:147] CHATAY_HS1_COLD_START heartbeat_send_start ts_ms=1782872161068 self=5 known_public_keys=5 all_replicas=4 current_ready=1
hs1-pr100,repeat-01,5,bootstrap_heartbeat_receive,1782872161069,hs1-pr100/repeat-01/hs1-pr100/node-5.log,156,E20260701 02:16:01.069165   448 consensus_manager.cpp:264] CHATAY_HS1_COLD_START heartbeat_receive_enter ts_ms=1782872161069 self=5
hs1-pr100,repeat-01,5,bootstrap_heartbeat_receive,1782872161118,hs1-pr100/repeat-01/hs1-pr100/node-5.log,158,E20260701 02:16:01.118345   438 consensus_manager.cpp:264] CHATAY_HS1_COLD_START heartbeat_receive_enter ts_ms=1782872161118 self=5
hs1-pr100,repeat-01,5,bootstrap_heartbeat_send,1782872161118,hs1-pr100/repeat-01/hs1-pr100/node-5.log,160,E20260701 02:16:01.118544   438 consensus_manager.cpp:147] CHATAY_HS1_COLD_START heartbeat_send_start ts_ms=1782872161118 self=5 known_public_keys=5 all_replicas=4 current_ready=1
hs1-pr100,repeat-01,5,bootstrap_heartbeat_receive,1782872161118,hs1-pr100/repeat-01/hs1-pr100/node-5.log,165,E20260701 02:16:01.118961   440 consensus_manager.cpp:264] CHATAY_HS1_COLD_START heartbeat_receive_enter ts_ms=1782872161118 self=5
hs1-pr100,repeat-01,5,bootstrap_heartbeat_receive,1782872161128,hs1-pr100/repeat-01/hs1-pr100/node-5.log,167,E20260701 02:16:01.128928   436 consensus_manager.cpp:264] CHATAY_HS1_COLD_START heartbeat_receive_enter ts_ms=1782872161128 self=5
hs1-pr100,repeat-01,5,bootstrap_heartbeat_receive,1782872161128,hs1-pr100/repeat-01/hs1-pr100/node-5.log,168,E20260701 02:16:01.128945   439 consensus_manager.cpp:264] CHATAY_HS1_COLD_START heartbeat_receive_enter ts_ms=1782872161128 self=5
hs1-pr100,repeat-01,5,bootstrap_heartbeat_send,1782872161129,hs1-pr100/repeat-01/hs1-pr100/node-5.log,171,E20260701 02:16:01.129709   439 consensus_manager.cpp:147] CHATAY_HS1_COLD_START heartbeat_send_start ts_ms=1782872161129 self=5 known_public_keys=5 all_replicas=4 current_ready=1
hs1-pr100,repeat-01,5,bootstrap_heartbeat_receive,1782872161130,hs1-pr100/repeat-01/hs1-pr100/node-5.log,176,E20260701 02:16:01.130162   446 consensus_manager.cpp:264] CHATAY_HS1_COLD_START heartbeat_receive_enter ts_ms=1782872161130 self=5
hs1-pr100,repeat-01,5,bootstrap_heartbeat_receive,1782872161139,hs1-pr100/repeat-01/hs1-pr100/node-5.log,177,E20260701 02:16:01.139648   448 consensus_manager.cpp:264] CHATAY_HS1_COLD_START heartbeat_receive_enter ts_ms=1782872161139 self=5
hs1-pr100,repeat-01,5,bootstrap_heartbeat_receive,1782872161140,hs1-pr100/repeat-01/hs1-pr100/node-5.log,180,E20260701 02:16:01.140623   441 consensus_manager.cpp:264] CHATAY_HS1_COLD_START heartbeat_receive_enter ts_ms=1782872161140 self=5
hs1-pr100,repeat-01,5,bootstrap_heartbeat_receive,1782872161150,hs1-pr100/repeat-01/hs1-pr100/node-5.log,182,E20260701 02:16:01.150758   450 consensus_manager.cpp:264] CHATAY_HS1_COLD_START heartbeat_receive_enter ts_ms=1782872161150 self=5
hs1-pr100,repeat-01,5,bootstrap_heartbeat_receive,1782872161151,hs1-pr100/repeat-01/hs1-pr100/node-5.log,184,E20260701 02:16:01.151955   448 consensus_manager.cpp:264] CHATAY_HS1_COLD_START heartbeat_receive_enter ts_ms=1782872161151 self=5
hs1-pr100,repeat-01,5,bootstrap_heartbeat_receive,1782872161166,hs1-pr100/repeat-01/hs1-pr100/node-5.log,186,E20260701 02:16:01.166801   447 consensus_manager.cpp:264] CHATAY_HS1_COLD_START heartbeat_receive_enter ts_ms=1782872161166 self=5
hs1-pr100,repeat-01,5,hs1_consensus_commit,20260701 02:16:01.295981,hs1-pr100/repeat-01/hs1-pr100/node-5.log,188,E20260701 02:16:01.295981   447 consensus.cpp:109] CHATAY_HS1_TRACE consensus_commit self=5 request_type=TYPE_CLIENT_REQUEST sender=0 proxy=0 data_size=150
hs1-pr100,repeat-01,5,hs1_consensus_commit,20260701 02:16:01.646509,hs1-pr100/repeat-01/hs1-pr100/node-5.log,200,E20260701 02:16:01.646509   446 consensus.cpp:109] CHATAY_HS1_TRACE consensus_commit self=5 request_type=TYPE_RESPONSE sender=2 proxy=5 data_size=15
hs1-pr100,repeat-01,5,hs1_consensus_commit,20260701 02:16:01.646515,hs1-pr100/repeat-01/hs1-pr100/node-5.log,201,E20260701 02:16:01.646515   436 consensus.cpp:109] CHATAY_HS1_TRACE consensus_commit self=5 request_type=TYPE_RESPONSE sender=4 proxy=5 data_size=15
hs1-pr100,repeat-01,5,hs1_consensus_commit,20260701 02:16:01.646617,hs1-pr100/repeat-01/hs1-pr100/node-5.log,202,E20260701 02:16:01.646617   441 consensus.cpp:109] CHATAY_HS1_TRACE consensus_commit self=5 request_type=TYPE_RESPONSE sender=1 proxy=5 data_size=15
hs1-pr100,repeat-01,5,hs1_consensus_commit,20260701 02:16:01.646515,hs1-pr100/repeat-01/hs1-pr100/node-5.log,203,E20260701 02:16:01.646515   439 consensus.cpp:109] CHATAY_HS1_TRACE consensus_commit self=5 request_type=TYPE_RESPONSE sender=3 proxy=5 data_size=15
hs1-pr100,repeat-01,5,bootstrap_heartbeat_receive,1782872162162,hs1-pr100/repeat-01/hs1-pr100/node-5.log,215,E20260701 02:16:02.162472   442 consensus_manager.cpp:264] CHATAY_HS1_COLD_START heartbeat_receive_enter ts_ms=1782872162162 self=5
hs1-pr100,repeat-01,5,bootstrap_heartbeat_receive,1782872162177,hs1-pr100/repeat-01/hs1-pr100/node-5.log,217,E20260701 02:16:02.177834   441 consensus_manager.cpp:264] CHATAY_HS1_COLD_START heartbeat_receive_enter ts_ms=1782872162177 self=5
hs1-pr100,repeat-01,5,hs1_consensus_commit,20260701 02:16:02.304265,hs1-pr100/repeat-01/hs1-pr100/node-5.log,219,E20260701 02:16:02.304265   448 consensus.cpp:109] CHATAY_HS1_TRACE consensus_commit self=5 request_type=TYPE_CLIENT_REQUEST sender=0 proxy=0 data_size=73
hs1-pr100,repeat-01,5,hs1_consensus_commit,20260701 02:16:02.599272,hs1-pr100/repeat-01/hs1-pr100/node-5.log,233,E20260701 02:16:02.599272   445 consensus.cpp:109] CHATAY_HS1_TRACE consensus_commit self=5 request_type=TYPE_RESPONSE sender=3 proxy=5 data_size=94
hs1-pr100,repeat-01,5,hs1_consensus_commit,20260701 02:16:02.599272,hs1-pr100/repeat-01/hs1-pr100/node-5.log,234,E20260701 02:16:02.599272   450 consensus.cpp:109] CHATAY_HS1_TRACE consensus_commit self=5 request_type=TYPE_RESPONSE sender=4 proxy=5 data_size=94
hs1-pr100,repeat-01,5,hs1_consensus_commit,20260701 02:16:02.599458,hs1-pr100/repeat-01/hs1-pr100/node-5.log,239,E20260701 02:16:02.599458   448 consensus.cpp:109] CHATAY_HS1_TRACE consensus_commit self=5 request_type=TYPE_RESPONSE sender=2 proxy=5 data_size=94
hs1-pr100,repeat-01,5,hs1_consensus_commit,20260701 02:16:02.599481,hs1-pr100/repeat-01/hs1-pr100/node-5.log,241,E20260701 02:16:02.599481   437 consensus.cpp:109] CHATAY_HS1_TRACE consensus_commit self=5 request_type=TYPE_RESPONSE sender=1 proxy=5 data_size=94
hs1-pr100,repeat-02,client,client_get_ok,,hs1-pr100/repeat-02/hs1-pr100/client-get-001.log,3,client get value = chatay-hs1-pr100-value-20260701T021524Z-runtime-coldstart-hs1-pr100-r02-001
hs1-pr100,repeat-02,client,client_set_ok,,hs1-pr100/repeat-02/hs1-pr100/client-set-001.log,3,client set ret = 0
hs1-pr100,repeat-02,1,config_load,1782872165242,hs1-pr100/repeat-02/hs1-pr100/node-1.log,4,E20260701 02:16:05.242934    40 resdb_config_utils.cpp:198] CHATAY_HS1_COLD_START generate_resdb_config_start ts_ms=1782872165242 config_file=/work/config/server/server.config private_key_file=/work/cert/node1.key.pri cert_file=/work/cert/cert_1.cert
hs1-pr100,repeat-02,1,config_load,1782872165242,hs1-pr100/repeat-02/hs1-pr100/node-1.log,5,E20260701 02:16:05.242939    40 resdb_config_utils.cpp:133] CHATAY_HS1_COLD_START read_config_start ts_ms=1782872165242 file=/work/config/server/server.config
hs1-pr100,repeat-02,1,config_load,1782872165243,hs1-pr100/repeat-02/hs1-pr100/node-1.log,6,E20260701 02:16:05.243770    40 resdb_config_utils.cpp:154] CHATAY_HS1_COLD_START read_config_finish ts_ms=1782872165243 duration_ms=1 file=/work/config/server/server.config bytes=292 regions=1
hs1-pr100,repeat-02,1,key_cert_load,1782872165243,hs1-pr100/repeat-02/hs1-pr100/node-1.log,7,E20260701 02:16:05.243788    40 resdb_config_utils.cpp:49] CHATAY_HS1_COLD_START read_private_key_start ts_ms=1782872165243 file=/work/cert/node1.key.pri
hs1-pr100,repeat-02,1,key_cert_load,1782872165243,hs1-pr100/repeat-02/hs1-pr100/node-1.log,8,E20260701 02:16:05.243801    40 resdb_config_utils.cpp:71] CHATAY_HS1_COLD_START read_private_key_finish ts_ms=1782872165243 duration_ms=0 file=/work/cert/node1.key.pri bytes=36 hash_type=2
hs1-pr100,repeat-02,1,key_cert_load,1782872165243,hs1-pr100/repeat-02/hs1-pr100/node-1.log,9,E20260701 02:16:05.243804    40 resdb_config_utils.cpp:82] CHATAY_HS1_COLD_START read_cert_start ts_ms=1782872165243 file=/work/cert/cert_1.cert
hs1-pr100,repeat-02,1,key_cert_load,1782872165243,hs1-pr100/repeat-02/hs1-pr100/node-1.log,10,E20260701 02:16:05.243814    40 resdb_config_utils.cpp:104] CHATAY_HS1_COLD_START read_cert_finish ts_ms=1782872165243 duration_ms=0 file=/work/cert/cert_1.cert bytes=167 node_id=1 type=0
hs1-pr100,repeat-02,1,key_cert_load,1782872165243,hs1-pr100/repeat-02/hs1-pr100/node-1.log,11,E20260701 02:16:05.243817    40 resdb_config_utils.cpp:207] CHATAY_HS1_COLD_START key_cert_loaded ts_ms=1782872165243 node_id=1 public_key_hash_type=2 private_key_hash_type=2
hs1-pr100,repeat-02,1,config_load,1782872165243,hs1-pr100/repeat-02/hs1-pr100/node-1.log,12,E20260701 02:16:05.243821    40 resdb_config_utils.cpp:231] CHATAY_HS1_COLD_START generate_resdb_config_finish ts_ms=1782872165243 duration_ms=1 self=1 custom_gen=0
hs1-pr100,repeat-02,1,network_start,1782872165249,hs1-pr100/repeat-02/hs1-pr100/node-1.log,47,E20260701 02:16:05.249538    40 service_network.cpp:50] CHATAY_HS1_COLD_START service_network_ctor_start ts_ms=1782872165249 self=1 port=25121
hs1-pr100,repeat-02,1,bootstrap_heartbeat_send,1782872165250,hs1-pr100/repeat-02/hs1-pr100/node-1.log,66,E20260701 02:16:05.250119    71 consensus_manager.cpp:147] CHATAY_HS1_COLD_START heartbeat_send_start ts_ms=1782872165250 self=1 known_public_keys=1 all_replicas=4 current_ready=0
hs1-pr100,repeat-02,1,bootstrap_heartbeat_send,1782872166260,hs1-pr100/repeat-02/hs1-pr100/node-1.log,89,E20260701 02:16:06.260640    71 consensus_manager.cpp:147] CHATAY_HS1_COLD_START heartbeat_send_start ts_ms=1782872166260 self=1 known_public_keys=1 all_replicas=4 current_ready=0
hs1-pr100,repeat-02,1,bootstrap_heartbeat_send,1782872167271,hs1-pr100/repeat-02/hs1-pr100/node-1.log,100,E20260701 02:16:07.271298    71 consensus_manager.cpp:147] CHATAY_HS1_COLD_START heartbeat_send_start ts_ms=1782872167271 self=1 known_public_keys=1 all_replicas=4 current_ready=0
hs1-pr100,repeat-02,1,bootstrap_heartbeat_send,1782872168281,hs1-pr100/repeat-02/hs1-pr100/node-1.log,112,E20260701 02:16:08.281697    71 consensus_manager.cpp:147] CHATAY_HS1_COLD_START heartbeat_send_start ts_ms=1782872168281 self=1 known_public_keys=1 all_replicas=4 current_ready=0
hs1-pr100,repeat-02,1,network_start,1782872174251,hs1-pr100/repeat-02/hs1-pr100/node-1.log,126,E20260701 02:16:14.251212    40 service_network.cpp:143] CHATAY_HS1_COLD_START service_network_service_started ts_ms=1782872174251 self=1
hs1-pr100,repeat-02,1,network_start,1782872174251,hs1-pr100/repeat-02/hs1-pr100/node-1.log,128,E20260701 02:16:14.251323    40 service_network.cpp:151] CHATAY_HS1_COLD_START service_network_acceptor_run_enter ts_ms=1782872174251 self=1
hs1-pr100,repeat-02,1,hs1_consensus_commit,20260701 02:16:14.251711,hs1-pr100/repeat-02/hs1-pr100/node-1.log,136,E20260701 02:16:14.251711   279 consensus.cpp:109] CHATAY_HS1_TRACE consensus_commit self=1 request_type=TYPE_NONE sender=0 proxy=0 data_size=6
hs1-pr100,repeat-02,1,hs1_consensus_commit,20260701 02:16:14.253121,hs1-pr100/repeat-02/hs1-pr100/node-1.log,137,E20260701 02:16:14.253121   281 consensus.cpp:109] CHATAY_HS1_TRACE consensus_commit self=1 request_type=TYPE_NONE sender=0 proxy=0 data_size=6
hs1-pr100,repeat-02,1,bootstrap_heartbeat_receive,1782872174255,hs1-pr100/repeat-02/hs1-pr100/node-1.log,157,E20260701 02:16:14.255784   279 consensus_manager.cpp:264] CHATAY_HS1_COLD_START heartbeat_receive_enter ts_ms=1782872174255 self=1
hs1-pr100,repeat-02,1,bootstrap_heartbeat_receive,1782872174255,hs1-pr100/repeat-02/hs1-pr100/node-1.log,158,E20260701 02:16:14.255808   285 consensus_manager.cpp:264] CHATAY_HS1_COLD_START heartbeat_receive_enter ts_ms=1782872174255 self=1
hs1-pr100,repeat-02,1,bootstrap_heartbeat_receive,1782872174255,hs1-pr100/repeat-02/hs1-pr100/node-1.log,159,E20260701 02:16:14.255820   287 consensus_manager.cpp:264] CHATAY_HS1_COLD_START heartbeat_receive_enter ts_ms=1782872174255 self=1
hs1-pr100,repeat-02,1,bootstrap_heartbeat_receive,1782872174255,hs1-pr100/repeat-02/hs1-pr100/node-1.log,160,E20260701 02:16:14.255834   280 consensus_manager.cpp:264] CHATAY_HS1_COLD_START heartbeat_receive_enter ts_ms=1782872174255 self=1
hs1-pr100,repeat-02,1,bootstrap_heartbeat_receive,1782872174255,hs1-pr100/repeat-02/hs1-pr100/node-1.log,161,E20260701 02:16:14.255815   286 consensus_manager.cpp:264] CHATAY_HS1_COLD_START heartbeat_receive_enter ts_ms=1782872174255 self=1
hs1-pr100,repeat-02,1,bootstrap_heartbeat_receive,1782872174255,hs1-pr100/repeat-02/hs1-pr100/node-1.log,162,E20260701 02:16:14.255846   289 consensus_manager.cpp:264] CHATAY_HS1_COLD_START heartbeat_receive_enter ts_ms=1782872174255 self=1
hs1-pr100,repeat-02,1,bootstrap_heartbeat_receive,1782872174255,hs1-pr100/repeat-02/hs1-pr100/node-1.log,163,E20260701 02:16:14.255842   283 consensus_manager.cpp:264] CHATAY_HS1_COLD_START heartbeat_receive_enter ts_ms=1782872174255 self=1
hs1-pr100,repeat-02,1,bootstrap_heartbeat_receive,1782872174255,hs1-pr100/repeat-02/hs1-pr100/node-1.log,164,E20260701 02:16:14.255841   288 consensus_manager.cpp:264] CHATAY_HS1_COLD_START heartbeat_receive_enter ts_ms=1782872174255 self=1
hs1-pr100,repeat-02,1,bootstrap_heartbeat_receive,1782872174255,hs1-pr100/repeat-02/hs1-pr100/node-1.log,165,E20260701 02:16:14.255904   295 consensus_manager.cpp:264] CHATAY_HS1_COLD_START heartbeat_receive_enter ts_ms=1782872174255 self=1
hs1-pr100,repeat-02,1,bootstrap_heartbeat_receive,1782872174255,hs1-pr100/repeat-02/hs1-pr100/node-1.log,166,E20260701 02:16:14.255854   291 consensus_manager.cpp:264] CHATAY_HS1_COLD_START heartbeat_receive_enter ts_ms=1782872174255 self=1
hs1-pr100,repeat-02,1,bootstrap_heartbeat_receive,1782872174255,hs1-pr100/repeat-02/hs1-pr100/node-1.log,167,E20260701 02:16:14.255851   290 consensus_manager.cpp:264] CHATAY_HS1_COLD_START heartbeat_receive_enter ts_ms=1782872174255 self=1
hs1-pr100,repeat-02,1,hs1_consensus_commit,20260701 02:16:14.269049,hs1-pr100/repeat-02/hs1-pr100/node-1.log,172,E20260701 02:16:14.269049   281 consensus.cpp:109] CHATAY_HS1_TRACE consensus_commit self=1 request_type=TYPE_NONE sender=0 proxy=0 data_size=6
hs1-pr100,repeat-02,1,bootstrap_heartbeat_receive,1782872175501,hs1-pr100/repeat-02/hs1-pr100/node-1.log,184,E20260701 02:16:15.501036   281 consensus_manager.cpp:264] CHATAY_HS1_COLD_START heartbeat_receive_enter ts_ms=1782872175501 self=1
hs1-pr100,repeat-02,1,bootstrap_heartbeat_receive,1782872175501,hs1-pr100/repeat-02/hs1-pr100/node-1.log,186,E20260701 02:16:15.501041   284 consensus_manager.cpp:264] CHATAY_HS1_COLD_START heartbeat_receive_enter ts_ms=1782872175501 self=1
hs1-pr100,repeat-02,1,bootstrap_heartbeat_receive,1782872175501,hs1-pr100/repeat-02/hs1-pr100/node-1.log,187,E20260701 02:16:15.501057   293 consensus_manager.cpp:264] CHATAY_HS1_COLD_START heartbeat_receive_enter ts_ms=1782872175501 self=1
hs1-pr100,repeat-02,1,bootstrap_heartbeat_send,1782872175507,hs1-pr100/repeat-02/hs1-pr100/node-1.log,189,E20260701 02:16:15.507336   279 consensus_manager.cpp:147] CHATAY_HS1_COLD_START heartbeat_send_start ts_ms=1782872175507 self=1 known_public_keys=2 all_replicas=4 current_ready=0
hs1-pr100,repeat-02,1,bootstrap_heartbeat_receive,1782872175507,hs1-pr100/repeat-02/hs1-pr100/node-1.log,193,E20260701 02:16:15.507759   298 consensus_manager.cpp:264] CHATAY_HS1_COLD_START heartbeat_receive_enter ts_ms=1782872175507 self=1
hs1-pr100,repeat-02,1,hs1_consensus_commit,20260701 02:16:15.769569,hs1-pr100/repeat-02/hs1-pr100/node-1.log,198,E20260701 02:16:15.769569   282 consensus.cpp:109] CHATAY_HS1_TRACE consensus_commit self=1 request_type=TYPE_NONE sender=0 proxy=0 data_size=6
hs1-pr100,repeat-02,1,bootstrap_heartbeat_receive,1782872175980,hs1-pr100/repeat-02/hs1-pr100/node-1.log,202,E20260701 02:16:15.980970   282 consensus_manager.cpp:264] CHATAY_HS1_COLD_START heartbeat_receive_enter ts_ms=1782872175980 self=1
hs1-pr100,repeat-02,1,bootstrap_heartbeat_receive,1782872177588,hs1-pr100/repeat-02/hs1-pr100/node-1.log,205,E20260701 02:16:17.588446   279 consensus_manager.cpp:264] CHATAY_HS1_COLD_START heartbeat_receive_enter ts_ms=1782872177588 self=1
hs1-pr100,repeat-02,1,bootstrap_heartbeat_send,1782872177588,hs1-pr100/repeat-02/hs1-pr100/node-1.log,206,E20260701 02:16:17.588524   285 consensus_manager.cpp:147] CHATAY_HS1_COLD_START heartbeat_send_start ts_ms=1782872177588 self=1 known_public_keys=2 all_replicas=4 current_ready=0
hs1-pr100,repeat-02,1,bootstrap_heartbeat_receive,1782872180702,hs1-pr100/repeat-02/hs1-pr100/node-1.log,214,E20260701 02:16:20.702533   285 consensus_manager.cpp:264] CHATAY_HS1_COLD_START heartbeat_receive_enter ts_ms=1782872180702 self=1
hs1-pr100,repeat-02,1,bootstrap_heartbeat_send,1782872180702,hs1-pr100/repeat-02/hs1-pr100/node-1.log,216,E20260701 02:16:20.702688   287 consensus_manager.cpp:147] CHATAY_HS1_COLD_START heartbeat_send_start ts_ms=1782872180702 self=1 known_public_keys=3 all_replicas=4 current_ready=0
hs1-pr100,repeat-02,1,bootstrap_heartbeat_send,1782872180713,hs1-pr100/repeat-02/hs1-pr100/node-1.log,226,E20260701 02:16:20.713192   280 consensus_manager.cpp:147] CHATAY_HS1_COLD_START heartbeat_send_start ts_ms=1782872180713 self=1 known_public_keys=4 all_replicas=4 current_ready=0
hs1-pr100,repeat-02,1,hs1_consensus_commit,20260701 02:16:20.713270,hs1-pr100/repeat-02/hs1-pr100/node-1.log,230,E20260701 02:16:20.713270   287 consensus.cpp:109] CHATAY_HS1_TRACE consensus_commit self=1 request_type=TYPE_NONE sender=0 proxy=0 data_size=6
hs1-pr100,repeat-02,1,bootstrap_heartbeat_receive,1782872180723,hs1-pr100/repeat-02/hs1-pr100/node-1.log,238,E20260701 02:16:20.723593   280 consensus_manager.cpp:264] CHATAY_HS1_COLD_START heartbeat_receive_enter ts_ms=1782872180723 self=1
hs1-pr100,repeat-02,1,bootstrap_heartbeat_receive,1782872180724,hs1-pr100/repeat-02/hs1-pr100/node-1.log,241,E20260701 02:16:20.724040   286 consensus_manager.cpp:264] CHATAY_HS1_COLD_START heartbeat_receive_enter ts_ms=1782872180724 self=1
hs1-pr100,repeat-02,1,bootstrap_heartbeat_send,1782872180724,hs1-pr100/repeat-02/hs1-pr100/node-1.log,242,E20260701 02:16:20.724099   289 consensus_manager.cpp:147] CHATAY_HS1_COLD_START heartbeat_send_start ts_ms=1782872180724 self=1 known_public_keys=5 all_replicas=4 current_ready=0
hs1-pr100,repeat-02,1,bootstrap_heartbeat_receive,1782872180734,hs1-pr100/repeat-02/hs1-pr100/node-1.log,248,E20260701 02:16:20.734488   289 consensus_manager.cpp:264] CHATAY_HS1_COLD_START heartbeat_receive_enter ts_ms=1782872180734 self=1
hs1-pr100,repeat-02,1,hs1_consensus_commit,20260701 02:16:20.734742,hs1-pr100/repeat-02/hs1-pr100/node-1.log,250,E20260701 02:16:20.734742   283 consensus.cpp:109] CHATAY_HS1_TRACE consensus_commit self=1 request_type=TYPE_NONE sender=0 proxy=0 data_size=6
hs1-pr100,repeat-02,1,bootstrap_heartbeat_receive,1782872180734,hs1-pr100/repeat-02/hs1-pr100/node-1.log,254,E20260701 02:16:20.734781   283 consensus_manager.cpp:264] CHATAY_HS1_COLD_START heartbeat_receive_enter ts_ms=1782872180734 self=1
hs1-pr100,repeat-02,1,bootstrap_heartbeat_receive,1782872180734,hs1-pr100/repeat-02/hs1-pr100/node-1.log,255,E20260701 02:16:20.734853   288 consensus_manager.cpp:264] CHATAY_HS1_COLD_START heartbeat_receive_enter ts_ms=1782872180734 self=1
hs1-pr100,repeat-02,1,bootstrap_heartbeat_receive,1782872180735,hs1-pr100/repeat-02/hs1-pr100/node-1.log,257,E20260701 02:16:20.735195   295 consensus_manager.cpp:264] CHATAY_HS1_COLD_START heartbeat_receive_enter ts_ms=1782872180735 self=1
hs1-pr100,repeat-02,1,bootstrap_heartbeat_receive,1782872180735,hs1-pr100/repeat-02/hs1-pr100/node-1.log,260,E20260701 02:16:20.735380   291 consensus_manager.cpp:264] CHATAY_HS1_COLD_START heartbeat_receive_enter ts_ms=1782872180735 self=1
hs1-pr100,repeat-02,1,bootstrap_heartbeat_receive,1782872180735,hs1-pr100/repeat-02/hs1-pr100/node-1.log,262,E20260701 02:16:20.735486   290 consensus_manager.cpp:264] CHATAY_HS1_COLD_START heartbeat_receive_enter ts_ms=1782872180735 self=1
hs1-pr100,repeat-02,1,bootstrap_heartbeat_receive,1782872180735,hs1-pr100/repeat-02/hs1-pr100/node-1.log,263,E20260701 02:16:20.735596   281 consensus_manager.cpp:264] CHATAY_HS1_COLD_START heartbeat_receive_enter ts_ms=1782872180735 self=1
hs1-pr100,repeat-02,1,readiness,1782872180735,hs1-pr100/repeat-02/hs1-pr100/node-1.log,265,E20260701 02:16:20.735795   281 consensus_manager.cpp:343] CHATAY_HS1_COLD_START readiness_reached ts_ms=1782872180735 self=1 replica_num=4 quorum=3 sender=2
hs1-pr100,repeat-02,1,readiness,20260701 02:16:20.735798,hs1-pr100/repeat-02/hs1-pr100/node-1.log,266,E20260701 02:16:20.735798   281 consensus_manager.cpp:349] ============ Server 1 is ready =====================
hs1-pr100,repeat-02,1,bootstrap_heartbeat_receive,1782872180735,hs1-pr100/repeat-02/hs1-pr100/node-1.log,267,E20260701 02:16:20.735849   281 consensus_manager.cpp:264] CHATAY_HS1_COLD_START heartbeat_receive_enter ts_ms=1782872180735 self=1
hs1-pr100,repeat-02,1,bootstrap_heartbeat_receive,1782872180736,hs1-pr100/repeat-02/hs1-pr100/node-1.log,269,E20260701 02:16:20.736065   281 consensus_manager.cpp:264] CHATAY_HS1_COLD_START heartbeat_receive_enter ts_ms=1782872180736 self=1
hs1-pr100,repeat-02,1,bootstrap_heartbeat_receive,1782872180736,hs1-pr100/repeat-02/hs1-pr100/node-1.log,271,E20260701 02:16:20.736286   281 consensus_manager.cpp:264] CHATAY_HS1_COLD_START heartbeat_receive_enter ts_ms=1782872180736 self=1
hs1-pr100,repeat-02,1,bootstrap_heartbeat_receive,1782872180736,hs1-pr100/repeat-02/hs1-pr100/node-1.log,273,E20260701 02:16:20.736545   281 consensus_manager.cpp:264] CHATAY_HS1_COLD_START heartbeat_receive_enter ts_ms=1782872180736 self=1
hs1-pr100,repeat-02,1,bootstrap_heartbeat_receive,1782872180736,hs1-pr100/repeat-02/hs1-pr100/node-1.log,275,E20260701 02:16:20.736819   281 consensus_manager.cpp:264] CHATAY_HS1_COLD_START heartbeat_receive_enter ts_ms=1782872180736 self=1
hs1-pr100,repeat-02,1,bootstrap_heartbeat_receive,1782872180737,hs1-pr100/repeat-02/hs1-pr100/node-1.log,277,E20260701 02:16:20.737072   281 consensus_manager.cpp:264] CHATAY_HS1_COLD_START heartbeat_receive_enter ts_ms=1782872180737 self=1
hs1-pr100,repeat-02,1,bootstrap_heartbeat_receive,1782872180737,hs1-pr100/repeat-02/hs1-pr100/node-1.log,279,E20260701 02:16:20.737351   281 consensus_manager.cpp:264] CHATAY_HS1_COLD_START heartbeat_receive_enter ts_ms=1782872180737 self=1
hs1-pr100,repeat-02,1,bootstrap_heartbeat_receive,1782872180737,hs1-pr100/repeat-02/hs1-pr100/node-1.log,281,E20260701 02:16:20.737622   281 consensus_manager.cpp:264] CHATAY_HS1_COLD_START heartbeat_receive_enter ts_ms=1782872180737 self=1
hs1-pr100,repeat-02,1,hs1_consensus_commit,20260701 02:16:20.737957,hs1-pr100/repeat-02/hs1-pr100/node-1.log,284,E20260701 02:16:20.737957   281 consensus.cpp:109] CHATAY_HS1_TRACE consensus_commit self=1 request_type=TYPE_NONE sender=0 proxy=0 data_size=6
hs1-pr100,repeat-02,1,bootstrap_heartbeat_receive,1782872180737,hs1-pr100/repeat-02/hs1-pr100/node-1.log,289,E20260701 02:16:20.737980   281 consensus_manager.cpp:264] CHATAY_HS1_COLD_START heartbeat_receive_enter ts_ms=1782872180737 self=1
hs1-pr100,repeat-02,1,bootstrap_heartbeat_receive,1782872180738,hs1-pr100/repeat-02/hs1-pr100/node-1.log,290,E20260701 02:16:20.738076   289 consensus_manager.cpp:264] CHATAY_HS1_COLD_START heartbeat_receive_enter ts_ms=1782872180738 self=1
hs1-pr100,repeat-02,1,bootstrap_heartbeat_receive,1782872180738,hs1-pr100/repeat-02/hs1-pr100/node-1.log,292,E20260701 02:16:20.738370   289 consensus_manager.cpp:264] CHATAY_HS1_COLD_START heartbeat_receive_enter ts_ms=1782872180738 self=1
hs1-pr100,repeat-02,1,bootstrap_heartbeat_receive,1782872180738,hs1-pr100/repeat-02/hs1-pr100/node-1.log,294,E20260701 02:16:20.738528   289 consensus_manager.cpp:264] CHATAY_HS1_COLD_START heartbeat_receive_enter ts_ms=1782872180738 self=1
hs1-pr100,repeat-02,1,bootstrap_heartbeat_receive,1782872180738,hs1-pr100/repeat-02/hs1-pr100/node-1.log,296,E20260701 02:16:20.738718   289 consensus_manager.cpp:264] CHATAY_HS1_COLD_START heartbeat_receive_enter ts_ms=1782872180738 self=1
hs1-pr100,repeat-02,1,bootstrap_heartbeat_receive,1782872180738,hs1-pr100/repeat-02/hs1-pr100/node-1.log,298,E20260701 02:16:20.738983   289 consensus_manager.cpp:264] CHATAY_HS1_COLD_START heartbeat_receive_enter ts_ms=1782872180738 self=1
hs1-pr100,repeat-02,1,bootstrap_heartbeat_receive,1782872180739,hs1-pr100/repeat-02/hs1-pr100/node-1.log,300,E20260701 02:16:20.739225   289 consensus_manager.cpp:264] CHATAY_HS1_COLD_START heartbeat_receive_enter ts_ms=1782872180739 self=1
hs1-pr100,repeat-02,1,bootstrap_heartbeat_receive,1782872180739,hs1-pr100/repeat-02/hs1-pr100/node-1.log,302,E20260701 02:16:20.739413   289 consensus_manager.cpp:264] CHATAY_HS1_COLD_START heartbeat_receive_enter ts_ms=1782872180739 self=1
hs1-pr100,repeat-02,1,bootstrap_heartbeat_receive,1782872180739,hs1-pr100/repeat-02/hs1-pr100/node-1.log,304,E20260701 02:16:20.739688   289 consensus_manager.cpp:264] CHATAY_HS1_COLD_START heartbeat_receive_enter ts_ms=1782872180739 self=1
hs1-pr100,repeat-02,1,bootstrap_heartbeat_receive,1782872180739,hs1-pr100/repeat-02/hs1-pr100/node-1.log,306,E20260701 02:16:20.739975   289 consensus_manager.cpp:264] CHATAY_HS1_COLD_START heartbeat_receive_enter ts_ms=1782872180739 self=1
hs1-pr100,repeat-02,1,bootstrap_heartbeat_receive,1782872180740,hs1-pr100/repeat-02/hs1-pr100/node-1.log,308,E20260701 02:16:20.740115   282 consensus_manager.cpp:264] CHATAY_HS1_COLD_START heartbeat_receive_enter ts_ms=1782872180740 self=1
hs1-pr100,repeat-02,1,bootstrap_heartbeat_send,1782872180743,hs1-pr100/repeat-02/hs1-pr100/node-1.log,324,E20260701 02:16:20.743566    71 consensus_manager.cpp:147] CHATAY_HS1_COLD_START heartbeat_send_start ts_ms=1782872180743 self=1 known_public_keys=5 all_replicas=4 current_ready=1
hs1-pr100,repeat-02,1,bootstrap_heartbeat_receive,1782872180743,hs1-pr100/repeat-02/hs1-pr100/node-1.log,329,E20260701 02:16:20.743880   285 consensus_manager.cpp:264] CHATAY_HS1_COLD_START heartbeat_receive_enter ts_ms=1782872180743 self=1
hs1-pr100,repeat-02,1,bootstrap_heartbeat_receive,1782872180746,hs1-pr100/repeat-02/hs1-pr100/node-1.log,330,E20260701 02:16:20.746789   280 consensus_manager.cpp:264] CHATAY_HS1_COLD_START heartbeat_receive_enter ts_ms=1782872180746 self=1
hs1-pr100,repeat-02,1,hs1_consensus_commit,20260701 02:16:20.984157,hs1-pr100/repeat-02/hs1-pr100/node-1.log,334,E20260701 02:16:20.984157   280 consensus.cpp:109] CHATAY_HS1_TRACE consensus_commit self=1 request_type=TYPE_NEW_TXNS sender=5 proxy=5 data_size=172
hs1-pr100,repeat-02,1,hs1_consensus_commit,20260701 02:16:20.986470,hs1-pr100/repeat-02/hs1-pr100/node-1.log,344,E20260701 02:16:20.986470   287 consensus.cpp:109] CHATAY_HS1_TRACE consensus_commit self=1 request_type=TYPE_NONE sender=0 proxy=0 data_size=228
hs1-pr100,repeat-02,1,hs1_prepare_vote,20260701 02:16:20.986582,hs1-pr100/repeat-02/hs1-pr100/node-1.log,348,E20260701 02:16:20.986582   287 commitment.cpp:777] CHATAY_HS1_TRACE replica_send_vote self=1 vote_type=TYPE_PREPARE_VOTE source_type=TYPE_PREPARE target_primary=2 view=1 data_size=298
hs1-pr100,repeat-02,1,hs1_consensus_commit,20260701 02:16:21.047259,hs1-pr100/repeat-02/hs1-pr100/node-1.log,349,E20260701 02:16:21.047259   289 consensus.cpp:109] CHATAY_HS1_TRACE consensus_commit self=1 request_type=TYPE_NONE sender=0 proxy=0 data_size=441
hs1-pr100,repeat-02,1,hs1_precommit_vote,20260701 02:16:21.047495,hs1-pr100/repeat-02/hs1-pr100/node-1.log,352,E20260701 02:16:21.047495   289 commitment.cpp:777] CHATAY_HS1_TRACE replica_send_vote self=1 vote_type=TYPE_PRECOMMIT_VOTE source_type=TYPE_PRECOMMIT target_primary=3 view=1 data_size=731
hs1-pr100,repeat-02,1,hs1_consensus_commit,20260701 02:16:21.107950,hs1-pr100/repeat-02/hs1-pr100/node-1.log,353,E20260701 02:16:21.107950   284 consensus.cpp:109] CHATAY_HS1_TRACE consensus_commit self=1 request_type=TYPE_NONE sender=0 proxy=0 data_size=441
hs1-pr100,repeat-02,1,hs1_commit_vote,20260701 02:16:21.108350,hs1-pr100/repeat-02/hs1-pr100/node-1.log,356,E20260701 02:16:21.108350   284 commitment.cpp:777] CHATAY_HS1_TRACE replica_send_vote self=1 vote_type=TYPE_COMMIT_VOTE source_type=TYPE_COMMIT target_primary=4 view=1 data_size=731
hs1-pr100,repeat-02,1,hs1_consensus_commit,20260701 02:16:21.168707,hs1-pr100/repeat-02/hs1-pr100/node-1.log,357,E20260701 02:16:21.168707   287 consensus.cpp:109] CHATAY_HS1_TRACE consensus_commit self=1 request_type=TYPE_NONE sender=0 proxy=0 data_size=441
hs1-pr100,repeat-02,1,bootstrap_heartbeat_send,1782872181754,hs1-pr100/repeat-02/hs1-pr100/node-1.log,367,E20260701 02:16:21.754086    71 consensus_manager.cpp:147] CHATAY_HS1_COLD_START heartbeat_send_start ts_ms=1782872181754 self=1 known_public_keys=5 all_replicas=4 current_ready=1
hs1-pr100,repeat-02,1,bootstrap_heartbeat_receive,1782872181754,hs1-pr100/repeat-02/hs1-pr100/node-1.log,371,E20260701 02:16:21.754477   291 consensus_manager.cpp:264] CHATAY_HS1_COLD_START heartbeat_receive_enter ts_ms=1782872181754 self=1
hs1-pr100,repeat-02,1,bootstrap_heartbeat_receive,1782872181757,hs1-pr100/repeat-02/hs1-pr100/node-1.log,373,E20260701 02:16:21.757313   290 consensus_manager.cpp:264] CHATAY_HS1_COLD_START heartbeat_receive_enter ts_ms=1782872181757 self=1
hs1-pr100,repeat-02,1,hs1_consensus_commit,20260701 02:16:21.987404,hs1-pr100/repeat-02/hs1-pr100/node-1.log,376,E20260701 02:16:21.987404   290 consensus.cpp:109] CHATAY_HS1_TRACE consensus_commit self=1 request_type=TYPE_NEW_TXNS sender=5 proxy=5 data_size=96
hs1-pr100,repeat-02,1,hs1_consensus_commit,20260701 02:16:21.991240,hs1-pr100/repeat-02/hs1-pr100/node-1.log,386,E20260701 02:16:21.991240   289 consensus.cpp:109] CHATAY_HS1_TRACE consensus_commit self=1 request_type=TYPE_NONE sender=0 proxy=0 data_size=618
hs1-pr100,repeat-02,1,hs1_prepare_vote,20260701 02:16:21.991333,hs1-pr100/repeat-02/hs1-pr100/node-1.log,390,E20260701 02:16:21.991333   289 commitment.cpp:777] CHATAY_HS1_TRACE replica_send_vote self=1 vote_type=TYPE_PREPARE_VOTE source_type=TYPE_PREPARE target_primary=2 view=5 data_size=690
hs1-pr100,repeat-02,1,hs1_consensus_commit,20260701 02:16:22.052496,hs1-pr100/repeat-02/hs1-pr100/node-1.log,391,E20260701 02:16:22.052496   295 consensus.cpp:109] CHATAY_HS1_TRACE consensus_commit self=1 request_type=TYPE_NONE sender=0 proxy=0 data_size=400
hs1-pr100,repeat-02,1,hs1_precommit_vote,20260701 02:16:22.052845,hs1-pr100/repeat-02/hs1-pr100/node-1.log,394,E20260701 02:16:22.052845   295 commitment.cpp:777] CHATAY_HS1_TRACE replica_send_vote self=1 vote_type=TYPE_PRECOMMIT_VOTE source_type=TYPE_PRECOMMIT target_primary=3 view=5 data_size=649
hs1-pr100,repeat-02,1,hs1_consensus_commit,20260701 02:16:22.113297,hs1-pr100/repeat-02/hs1-pr100/node-1.log,395,E20260701 02:16:22.113297   288 consensus.cpp:109] CHATAY_HS1_TRACE consensus_commit self=1 request_type=TYPE_NONE sender=0 proxy=0 data_size=400
hs1-pr100,repeat-02,1,hs1_commit_vote,20260701 02:16:22.113591,hs1-pr100/repeat-02/hs1-pr100/node-1.log,398,E20260701 02:16:22.113591   288 commitment.cpp:777] CHATAY_HS1_TRACE replica_send_vote self=1 vote_type=TYPE_COMMIT_VOTE source_type=TYPE_COMMIT target_primary=4 view=5 data_size=649
hs1-pr100,repeat-02,1,hs1_consensus_commit,20260701 02:16:22.164211,hs1-pr100/repeat-02/hs1-pr100/node-1.log,399,E20260701 02:16:22.164211   289 consensus.cpp:109] CHATAY_HS1_TRACE consensus_commit self=1 request_type=TYPE_NONE sender=0 proxy=0 data_size=400
hs1-pr100,repeat-02,2,config_load,1782872165745,hs1-pr100/repeat-02/hs1-pr100/node-2.log,4,E20260701 02:16:05.745203    73 resdb_config_utils.cpp:198] CHATAY_HS1_COLD_START generate_resdb_config_start ts_ms=1782872165745 config_file=/work/config/server/server.config private_key_file=/work/cert/node2.key.pri cert_file=/work/cert/cert_2.cert
hs1-pr100,repeat-02,2,config_load,1782872165745,hs1-pr100/repeat-02/hs1-pr100/node-2.log,5,E20260701 02:16:05.745205    73 resdb_config_utils.cpp:133] CHATAY_HS1_COLD_START read_config_start ts_ms=1782872165745 file=/work/config/server/server.config
hs1-pr100,repeat-02,2,config_load,1782872165745,hs1-pr100/repeat-02/hs1-pr100/node-2.log,6,E20260701 02:16:05.745801    73 resdb_config_utils.cpp:154] CHATAY_HS1_COLD_START read_config_finish ts_ms=1782872165745 duration_ms=0 file=/work/config/server/server.config bytes=292 regions=1
hs1-pr100,repeat-02,2,key_cert_load,1782872165745,hs1-pr100/repeat-02/hs1-pr100/node-2.log,7,E20260701 02:16:05.745813    73 resdb_config_utils.cpp:49] CHATAY_HS1_COLD_START read_private_key_start ts_ms=1782872165745 file=/work/cert/node2.key.pri
hs1-pr100,repeat-02,2,key_cert_load,1782872165745,hs1-pr100/repeat-02/hs1-pr100/node-2.log,8,E20260701 02:16:05.745827    73 resdb_config_utils.cpp:71] CHATAY_HS1_COLD_START read_private_key_finish ts_ms=1782872165745 duration_ms=0 file=/work/cert/node2.key.pri bytes=36 hash_type=2
hs1-pr100,repeat-02,2,key_cert_load,1782872165745,hs1-pr100/repeat-02/hs1-pr100/node-2.log,9,E20260701 02:16:05.745831    73 resdb_config_utils.cpp:82] CHATAY_HS1_COLD_START read_cert_start ts_ms=1782872165745 file=/work/cert/cert_2.cert
hs1-pr100,repeat-02,2,key_cert_load,1782872165745,hs1-pr100/repeat-02/hs1-pr100/node-2.log,10,E20260701 02:16:05.745841    73 resdb_config_utils.cpp:104] CHATAY_HS1_COLD_START read_cert_finish ts_ms=1782872165745 duration_ms=0 file=/work/cert/cert_2.cert bytes=167 node_id=2 type=0
hs1-pr100,repeat-02,2,key_cert_load,1782872165745,hs1-pr100/repeat-02/hs1-pr100/node-2.log,11,E20260701 02:16:05.745843    73 resdb_config_utils.cpp:207] CHATAY_HS1_COLD_START key_cert_loaded ts_ms=1782872165745 node_id=2 public_key_hash_type=2 private_key_hash_type=2
hs1-pr100,repeat-02,2,config_load,1782872165745,hs1-pr100/repeat-02/hs1-pr100/node-2.log,12,E20260701 02:16:05.745846    73 resdb_config_utils.cpp:231] CHATAY_HS1_COLD_START generate_resdb_config_finish ts_ms=1782872165745 duration_ms=0 self=2 custom_gen=0
hs1-pr100,repeat-02,2,network_start,1782872165751,hs1-pr100/repeat-02/hs1-pr100/node-2.log,47,E20260701 02:16:05.751461    73 service_network.cpp:50] CHATAY_HS1_COLD_START service_network_ctor_start ts_ms=1782872165751 self=2 port=25122
hs1-pr100,repeat-02,2,bootstrap_heartbeat_send,1782872165752,hs1-pr100/repeat-02/hs1-pr100/node-2.log,66,E20260701 02:16:05.752051   104 consensus_manager.cpp:147] CHATAY_HS1_COLD_START heartbeat_send_start ts_ms=1782872165752 self=2 known_public_keys=1 all_replicas=4 current_ready=0
hs1-pr100,repeat-02,2,bootstrap_heartbeat_send,1782872166762,hs1-pr100/repeat-02/hs1-pr100/node-2.log,83,E20260701 02:16:06.762614   104 consensus_manager.cpp:147] CHATAY_HS1_COLD_START heartbeat_send_start ts_ms=1782872166762 self=2 known_public_keys=1 all_replicas=4 current_ready=0
hs1-pr100,repeat-02,2,bootstrap_heartbeat_send,1782872167773,hs1-pr100/repeat-02/hs1-pr100/node-2.log,88,E20260701 02:16:07.773372   104 consensus_manager.cpp:147] CHATAY_HS1_COLD_START heartbeat_send_start ts_ms=1782872167773 self=2 known_public_keys=1 all_replicas=4 current_ready=0
hs1-pr100,repeat-02,2,bootstrap_heartbeat_send,1782872168783,hs1-pr100/repeat-02/hs1-pr100/node-2.log,93,E20260701 02:16:08.783775   104 consensus_manager.cpp:147] CHATAY_HS1_COLD_START heartbeat_send_start ts_ms=1782872168783 self=2 known_public_keys=1 all_replicas=4 current_ready=0
hs1-pr100,repeat-02,2,network_start,1782872175752,hs1-pr100/repeat-02/hs1-pr100/node-2.log,117,E20260701 02:16:15.752960    73 service_network.cpp:143] CHATAY_HS1_COLD_START service_network_service_started ts_ms=1782872175752 self=2
hs1-pr100,repeat-02,2,network_start,1782872175753,hs1-pr100/repeat-02/hs1-pr100/node-2.log,119,E20260701 02:16:15.753638    73 service_network.cpp:151] CHATAY_HS1_COLD_START service_network_acceptor_run_enter ts_ms=1782872175753 self=2
hs1-pr100,repeat-02,2,bootstrap_heartbeat_receive,1782872175755,hs1-pr100/repeat-02/hs1-pr100/node-2.log,123,E20260701 02:16:15.755209   318 consensus_manager.cpp:264] CHATAY_HS1_COLD_START heartbeat_receive_enter ts_ms=1782872175755 self=2
hs1-pr100,repeat-02,2,bootstrap_heartbeat_receive,1782872175755,hs1-pr100/repeat-02/hs1-pr100/node-2.log,124,E20260701 02:16:15.755225   314 consensus_manager.cpp:264] CHATAY_HS1_COLD_START heartbeat_receive_enter ts_ms=1782872175755 self=2
hs1-pr100,repeat-02,2,bootstrap_heartbeat_receive,1782872175755,hs1-pr100/repeat-02/hs1-pr100/node-2.log,125,E20260701 02:16:15.755236   317 consensus_manager.cpp:264] CHATAY_HS1_COLD_START heartbeat_receive_enter ts_ms=1782872175755 self=2
hs1-pr100,repeat-02,2,bootstrap_heartbeat_receive,1782872175755,hs1-pr100/repeat-02/hs1-pr100/node-2.log,126,E20260701 02:16:15.755209   324 consensus_manager.cpp:264] CHATAY_HS1_COLD_START heartbeat_receive_enter ts_ms=1782872175755 self=2
hs1-pr100,repeat-02,2,bootstrap_heartbeat_receive,1782872175755,hs1-pr100/repeat-02/hs1-pr100/node-2.log,127,E20260701 02:16:15.755213   316 consensus_manager.cpp:264] CHATAY_HS1_COLD_START heartbeat_receive_enter ts_ms=1782872175755 self=2
hs1-pr100,repeat-02,2,bootstrap_heartbeat_receive,1782872175755,hs1-pr100/repeat-02/hs1-pr100/node-2.log,128,E20260701 02:16:15.755237   326 consensus_manager.cpp:264] CHATAY_HS1_COLD_START heartbeat_receive_enter ts_ms=1782872175755 self=2
hs1-pr100,repeat-02,2,bootstrap_heartbeat_receive,1782872175755,hs1-pr100/repeat-02/hs1-pr100/node-2.log,129,E20260701 02:16:15.755209   321 consensus_manager.cpp:264] CHATAY_HS1_COLD_START heartbeat_receive_enter ts_ms=1782872175755 self=2
hs1-pr100,repeat-02,2,bootstrap_heartbeat_receive,1782872175755,hs1-pr100/repeat-02/hs1-pr100/node-2.log,130,E20260701 02:16:15.755216   311 consensus_manager.cpp:264] CHATAY_HS1_COLD_START heartbeat_receive_enter ts_ms=1782872175755 self=2
hs1-pr100,repeat-02,2,bootstrap_heartbeat_receive,1782872175755,hs1-pr100/repeat-02/hs1-pr100/node-2.log,131,E20260701 02:16:15.755259   327 consensus_manager.cpp:264] CHATAY_HS1_COLD_START heartbeat_receive_enter ts_ms=1782872175755 self=2
hs1-pr100,repeat-02,2,bootstrap_heartbeat_receive,1782872175755,hs1-pr100/repeat-02/hs1-pr100/node-2.log,132,E20260701 02:16:15.755259   313 consensus_manager.cpp:264] CHATAY_HS1_COLD_START heartbeat_receive_enter ts_ms=1782872175755 self=2
hs1-pr100,repeat-02,2,bootstrap_heartbeat_receive,1782872175755,hs1-pr100/repeat-02/hs1-pr100/node-2.log,133,E20260701 02:16:15.755259   322 consensus_manager.cpp:264] CHATAY_HS1_COLD_START heartbeat_receive_enter ts_ms=1782872175755 self=2
hs1-pr100,repeat-02,2,bootstrap_heartbeat_receive,1782872175755,hs1-pr100/repeat-02/hs1-pr100/node-2.log,134,E20260701 02:16:15.755209   315 consensus_manager.cpp:264] CHATAY_HS1_COLD_START heartbeat_receive_enter ts_ms=1782872175755 self=2
hs1-pr100,repeat-02,2,bootstrap_heartbeat_receive,1782872175981,hs1-pr100/repeat-02/hs1-pr100/node-2.log,135,E20260701 02:16:15.981182   320 consensus_manager.cpp:264] CHATAY_HS1_COLD_START heartbeat_receive_enter ts_ms=1782872175981 self=2
hs1-pr100,repeat-02,2,bootstrap_heartbeat_receive,1782872175981,hs1-pr100/repeat-02/hs1-pr100/node-2.log,136,E20260701 02:16:15.981190   319 consensus_manager.cpp:264] CHATAY_HS1_COLD_START heartbeat_receive_enter ts_ms=1782872175981 self=2
hs1-pr100,repeat-02,2,bootstrap_heartbeat_receive,1782872176507,hs1-pr100/repeat-02/hs1-pr100/node-2.log,137,E20260701 02:16:16.507929   312 consensus_manager.cpp:264] CHATAY_HS1_COLD_START heartbeat_receive_enter ts_ms=1782872176507 self=2
hs1-pr100,repeat-02,2,bootstrap_heartbeat_receive,1782872176541,hs1-pr100/repeat-02/hs1-pr100/node-2.log,138,E20260701 02:16:16.541263   323 consensus_manager.cpp:264] CHATAY_HS1_COLD_START heartbeat_receive_enter ts_ms=1782872176541 self=2
hs1-pr100,repeat-02,2,bootstrap_heartbeat_send,1782872179101,hs1-pr100/repeat-02/hs1-pr100/node-2.log,141,E20260701 02:16:19.101292   314 consensus_manager.cpp:147] CHATAY_HS1_COLD_START heartbeat_send_start ts_ms=1782872179101 self=2 known_public_keys=2 all_replicas=4 current_ready=0
hs1-pr100,repeat-02,2,bootstrap_heartbeat_receive,1782872179111,hs1-pr100/repeat-02/hs1-pr100/node-2.log,147,E20260701 02:16:19.111601   314 consensus_manager.cpp:264] CHATAY_HS1_COLD_START heartbeat_receive_enter ts_ms=1782872179111 self=2
hs1-pr100,repeat-02,2,bootstrap_heartbeat_send,1782872179111,hs1-pr100/repeat-02/hs1-pr100/node-2.log,148,E20260701 02:16:19.111686   317 consensus_manager.cpp:147] CHATAY_HS1_COLD_START heartbeat_send_start ts_ms=1782872179111 self=2 known_public_keys=3 all_replicas=4 current_ready=0
hs1-pr100,repeat-02,2,bootstrap_heartbeat_receive,1782872179121,hs1-pr100/repeat-02/hs1-pr100/node-2.log,154,E20260701 02:16:19.121984   317 consensus_manager.cpp:264] CHATAY_HS1_COLD_START heartbeat_receive_enter ts_ms=1782872179121 self=2
hs1-pr100,repeat-02,2,bootstrap_heartbeat_send,1782872179122,hs1-pr100/repeat-02/hs1-pr100/node-2.log,155,E20260701 02:16:19.122139   318 consensus_manager.cpp:147] CHATAY_HS1_COLD_START heartbeat_send_start ts_ms=1782872179122 self=2 known_public_keys=4 all_replicas=4 current_ready=0
hs1-pr100,repeat-02,2,bootstrap_heartbeat_receive,1782872179132,hs1-pr100/repeat-02/hs1-pr100/node-2.log,161,E20260701 02:16:19.132603   318 consensus_manager.cpp:264] CHATAY_HS1_COLD_START heartbeat_receive_enter ts_ms=1782872179132 self=2
hs1-pr100,repeat-02,2,bootstrap_heartbeat_send,1782872179132,hs1-pr100/repeat-02/hs1-pr100/node-2.log,162,E20260701 02:16:19.132798   324 consensus_manager.cpp:147] CHATAY_HS1_COLD_START heartbeat_send_start ts_ms=1782872179132 self=2 known_public_keys=4 all_replicas=4 current_ready=0
hs1-pr100,repeat-02,2,bootstrap_heartbeat_receive,1782872179143,hs1-pr100/repeat-02/hs1-pr100/node-2.log,168,E20260701 02:16:19.143496   324 consensus_manager.cpp:264] CHATAY_HS1_COLD_START heartbeat_receive_enter ts_ms=1782872179143 self=2
hs1-pr100,repeat-02,2,bootstrap_heartbeat_receive,1782872179143,hs1-pr100/repeat-02/hs1-pr100/node-2.log,170,E20260701 02:16:19.143716   316 consensus_manager.cpp:264] CHATAY_HS1_COLD_START heartbeat_receive_enter ts_ms=1782872179143 self=2
hs1-pr100,repeat-02,2,bootstrap_heartbeat_receive,1782872179143,hs1-pr100/repeat-02/hs1-pr100/node-2.log,172,E20260701 02:16:19.143846   326 consensus_manager.cpp:264] CHATAY_HS1_COLD_START heartbeat_receive_enter ts_ms=1782872179143 self=2
hs1-pr100,repeat-02,2,bootstrap_heartbeat_receive,1782872179143,hs1-pr100/repeat-02/hs1-pr100/node-2.log,173,E20260701 02:16:19.143950   321 consensus_manager.cpp:264] CHATAY_HS1_COLD_START heartbeat_receive_enter ts_ms=1782872179143 self=2
hs1-pr100,repeat-02,2,bootstrap_heartbeat_send,1782872179144,hs1-pr100/repeat-02/hs1-pr100/node-2.log,175,E20260701 02:16:19.144093   311 consensus_manager.cpp:147] CHATAY_HS1_COLD_START heartbeat_send_start ts_ms=1782872179144 self=2 known_public_keys=5 all_replicas=4 current_ready=0
hs1-pr100,repeat-02,2,bootstrap_heartbeat_receive,1782872179154,hs1-pr100/repeat-02/hs1-pr100/node-2.log,181,E20260701 02:16:19.154419   311 consensus_manager.cpp:264] CHATAY_HS1_COLD_START heartbeat_receive_enter ts_ms=1782872179154 self=2
hs1-pr100,repeat-02,2,bootstrap_heartbeat_receive,1782872179154,hs1-pr100/repeat-02/hs1-pr100/node-2.log,182,E20260701 02:16:19.154601   327 consensus_manager.cpp:264] CHATAY_HS1_COLD_START heartbeat_receive_enter ts_ms=1782872179154 self=2
hs1-pr100,repeat-02,2,bootstrap_heartbeat_receive,1782872179154,hs1-pr100/repeat-02/hs1-pr100/node-2.log,184,E20260701 02:16:19.154748   313 consensus_manager.cpp:264] CHATAY_HS1_COLD_START heartbeat_receive_enter ts_ms=1782872179154 self=2
hs1-pr100,repeat-02,2,bootstrap_heartbeat_receive,1782872179154,hs1-pr100/repeat-02/hs1-pr100/node-2.log,186,E20260701 02:16:19.154958   322 consensus_manager.cpp:264] CHATAY_HS1_COLD_START heartbeat_receive_enter ts_ms=1782872179154 self=2
hs1-pr100,repeat-02,2,bootstrap_heartbeat_receive,1782872179155,hs1-pr100/repeat-02/hs1-pr100/node-2.log,188,E20260701 02:16:19.155146   315 consensus_manager.cpp:264] CHATAY_HS1_COLD_START heartbeat_receive_enter ts_ms=1782872179155 self=2
hs1-pr100,repeat-02,2,bootstrap_heartbeat_receive,1782872179155,hs1-pr100/repeat-02/hs1-pr100/node-2.log,190,E20260701 02:16:19.155293   320 consensus_manager.cpp:264] CHATAY_HS1_COLD_START heartbeat_receive_enter ts_ms=1782872179155 self=2
hs1-pr100,repeat-02,2,bootstrap_heartbeat_receive,1782872179155,hs1-pr100/repeat-02/hs1-pr100/node-2.log,193,E20260701 02:16:19.155457   319 consensus_manager.cpp:264] CHATAY_HS1_COLD_START heartbeat_receive_enter ts_ms=1782872179155 self=2
hs1-pr100,repeat-02,2,readiness,1782872179157,hs1-pr100/repeat-02/hs1-pr100/node-2.log,203,E20260701 02:16:19.157225   311 consensus_manager.cpp:343] CHATAY_HS1_COLD_START readiness_reached ts_ms=1782872179157 self=2 replica_num=3 quorum=3 sender=2
hs1-pr100,repeat-02,2,readiness,20260701 02:16:19.157231,hs1-pr100/repeat-02/hs1-pr100/node-2.log,204,E20260701 02:16:19.157231   311 consensus_manager.cpp:349] ============ Server 2 is ready =====================
hs1-pr100,repeat-02,2,bootstrap_heartbeat_send,1782872180101,hs1-pr100/repeat-02/hs1-pr100/node-2.log,211,E20260701 02:16:20.101372   104 consensus_manager.cpp:147] CHATAY_HS1_COLD_START heartbeat_send_start ts_ms=1782872180101 self=2 known_public_keys=5 all_replicas=4 current_ready=1
hs1-pr100,repeat-02,2,bootstrap_heartbeat_receive,1782872180101,hs1-pr100/repeat-02/hs1-pr100/node-2.log,215,E20260701 02:16:20.101693   311 consensus_manager.cpp:264] CHATAY_HS1_COLD_START heartbeat_receive_enter ts_ms=1782872180101 self=2
hs1-pr100,repeat-02,2,bootstrap_heartbeat_receive,1782872180101,hs1-pr100/repeat-02/hs1-pr100/node-2.log,216,E20260701 02:16:20.101694   320 consensus_manager.cpp:264] CHATAY_HS1_COLD_START heartbeat_receive_enter ts_ms=1782872180101 self=2
hs1-pr100,repeat-02,2,bootstrap_heartbeat_receive,1782872180267,hs1-pr100/repeat-02/hs1-pr100/node-2.log,220,E20260701 02:16:20.267030   318 consensus_manager.cpp:264] CHATAY_HS1_COLD_START heartbeat_receive_enter ts_ms=1782872180267 self=2
hs1-pr100,repeat-02,2,bootstrap_heartbeat_receive,1782872180277,hs1-pr100/repeat-02/hs1-pr100/node-2.log,222,E20260701 02:16:20.277891   315 consensus_manager.cpp:264] CHATAY_HS1_COLD_START heartbeat_receive_enter ts_ms=1782872180277 self=2
hs1-pr100,repeat-02,2,bootstrap_heartbeat_receive,1782872180290,hs1-pr100/repeat-02/hs1-pr100/node-2.log,224,E20260701 02:16:20.290280   314 consensus_manager.cpp:264] CHATAY_HS1_COLD_START heartbeat_receive_enter ts_ms=1782872180290 self=2
hs1-pr100,repeat-02,2,bootstrap_heartbeat_receive,1782872180665,hs1-pr100/repeat-02/hs1-pr100/node-2.log,226,E20260701 02:16:20.665637   316 consensus_manager.cpp:264] CHATAY_HS1_COLD_START heartbeat_receive_enter ts_ms=1782872180665 self=2
hs1-pr100,repeat-02,2,bootstrap_heartbeat_receive,1782872180703,hs1-pr100/repeat-02/hs1-pr100/node-2.log,228,E20260701 02:16:20.702991   321 consensus_manager.cpp:264] CHATAY_HS1_COLD_START heartbeat_receive_enter ts_ms=1782872180703 self=2
hs1-pr100,repeat-02,2,bootstrap_heartbeat_receive,1782872180703,hs1-pr100/repeat-02/hs1-pr100/node-2.log,229,E20260701 02:16:20.702991   318 consensus_manager.cpp:264] CHATAY_HS1_COLD_START heartbeat_receive_enter ts_ms=1782872180703 self=2
hs1-pr100,repeat-02,2,bootstrap_heartbeat_receive,1782872180703,hs1-pr100/repeat-02/hs1-pr100/node-2.log,232,E20260701 02:16:20.703622   326 consensus_manager.cpp:264] CHATAY_HS1_COLD_START heartbeat_receive_enter ts_ms=1782872180703 self=2
hs1-pr100,repeat-02,2,bootstrap_heartbeat_receive,1782872180713,hs1-pr100/repeat-02/hs1-pr100/node-2.log,234,E20260701 02:16:20.713470   321 consensus_manager.cpp:264] CHATAY_HS1_COLD_START heartbeat_receive_enter ts_ms=1782872180713 self=2
hs1-pr100,repeat-02,2,bootstrap_heartbeat_receive,1782872180713,hs1-pr100/repeat-02/hs1-pr100/node-2.log,235,E20260701 02:16:20.713471   315 consensus_manager.cpp:264] CHATAY_HS1_COLD_START heartbeat_receive_enter ts_ms=1782872180713 self=2
hs1-pr100,repeat-02,2,bootstrap_heartbeat_receive,1782872180714,hs1-pr100/repeat-02/hs1-pr100/node-2.log,238,E20260701 02:16:20.714076   312 consensus_manager.cpp:264] CHATAY_HS1_COLD_START heartbeat_receive_enter ts_ms=1782872180714 self=2
hs1-pr100,repeat-02,2,bootstrap_heartbeat_receive,1782872180724,hs1-pr100/repeat-02/hs1-pr100/node-2.log,240,E20260701 02:16:20.724411   312 consensus_manager.cpp:264] CHATAY_HS1_COLD_START heartbeat_receive_enter ts_ms=1782872180724 self=2
hs1-pr100,repeat-02,2,bootstrap_heartbeat_receive,1782872180724,hs1-pr100/repeat-02/hs1-pr100/node-2.log,242,E20260701 02:16:20.724434   318 consensus_manager.cpp:264] CHATAY_HS1_COLD_START heartbeat_receive_enter ts_ms=1782872180724 self=2
hs1-pr100,repeat-02,2,bootstrap_heartbeat_receive,1782872180735,hs1-pr100/repeat-02/hs1-pr100/node-2.log,244,E20260701 02:16:20.734997   321 consensus_manager.cpp:264] CHATAY_HS1_COLD_START heartbeat_receive_enter ts_ms=1782872180735 self=2
hs1-pr100,repeat-02,2,bootstrap_heartbeat_receive,1782872180743,hs1-pr100/repeat-02/hs1-pr100/node-2.log,246,E20260701 02:16:20.743908   314 consensus_manager.cpp:264] CHATAY_HS1_COLD_START heartbeat_receive_enter ts_ms=1782872180743 self=2
hs1-pr100,repeat-02,2,bootstrap_heartbeat_receive,1782872180746,hs1-pr100/repeat-02/hs1-pr100/node-2.log,251,E20260701 02:16:20.746791   313 consensus_manager.cpp:264] CHATAY_HS1_COLD_START heartbeat_receive_enter ts_ms=1782872180746 self=2
hs1-pr100,repeat-02,2,hs1_consensus_commit,20260701 02:16:20.987222,hs1-pr100/repeat-02/hs1-pr100/node-2.log,253,E20260701 02:16:20.987222   313 consensus.cpp:109] CHATAY_HS1_TRACE consensus_commit self=2 request_type=TYPE_NONE sender=0 proxy=0 data_size=228
hs1-pr100,repeat-02,2,hs1_prepare_vote,20260701 02:16:20.987736,hs1-pr100/repeat-02/hs1-pr100/node-2.log,257,E20260701 02:16:20.987736   313 commitment.cpp:777] CHATAY_HS1_TRACE replica_send_vote self=2 vote_type=TYPE_PREPARE_VOTE source_type=TYPE_PREPARE target_primary=2 view=1 data_size=298
hs1-pr100,repeat-02,2,hs1_consensus_commit,20260701 02:16:21.037348,hs1-pr100/repeat-02/hs1-pr100/node-2.log,258,E20260701 02:16:21.037348   313 consensus.cpp:109] CHATAY_HS1_TRACE consensus_commit self=2 request_type=TYPE_NONE sender=0 proxy=0 data_size=298
hs1-pr100,repeat-02,2,hs1_consensus_commit,20260701 02:16:21.039101,hs1-pr100/repeat-02/hs1-pr100/node-2.log,262,E20260701 02:16:21.039101   313 consensus.cpp:109] CHATAY_HS1_TRACE consensus_commit self=2 request_type=TYPE_NONE sender=0 proxy=0 data_size=298
hs1-pr100,repeat-02,2,hs1_consensus_commit,20260701 02:16:21.039283,hs1-pr100/repeat-02/hs1-pr100/node-2.log,266,E20260701 02:16:21.039283   313 consensus.cpp:109] CHATAY_HS1_TRACE consensus_commit self=2 request_type=TYPE_NONE sender=0 proxy=0 data_size=298
hs1-pr100,repeat-02,2,hs1_consensus_commit,20260701 02:16:21.040102,hs1-pr100/repeat-02/hs1-pr100/node-2.log,272,E20260701 02:16:21.040102   313 consensus.cpp:109] CHATAY_HS1_TRACE consensus_commit self=2 request_type=TYPE_NONE sender=0 proxy=0 data_size=298
hs1-pr100,repeat-02,2,hs1_consensus_commit,20260701 02:16:21.047277,hs1-pr100/repeat-02/hs1-pr100/node-2.log,276,E20260701 02:16:21.047277   322 consensus.cpp:109] CHATAY_HS1_TRACE consensus_commit self=2 request_type=TYPE_NONE sender=0 proxy=0 data_size=441
hs1-pr100,repeat-02,2,hs1_precommit_vote,20260701 02:16:21.047600,hs1-pr100/repeat-02/hs1-pr100/node-2.log,279,E20260701 02:16:21.047600   322 commitment.cpp:777] CHATAY_HS1_TRACE replica_send_vote self=2 vote_type=TYPE_PRECOMMIT_VOTE source_type=TYPE_PRECOMMIT target_primary=3 view=1 data_size=731
hs1-pr100,repeat-02,2,hs1_consensus_commit,20260701 02:16:21.107946,hs1-pr100/repeat-02/hs1-pr100/node-2.log,280,E20260701 02:16:21.107946   324 consensus.cpp:109] CHATAY_HS1_TRACE consensus_commit self=2 request_type=TYPE_NONE sender=0 proxy=0 data_size=441
hs1-pr100,repeat-02,2,hs1_commit_vote,20260701 02:16:21.108210,hs1-pr100/repeat-02/hs1-pr100/node-2.log,283,E20260701 02:16:21.108210   324 commitment.cpp:777] CHATAY_HS1_TRACE replica_send_vote self=2 vote_type=TYPE_COMMIT_VOTE source_type=TYPE_COMMIT target_primary=4 view=1 data_size=731
hs1-pr100,repeat-02,2,hs1_consensus_commit,20260701 02:16:21.168708,hs1-pr100/repeat-02/hs1-pr100/node-2.log,284,E20260701 02:16:21.168708   320 consensus.cpp:109] CHATAY_HS1_TRACE consensus_commit self=2 request_type=TYPE_NONE sender=0 proxy=0 data_size=441
hs1-pr100,repeat-02,2,bootstrap_heartbeat_receive,1782872181754,hs1-pr100/repeat-02/hs1-pr100/node-2.log,289,E20260701 02:16:21.754555   311 consensus_manager.cpp:264] CHATAY_HS1_COLD_START heartbeat_receive_enter ts_ms=1782872181754 self=2
hs1-pr100,repeat-02,2,bootstrap_heartbeat_receive,1782872181757,hs1-pr100/repeat-02/hs1-pr100/node-2.log,291,E20260701 02:16:21.757299   316 consensus_manager.cpp:264] CHATAY_HS1_COLD_START heartbeat_receive_enter ts_ms=1782872181757 self=2
hs1-pr100,repeat-02,2,hs1_consensus_commit,20260701 02:16:21.991315,hs1-pr100/repeat-02/hs1-pr100/node-2.log,293,E20260701 02:16:21.991315   320 consensus.cpp:109] CHATAY_HS1_TRACE consensus_commit self=2 request_type=TYPE_NONE sender=0 proxy=0 data_size=618
hs1-pr100,repeat-02,2,hs1_prepare_vote,20260701 02:16:21.991413,hs1-pr100/repeat-02/hs1-pr100/node-2.log,297,E20260701 02:16:21.991413   320 commitment.cpp:777] CHATAY_HS1_TRACE replica_send_vote self=2 vote_type=TYPE_PREPARE_VOTE source_type=TYPE_PREPARE target_primary=2 view=5 data_size=690
hs1-pr100,repeat-02,2,hs1_consensus_commit,20260701 02:16:21.992724,hs1-pr100/repeat-02/hs1-pr100/node-2.log,298,E20260701 02:16:21.992724   323 consensus.cpp:109] CHATAY_HS1_TRACE consensus_commit self=2 request_type=TYPE_NONE sender=0 proxy=0 data_size=690
hs1-pr100,repeat-02,2,hs1_consensus_commit,20260701 02:16:22.040612,hs1-pr100/repeat-02/hs1-pr100/node-2.log,302,E20260701 02:16:22.040612   319 consensus.cpp:109] CHATAY_HS1_TRACE consensus_commit self=2 request_type=TYPE_NONE sender=0 proxy=0 data_size=690
hs1-pr100,repeat-02,2,hs1_consensus_commit,20260701 02:16:22.041802,hs1-pr100/repeat-02/hs1-pr100/node-2.log,306,E20260701 02:16:22.041802   319 consensus.cpp:109] CHATAY_HS1_TRACE consensus_commit self=2 request_type=TYPE_NONE sender=0 proxy=0 data_size=690
hs1-pr100,repeat-02,2,hs1_consensus_commit,20260701 02:16:22.041805,hs1-pr100/repeat-02/hs1-pr100/node-2.log,307,E20260701 02:16:22.041805   311 consensus.cpp:109] CHATAY_HS1_TRACE consensus_commit self=2 request_type=TYPE_NONE sender=0 proxy=0 data_size=690
hs1-pr100,repeat-02,2,hs1_consensus_commit,20260701 02:16:22.052500,hs1-pr100/repeat-02/hs1-pr100/node-2.log,316,E20260701 02:16:22.052500   314 consensus.cpp:109] CHATAY_HS1_TRACE consensus_commit self=2 request_type=TYPE_NONE sender=0 proxy=0 data_size=400
hs1-pr100,repeat-02,2,hs1_precommit_vote,20260701 02:16:22.052845,hs1-pr100/repeat-02/hs1-pr100/node-2.log,319,E20260701 02:16:22.052845   314 commitment.cpp:777] CHATAY_HS1_TRACE replica_send_vote self=2 vote_type=TYPE_PRECOMMIT_VOTE source_type=TYPE_PRECOMMIT target_primary=3 view=5 data_size=649
hs1-pr100,repeat-02,2,hs1_consensus_commit,20260701 02:16:22.113327,hs1-pr100/repeat-02/hs1-pr100/node-2.log,320,E20260701 02:16:22.113327   313 consensus.cpp:109] CHATAY_HS1_TRACE consensus_commit self=2 request_type=TYPE_NONE sender=0 proxy=0 data_size=400
hs1-pr100,repeat-02,2,hs1_commit_vote,20260701 02:16:22.113660,hs1-pr100/repeat-02/hs1-pr100/node-2.log,323,E20260701 02:16:22.113660   313 commitment.cpp:777] CHATAY_HS1_TRACE replica_send_vote self=2 vote_type=TYPE_COMMIT_VOTE source_type=TYPE_COMMIT target_primary=4 view=5 data_size=649
hs1-pr100,repeat-02,2,hs1_consensus_commit,20260701 02:16:22.164211,hs1-pr100/repeat-02/hs1-pr100/node-2.log,324,E20260701 02:16:22.164211   311 consensus.cpp:109] CHATAY_HS1_TRACE consensus_commit self=2 request_type=TYPE_NONE sender=0 proxy=0 data_size=400
hs1-pr100,repeat-02,3,config_load,1782872166248,hs1-pr100/repeat-02/hs1-pr100/node-3.log,4,E20260701 02:16:06.248116   106 resdb_config_utils.cpp:198] CHATAY_HS1_COLD_START generate_resdb_config_start ts_ms=1782872166248 config_file=/work/config/server/server.config private_key_file=/work/cert/node3.key.pri cert_file=/work/cert/cert_3.cert
hs1-pr100,repeat-02,3,config_load,1782872166248,hs1-pr100/repeat-02/hs1-pr100/node-3.log,5,E20260701 02:16:06.248121   106 resdb_config_utils.cpp:133] CHATAY_HS1_COLD_START read_config_start ts_ms=1782872166248 file=/work/config/server/server.config
hs1-pr100,repeat-02,3,config_load,1782872166248,hs1-pr100/repeat-02/hs1-pr100/node-3.log,6,E20260701 02:16:06.248665   106 resdb_config_utils.cpp:154] CHATAY_HS1_COLD_START read_config_finish ts_ms=1782872166248 duration_ms=0 file=/work/config/server/server.config bytes=292 regions=1
hs1-pr100,repeat-02,3,key_cert_load,1782872166248,hs1-pr100/repeat-02/hs1-pr100/node-3.log,7,E20260701 02:16:06.248677   106 resdb_config_utils.cpp:49] CHATAY_HS1_COLD_START read_private_key_start ts_ms=1782872166248 file=/work/cert/node3.key.pri
hs1-pr100,repeat-02,3,key_cert_load,1782872166248,hs1-pr100/repeat-02/hs1-pr100/node-3.log,8,E20260701 02:16:06.248689   106 resdb_config_utils.cpp:71] CHATAY_HS1_COLD_START read_private_key_finish ts_ms=1782872166248 duration_ms=0 file=/work/cert/node3.key.pri bytes=36 hash_type=2
hs1-pr100,repeat-02,3,key_cert_load,1782872166248,hs1-pr100/repeat-02/hs1-pr100/node-3.log,9,E20260701 02:16:06.248692   106 resdb_config_utils.cpp:82] CHATAY_HS1_COLD_START read_cert_start ts_ms=1782872166248 file=/work/cert/cert_3.cert
hs1-pr100,repeat-02,3,key_cert_load,1782872166248,hs1-pr100/repeat-02/hs1-pr100/node-3.log,10,E20260701 02:16:06.248700   106 resdb_config_utils.cpp:104] CHATAY_HS1_COLD_START read_cert_finish ts_ms=1782872166248 duration_ms=0 file=/work/cert/cert_3.cert bytes=167 node_id=3 type=0
hs1-pr100,repeat-02,3,key_cert_load,1782872166248,hs1-pr100/repeat-02/hs1-pr100/node-3.log,11,E20260701 02:16:06.248703   106 resdb_config_utils.cpp:207] CHATAY_HS1_COLD_START key_cert_loaded ts_ms=1782872166248 node_id=3 public_key_hash_type=2 private_key_hash_type=2
hs1-pr100,repeat-02,3,config_load,1782872166248,hs1-pr100/repeat-02/hs1-pr100/node-3.log,12,E20260701 02:16:06.248706   106 resdb_config_utils.cpp:231] CHATAY_HS1_COLD_START generate_resdb_config_finish ts_ms=1782872166248 duration_ms=0 self=3 custom_gen=0
hs1-pr100,repeat-02,3,network_start,1782872166255,hs1-pr100/repeat-02/hs1-pr100/node-3.log,47,E20260701 02:16:06.255268   106 service_network.cpp:50] CHATAY_HS1_COLD_START service_network_ctor_start ts_ms=1782872166255 self=3 port=25123
hs1-pr100,repeat-02,3,bootstrap_heartbeat_send,1782872166255,hs1-pr100/repeat-02/hs1-pr100/node-3.log,66,E20260701 02:16:06.255874   137 consensus_manager.cpp:147] CHATAY_HS1_COLD_START heartbeat_send_start ts_ms=1782872166255 self=3 known_public_keys=1 all_replicas=4 current_ready=0
hs1-pr100,repeat-02,3,bootstrap_heartbeat_send,1782872167266,hs1-pr100/repeat-02/hs1-pr100/node-3.log,77,E20260701 02:16:07.266454   137 consensus_manager.cpp:147] CHATAY_HS1_COLD_START heartbeat_send_start ts_ms=1782872167266 self=3 known_public_keys=1 all_replicas=4 current_ready=0
hs1-pr100,repeat-02,3,bootstrap_heartbeat_send,1782872168276,hs1-pr100/repeat-02/hs1-pr100/node-3.log,82,E20260701 02:16:08.276932   137 consensus_manager.cpp:147] CHATAY_HS1_COLD_START heartbeat_send_start ts_ms=1782872168276 self=3 known_public_keys=1 all_replicas=4 current_ready=0
hs1-pr100,repeat-02,3,bootstrap_heartbeat_send,1782872176507,hs1-pr100/repeat-02/hs1-pr100/node-3.log,102,E20260701 02:16:16.507480   137 consensus_manager.cpp:147] CHATAY_HS1_COLD_START heartbeat_send_start ts_ms=1782872176507 self=3 known_public_keys=1 all_replicas=4 current_ready=0
hs1-pr100,repeat-02,3,network_start,1782872177256,hs1-pr100/repeat-02/hs1-pr100/node-3.log,111,E20260701 02:16:17.256732   106 service_network.cpp:143] CHATAY_HS1_COLD_START service_network_service_started ts_ms=1782872177256 self=3
hs1-pr100,repeat-02,3,network_start,1782872177257,hs1-pr100/repeat-02/hs1-pr100/node-3.log,113,E20260701 02:16:17.257480   106 service_network.cpp:151] CHATAY_HS1_COLD_START service_network_acceptor_run_enter ts_ms=1782872177257 self=3
hs1-pr100,repeat-02,3,bootstrap_heartbeat_receive,1782872177258,hs1-pr100/repeat-02/hs1-pr100/node-3.log,117,E20260701 02:16:17.258518   366 consensus_manager.cpp:264] CHATAY_HS1_COLD_START heartbeat_receive_enter ts_ms=1782872177258 self=3
hs1-pr100,repeat-02,3,bootstrap_heartbeat_receive,1782872177258,hs1-pr100/repeat-02/hs1-pr100/node-3.log,118,E20260701 02:16:17.258531   351 consensus_manager.cpp:264] CHATAY_HS1_COLD_START heartbeat_receive_enter ts_ms=1782872177258 self=3
hs1-pr100,repeat-02,3,bootstrap_heartbeat_receive,1782872177258,hs1-pr100/repeat-02/hs1-pr100/node-3.log,119,E20260701 02:16:17.258523   354 consensus_manager.cpp:264] CHATAY_HS1_COLD_START heartbeat_receive_enter ts_ms=1782872177258 self=3
hs1-pr100,repeat-02,3,bootstrap_heartbeat_receive,1782872177258,hs1-pr100/repeat-02/hs1-pr100/node-3.log,120,E20260701 02:16:17.258584   360 consensus_manager.cpp:264] CHATAY_HS1_COLD_START heartbeat_receive_enter ts_ms=1782872177258 self=3
hs1-pr100,repeat-02,3,bootstrap_heartbeat_receive,1782872177258,hs1-pr100/repeat-02/hs1-pr100/node-3.log,121,E20260701 02:16:17.258531   352 consensus_manager.cpp:264] CHATAY_HS1_COLD_START heartbeat_receive_enter ts_ms=1782872177258 self=3
hs1-pr100,repeat-02,3,bootstrap_heartbeat_receive,1782872177258,hs1-pr100/repeat-02/hs1-pr100/node-3.log,122,E20260701 02:16:17.258610   363 consensus_manager.cpp:264] CHATAY_HS1_COLD_START heartbeat_receive_enter ts_ms=1782872177258 self=3
hs1-pr100,repeat-02,3,bootstrap_heartbeat_receive,1782872177258,hs1-pr100/repeat-02/hs1-pr100/node-3.log,123,E20260701 02:16:17.258615   364 consensus_manager.cpp:264] CHATAY_HS1_COLD_START heartbeat_receive_enter ts_ms=1782872177258 self=3
hs1-pr100,repeat-02,3,bootstrap_heartbeat_receive,1782872177258,hs1-pr100/repeat-02/hs1-pr100/node-3.log,124,E20260701 02:16:17.258589   355 consensus_manager.cpp:264] CHATAY_HS1_COLD_START heartbeat_receive_enter ts_ms=1782872177258 self=3
hs1-pr100,repeat-02,3,bootstrap_heartbeat_receive,1782872177258,hs1-pr100/repeat-02/hs1-pr100/node-3.log,125,E20260701 02:16:17.258615   358 consensus_manager.cpp:264] CHATAY_HS1_COLD_START heartbeat_receive_enter ts_ms=1782872177258 self=3
hs1-pr100,repeat-02,3,bootstrap_heartbeat_receive,1782872177258,hs1-pr100/repeat-02/hs1-pr100/node-3.log,126,E20260701 02:16:17.258540   356 consensus_manager.cpp:264] CHATAY_HS1_COLD_START heartbeat_receive_enter ts_ms=1782872177258 self=3
hs1-pr100,repeat-02,3,bootstrap_heartbeat_receive,1782872177258,hs1-pr100/repeat-02/hs1-pr100/node-3.log,127,E20260701 02:16:17.258538   350 consensus_manager.cpp:264] CHATAY_HS1_COLD_START heartbeat_receive_enter ts_ms=1782872177258 self=3
hs1-pr100,repeat-02,3,bootstrap_heartbeat_receive,1782872177581,hs1-pr100/repeat-02/hs1-pr100/node-3.log,129,E20260701 02:16:17.581053   357 consensus_manager.cpp:264] CHATAY_HS1_COLD_START heartbeat_receive_enter ts_ms=1782872177581 self=3
hs1-pr100,repeat-02,3,bootstrap_heartbeat_receive,1782872177581,hs1-pr100/repeat-02/hs1-pr100/node-3.log,130,E20260701 02:16:17.581053   359 consensus_manager.cpp:264] CHATAY_HS1_COLD_START heartbeat_receive_enter ts_ms=1782872177581 self=3
hs1-pr100,repeat-02,3,bootstrap_heartbeat_receive,1782872177581,hs1-pr100/repeat-02/hs1-pr100/node-3.log,131,E20260701 02:16:17.581197   362 consensus_manager.cpp:264] CHATAY_HS1_COLD_START heartbeat_receive_enter ts_ms=1782872177581 self=3
hs1-pr100,repeat-02,3,bootstrap_heartbeat_send,1782872177585,hs1-pr100/repeat-02/hs1-pr100/node-3.log,133,E20260701 02:16:17.585644   366 consensus_manager.cpp:147] CHATAY_HS1_COLD_START heartbeat_send_start ts_ms=1782872177585 self=3 known_public_keys=1 all_replicas=4 current_ready=0
hs1-pr100,repeat-02,3,bootstrap_heartbeat_receive,1782872177586,hs1-pr100/repeat-02/hs1-pr100/node-3.log,137,E20260701 02:16:17.586104   361 consensus_manager.cpp:264] CHATAY_HS1_COLD_START heartbeat_receive_enter ts_ms=1782872177586 self=3
hs1-pr100,repeat-02,3,bootstrap_heartbeat_receive,1782872177588,hs1-pr100/repeat-02/hs1-pr100/node-3.log,138,E20260701 02:16:17.588944   353 consensus_manager.cpp:264] CHATAY_HS1_COLD_START heartbeat_receive_enter ts_ms=1782872177588 self=3
hs1-pr100,repeat-02,3,bootstrap_heartbeat_receive,1782872180702,hs1-pr100/repeat-02/hs1-pr100/node-3.log,141,E20260701 02:16:20.702455   366 consensus_manager.cpp:264] CHATAY_HS1_COLD_START heartbeat_receive_enter ts_ms=1782872180702 self=3
hs1-pr100,repeat-02,3,bootstrap_heartbeat_receive,1782872180702,hs1-pr100/repeat-02/hs1-pr100/node-3.log,143,E20260701 02:16:20.702582   351 consensus_manager.cpp:264] CHATAY_HS1_COLD_START heartbeat_receive_enter ts_ms=1782872180702 self=3
hs1-pr100,repeat-02,3,bootstrap_heartbeat_send,1782872180702,hs1-pr100/repeat-02/hs1-pr100/node-3.log,144,E20260701 02:16:20.702647   354 consensus_manager.cpp:147] CHATAY_HS1_COLD_START heartbeat_send_start ts_ms=1782872180702 self=3 known_public_keys=2 all_replicas=4 current_ready=0
hs1-pr100,repeat-02,3,bootstrap_heartbeat_receive,1782872180713,hs1-pr100/repeat-02/hs1-pr100/node-3.log,150,E20260701 02:16:20.713029   354 consensus_manager.cpp:264] CHATAY_HS1_COLD_START heartbeat_receive_enter ts_ms=1782872180713 self=3
hs1-pr100,repeat-02,3,bootstrap_heartbeat_send,1782872180713,hs1-pr100/repeat-02/hs1-pr100/node-3.log,151,E20260701 02:16:20.713174   360 consensus_manager.cpp:147] CHATAY_HS1_COLD_START heartbeat_send_start ts_ms=1782872180713 self=3 known_public_keys=3 all_replicas=4 current_ready=0
hs1-pr100,repeat-02,3,bootstrap_heartbeat_receive,1782872180723,hs1-pr100/repeat-02/hs1-pr100/node-3.log,157,E20260701 02:16:20.723590   360 consensus_manager.cpp:264] CHATAY_HS1_COLD_START heartbeat_receive_enter ts_ms=1782872180723 self=3
hs1-pr100,repeat-02,3,bootstrap_heartbeat_receive,1782872180723,hs1-pr100/repeat-02/hs1-pr100/node-3.log,158,E20260701 02:16:20.723780   352 consensus_manager.cpp:264] CHATAY_HS1_COLD_START heartbeat_receive_enter ts_ms=1782872180723 self=3
hs1-pr100,repeat-02,3,bootstrap_heartbeat_receive,1782872180723,hs1-pr100/repeat-02/hs1-pr100/node-3.log,160,E20260701 02:16:20.723932   352 consensus_manager.cpp:264] CHATAY_HS1_COLD_START heartbeat_receive_enter ts_ms=1782872180723 self=3
hs1-pr100,repeat-02,3,bootstrap_heartbeat_send,1782872180724,hs1-pr100/repeat-02/hs1-pr100/node-3.log,162,E20260701 02:16:20.724161   352 consensus_manager.cpp:147] CHATAY_HS1_COLD_START heartbeat_send_start ts_ms=1782872180724 self=3 known_public_keys=5 all_replicas=4 current_ready=0
hs1-pr100,repeat-02,3,bootstrap_heartbeat_receive,1782872180734,hs1-pr100/repeat-02/hs1-pr100/node-3.log,168,E20260701 02:16:20.734627   352 consensus_manager.cpp:264] CHATAY_HS1_COLD_START heartbeat_receive_enter ts_ms=1782872180734 self=3
hs1-pr100,repeat-02,3,bootstrap_heartbeat_send,1782872180734,hs1-pr100/repeat-02/hs1-pr100/node-3.log,169,E20260701 02:16:20.734675   355 consensus_manager.cpp:147] CHATAY_HS1_COLD_START heartbeat_send_start ts_ms=1782872180734 self=3 known_public_keys=5 all_replicas=4 current_ready=0
hs1-pr100,repeat-02,3,bootstrap_heartbeat_receive,1782872180745,hs1-pr100/repeat-02/hs1-pr100/node-3.log,175,E20260701 02:16:20.745023   355 consensus_manager.cpp:264] CHATAY_HS1_COLD_START heartbeat_receive_enter ts_ms=1782872180745 self=3
hs1-pr100,repeat-02,3,bootstrap_heartbeat_receive,1782872180745,hs1-pr100/repeat-02/hs1-pr100/node-3.log,177,E20260701 02:16:20.745164   356 consensus_manager.cpp:264] CHATAY_HS1_COLD_START heartbeat_receive_enter ts_ms=1782872180745 self=3
hs1-pr100,repeat-02,3,bootstrap_heartbeat_receive,1782872180745,hs1-pr100/repeat-02/hs1-pr100/node-3.log,178,E20260701 02:16:20.745265   358 consensus_manager.cpp:264] CHATAY_HS1_COLD_START heartbeat_receive_enter ts_ms=1782872180745 self=3
hs1-pr100,repeat-02,3,bootstrap_heartbeat_receive,1782872180745,hs1-pr100/repeat-02/hs1-pr100/node-3.log,180,E20260701 02:16:20.745450   350 consensus_manager.cpp:264] CHATAY_HS1_COLD_START heartbeat_receive_enter ts_ms=1782872180745 self=3
hs1-pr100,repeat-02,3,bootstrap_heartbeat_receive,1782872180745,hs1-pr100/repeat-02/hs1-pr100/node-3.log,182,E20260701 02:16:20.745591   357 consensus_manager.cpp:264] CHATAY_HS1_COLD_START heartbeat_receive_enter ts_ms=1782872180745 self=3
hs1-pr100,repeat-02,3,bootstrap_heartbeat_receive,1782872180745,hs1-pr100/repeat-02/hs1-pr100/node-3.log,184,E20260701 02:16:20.745776   359 consensus_manager.cpp:264] CHATAY_HS1_COLD_START heartbeat_receive_enter ts_ms=1782872180745 self=3
hs1-pr100,repeat-02,3,bootstrap_heartbeat_receive,1782872180746,hs1-pr100/repeat-02/hs1-pr100/node-3.log,187,E20260701 02:16:20.746027   362 consensus_manager.cpp:264] CHATAY_HS1_COLD_START heartbeat_receive_enter ts_ms=1782872180746 self=3
hs1-pr100,repeat-02,3,bootstrap_heartbeat_receive,1782872180746,hs1-pr100/repeat-02/hs1-pr100/node-3.log,189,E20260701 02:16:20.746155   361 consensus_manager.cpp:264] CHATAY_HS1_COLD_START heartbeat_receive_enter ts_ms=1782872180746 self=3
hs1-pr100,repeat-02,3,bootstrap_heartbeat_receive,1782872180746,hs1-pr100/repeat-02/hs1-pr100/node-3.log,190,E20260701 02:16:20.746347   353 consensus_manager.cpp:264] CHATAY_HS1_COLD_START heartbeat_receive_enter ts_ms=1782872180746 self=3
hs1-pr100,repeat-02,3,bootstrap_heartbeat_send,1782872180746,hs1-pr100/repeat-02/hs1-pr100/node-3.log,191,E20260701 02:16:20.746394   137 consensus_manager.cpp:147] CHATAY_HS1_COLD_START heartbeat_send_start ts_ms=1782872180746 self=3 known_public_keys=5 all_replicas=4 current_ready=0
hs1-pr100,repeat-02,3,bootstrap_heartbeat_receive,1782872180756,hs1-pr100/repeat-02/hs1-pr100/node-3.log,198,E20260701 02:16:20.756953   366 consensus_manager.cpp:264] CHATAY_HS1_COLD_START heartbeat_receive_enter ts_ms=1782872180756 self=3
hs1-pr100,repeat-02,3,bootstrap_heartbeat_receive,1782872180757,hs1-pr100/repeat-02/hs1-pr100/node-3.log,200,E20260701 02:16:20.757046   351 consensus_manager.cpp:264] CHATAY_HS1_COLD_START heartbeat_receive_enter ts_ms=1782872180757 self=3
hs1-pr100,repeat-02,3,bootstrap_heartbeat_receive,1782872180757,hs1-pr100/repeat-02/hs1-pr100/node-3.log,202,E20260701 02:16:20.757141   354 consensus_manager.cpp:264] CHATAY_HS1_COLD_START heartbeat_receive_enter ts_ms=1782872180757 self=3
hs1-pr100,repeat-02,3,bootstrap_heartbeat_receive,1782872180757,hs1-pr100/repeat-02/hs1-pr100/node-3.log,204,E20260701 02:16:20.757282   360 consensus_manager.cpp:264] CHATAY_HS1_COLD_START heartbeat_receive_enter ts_ms=1782872180757 self=3
hs1-pr100,repeat-02,3,bootstrap_heartbeat_receive,1782872180757,hs1-pr100/repeat-02/hs1-pr100/node-3.log,205,E20260701 02:16:20.757372   363 consensus_manager.cpp:264] CHATAY_HS1_COLD_START heartbeat_receive_enter ts_ms=1782872180757 self=3
hs1-pr100,repeat-02,3,bootstrap_heartbeat_receive,1782872180757,hs1-pr100/repeat-02/hs1-pr100/node-3.log,208,E20260701 02:16:20.757489   364 consensus_manager.cpp:264] CHATAY_HS1_COLD_START heartbeat_receive_enter ts_ms=1782872180757 self=3
hs1-pr100,repeat-02,3,readiness,1782872180757,hs1-pr100/repeat-02/hs1-pr100/node-3.log,209,E20260701 02:16:20.757627   352 consensus_manager.cpp:343] CHATAY_HS1_COLD_START readiness_reached ts_ms=1782872180757 self=3 replica_num=3 quorum=3 sender=2
hs1-pr100,repeat-02,3,readiness,20260701 02:16:20.757629,hs1-pr100/repeat-02/hs1-pr100/node-3.log,210,E20260701 02:16:20.757629   352 consensus_manager.cpp:349] ============ Server 3 is ready =====================
hs1-pr100,repeat-02,3,bootstrap_heartbeat_receive,1782872180757,hs1-pr100/repeat-02/hs1-pr100/node-3.log,212,E20260701 02:16:20.757664   352 consensus_manager.cpp:264] CHATAY_HS1_COLD_START heartbeat_receive_enter ts_ms=1782872180757 self=3
hs1-pr100,repeat-02,3,bootstrap_heartbeat_receive,1782872180757,hs1-pr100/repeat-02/hs1-pr100/node-3.log,214,E20260701 02:16:20.757899   355 consensus_manager.cpp:264] CHATAY_HS1_COLD_START heartbeat_receive_enter ts_ms=1782872180757 self=3
hs1-pr100,repeat-02,3,bootstrap_heartbeat_receive,1782872180758,hs1-pr100/repeat-02/hs1-pr100/node-3.log,215,E20260701 02:16:20.758080   356 consensus_manager.cpp:264] CHATAY_HS1_COLD_START heartbeat_receive_enter ts_ms=1782872180758 self=3
hs1-pr100,repeat-02,3,bootstrap_heartbeat_receive,1782872180758,hs1-pr100/repeat-02/hs1-pr100/node-3.log,218,E20260701 02:16:20.758317   358 consensus_manager.cpp:264] CHATAY_HS1_COLD_START heartbeat_receive_enter ts_ms=1782872180758 self=3
hs1-pr100,repeat-02,3,bootstrap_heartbeat_receive,1782872180758,hs1-pr100/repeat-02/hs1-pr100/node-3.log,219,E20260701 02:16:20.758591   350 consensus_manager.cpp:264] CHATAY_HS1_COLD_START heartbeat_receive_enter ts_ms=1782872180758 self=3
hs1-pr100,repeat-02,3,bootstrap_heartbeat_receive,1782872180759,hs1-pr100/repeat-02/hs1-pr100/node-3.log,222,E20260701 02:16:20.759039   357 consensus_manager.cpp:264] CHATAY_HS1_COLD_START heartbeat_receive_enter ts_ms=1782872180759 self=3
hs1-pr100,repeat-02,3,bootstrap_heartbeat_receive,1782872180759,hs1-pr100/repeat-02/hs1-pr100/node-3.log,223,E20260701 02:16:20.759361   359 consensus_manager.cpp:264] CHATAY_HS1_COLD_START heartbeat_receive_enter ts_ms=1782872180759 self=3
hs1-pr100,repeat-02,3,bootstrap_heartbeat_receive,1782872180759,hs1-pr100/repeat-02/hs1-pr100/node-3.log,226,E20260701 02:16:20.759774   359 consensus_manager.cpp:264] CHATAY_HS1_COLD_START heartbeat_receive_enter ts_ms=1782872180759 self=3
hs1-pr100,repeat-02,3,hs1_consensus_commit,20260701 02:16:20.987702,hs1-pr100/repeat-02/hs1-pr100/node-3.log,242,E20260701 02:16:20.987702   359 consensus.cpp:109] CHATAY_HS1_TRACE consensus_commit self=3 request_type=TYPE_NONE sender=0 proxy=0 data_size=228
hs1-pr100,repeat-02,3,hs1_prepare_vote,20260701 02:16:20.988205,hs1-pr100/repeat-02/hs1-pr100/node-3.log,246,E20260701 02:16:20.988205   359 commitment.cpp:777] CHATAY_HS1_TRACE replica_send_vote self=3 vote_type=TYPE_PREPARE_VOTE source_type=TYPE_PREPARE target_primary=2 view=1 data_size=298
hs1-pr100,repeat-02,3,hs1_consensus_commit,20260701 02:16:21.048177,hs1-pr100/repeat-02/hs1-pr100/node-3.log,247,E20260701 02:16:21.048177   359 consensus.cpp:109] CHATAY_HS1_TRACE consensus_commit self=3 request_type=TYPE_NONE sender=0 proxy=0 data_size=441
hs1-pr100,repeat-02,3,hs1_precommit_vote,20260701 02:16:21.048491,hs1-pr100/repeat-02/hs1-pr100/node-3.log,250,E20260701 02:16:21.048491   359 commitment.cpp:777] CHATAY_HS1_TRACE replica_send_vote self=3 vote_type=TYPE_PRECOMMIT_VOTE source_type=TYPE_PRECOMMIT target_primary=3 view=1 data_size=731
hs1-pr100,repeat-02,3,hs1_consensus_commit,20260701 02:16:21.098115,hs1-pr100/repeat-02/hs1-pr100/node-3.log,251,E20260701 02:16:21.098115   362 consensus.cpp:109] CHATAY_HS1_TRACE consensus_commit self=3 request_type=TYPE_NONE sender=0 proxy=0 data_size=731
hs1-pr100,repeat-02,3,hs1_consensus_commit,20260701 02:16:21.098115,hs1-pr100/repeat-02/hs1-pr100/node-3.log,252,E20260701 02:16:21.098115   360 consensus.cpp:109] CHATAY_HS1_TRACE consensus_commit self=3 request_type=TYPE_NONE sender=0 proxy=0 data_size=731
hs1-pr100,repeat-02,3,hs1_consensus_commit,20260701 02:16:21.099901,hs1-pr100/repeat-02/hs1-pr100/node-3.log,259,E20260701 02:16:21.099901   362 consensus.cpp:109] CHATAY_HS1_TRACE consensus_commit self=3 request_type=TYPE_NONE sender=0 proxy=0 data_size=731
hs1-pr100,repeat-02,3,hs1_consensus_commit,20260701 02:16:21.100512,hs1-pr100/repeat-02/hs1-pr100/node-3.log,265,E20260701 02:16:21.100512   366 consensus.cpp:109] CHATAY_HS1_TRACE consensus_commit self=3 request_type=TYPE_NONE sender=0 proxy=0 data_size=731
hs1-pr100,repeat-02,3,hs1_consensus_commit,20260701 02:16:21.107947,hs1-pr100/repeat-02/hs1-pr100/node-3.log,269,E20260701 02:16:21.107947   353 consensus.cpp:109] CHATAY_HS1_TRACE consensus_commit self=3 request_type=TYPE_NONE sender=0 proxy=0 data_size=441
hs1-pr100,repeat-02,3,hs1_commit_vote,20260701 02:16:21.108191,hs1-pr100/repeat-02/hs1-pr100/node-3.log,272,E20260701 02:16:21.108191   353 commitment.cpp:777] CHATAY_HS1_TRACE replica_send_vote self=3 vote_type=TYPE_COMMIT_VOTE source_type=TYPE_COMMIT target_primary=4 view=1 data_size=731
hs1-pr100,repeat-02,3,hs1_consensus_commit,20260701 02:16:21.168926,hs1-pr100/repeat-02/hs1-pr100/node-3.log,273,E20260701 02:16:21.168926   359 consensus.cpp:109] CHATAY_HS1_TRACE consensus_commit self=3 request_type=TYPE_NONE sender=0 proxy=0 data_size=441
hs1-pr100,repeat-02,3,bootstrap_heartbeat_receive,1782872181754,hs1-pr100/repeat-02/hs1-pr100/node-3.log,281,E20260701 02:16:21.754520   363 consensus_manager.cpp:264] CHATAY_HS1_COLD_START heartbeat_receive_enter ts_ms=1782872181754 self=3
hs1-pr100,repeat-02,3,bootstrap_heartbeat_send,1782872181756,hs1-pr100/repeat-02/hs1-pr100/node-3.log,283,E20260701 02:16:21.756944   137 consensus_manager.cpp:147] CHATAY_HS1_COLD_START heartbeat_send_start ts_ms=1782872181756 self=3 known_public_keys=5 all_replicas=4 current_ready=1
hs1-pr100,repeat-02,3,bootstrap_heartbeat_receive,1782872181757,hs1-pr100/repeat-02/hs1-pr100/node-3.log,288,E20260701 02:16:21.757309   354 consensus_manager.cpp:264] CHATAY_HS1_COLD_START heartbeat_receive_enter ts_ms=1782872181757 self=3
hs1-pr100,repeat-02,3,hs1_consensus_commit,20260701 02:16:21.991314,hs1-pr100/repeat-02/hs1-pr100/node-3.log,290,E20260701 02:16:21.991314   353 consensus.cpp:109] CHATAY_HS1_TRACE consensus_commit self=3 request_type=TYPE_NONE sender=0 proxy=0 data_size=618
hs1-pr100,repeat-02,3,hs1_prepare_vote,20260701 02:16:21.991418,hs1-pr100/repeat-02/hs1-pr100/node-3.log,294,E20260701 02:16:21.991418   353 commitment.cpp:777] CHATAY_HS1_TRACE replica_send_vote self=3 vote_type=TYPE_PREPARE_VOTE source_type=TYPE_PREPARE target_primary=2 view=5 data_size=690
hs1-pr100,repeat-02,3,hs1_consensus_commit,20260701 02:16:22.052532,hs1-pr100/repeat-02/hs1-pr100/node-3.log,295,E20260701 02:16:22.052532   361 consensus.cpp:109] CHATAY_HS1_TRACE consensus_commit self=3 request_type=TYPE_NONE sender=0 proxy=0 data_size=400
hs1-pr100,repeat-02,3,hs1_precommit_vote,20260701 02:16:22.052879,hs1-pr100/repeat-02/hs1-pr100/node-3.log,298,E20260701 02:16:22.052879   361 commitment.cpp:777] CHATAY_HS1_TRACE replica_send_vote self=3 vote_type=TYPE_PRECOMMIT_VOTE source_type=TYPE_PRECOMMIT target_primary=3 view=5 data_size=649
hs1-pr100,repeat-02,3,hs1_consensus_commit,20260701 02:16:22.101492,hs1-pr100/repeat-02/hs1-pr100/node-3.log,299,E20260701 02:16:22.101492   353 consensus.cpp:109] CHATAY_HS1_TRACE consensus_commit self=3 request_type=TYPE_NONE sender=0 proxy=0 data_size=649
hs1-pr100,repeat-02,3,hs1_consensus_commit,20260701 02:16:22.101492,hs1-pr100/repeat-02/hs1-pr100/node-3.log,300,E20260701 02:16:22.101492   357 consensus.cpp:109] CHATAY_HS1_TRACE consensus_commit self=3 request_type=TYPE_NONE sender=0 proxy=0 data_size=649
hs1-pr100,repeat-02,3,hs1_consensus_commit,20260701 02:16:22.102810,hs1-pr100/repeat-02/hs1-pr100/node-3.log,307,E20260701 02:16:22.102810   357 consensus.cpp:109] CHATAY_HS1_TRACE consensus_commit self=3 request_type=TYPE_NONE sender=0 proxy=0 data_size=649
hs1-pr100,repeat-02,3,hs1_consensus_commit,20260701 02:16:22.103128,hs1-pr100/repeat-02/hs1-pr100/node-3.log,313,E20260701 02:16:22.103128   360 consensus.cpp:109] CHATAY_HS1_TRACE consensus_commit self=3 request_type=TYPE_NONE sender=0 proxy=0 data_size=649
hs1-pr100,repeat-02,3,hs1_consensus_commit,20260701 02:16:22.113343,hs1-pr100/repeat-02/hs1-pr100/node-3.log,317,E20260701 02:16:22.113343   359 consensus.cpp:109] CHATAY_HS1_TRACE consensus_commit self=3 request_type=TYPE_NONE sender=0 proxy=0 data_size=400
hs1-pr100,repeat-02,3,hs1_commit_vote,20260701 02:16:22.113652,hs1-pr100/repeat-02/hs1-pr100/node-3.log,320,E20260701 02:16:22.113652   359 commitment.cpp:777] CHATAY_HS1_TRACE replica_send_vote self=3 vote_type=TYPE_COMMIT_VOTE source_type=TYPE_COMMIT target_primary=4 view=5 data_size=649
hs1-pr100,repeat-02,3,hs1_consensus_commit,20260701 02:16:22.164225,hs1-pr100/repeat-02/hs1-pr100/node-3.log,321,E20260701 02:16:22.164225   361 consensus.cpp:109] CHATAY_HS1_TRACE consensus_commit self=3 request_type=TYPE_NONE sender=0 proxy=0 data_size=400
hs1-pr100,repeat-02,4,config_load,1782872166750,hs1-pr100/repeat-02/hs1-pr100/node-4.log,4,E20260701 02:16:06.750487   140 resdb_config_utils.cpp:198] CHATAY_HS1_COLD_START generate_resdb_config_start ts_ms=1782872166750 config_file=/work/config/server/server.config private_key_file=/work/cert/node4.key.pri cert_file=/work/cert/cert_4.cert
hs1-pr100,repeat-02,4,config_load,1782872166750,hs1-pr100/repeat-02/hs1-pr100/node-4.log,5,E20260701 02:16:06.750489   140 resdb_config_utils.cpp:133] CHATAY_HS1_COLD_START read_config_start ts_ms=1782872166750 file=/work/config/server/server.config
hs1-pr100,repeat-02,4,config_load,1782872166751,hs1-pr100/repeat-02/hs1-pr100/node-4.log,6,E20260701 02:16:06.751184   140 resdb_config_utils.cpp:154] CHATAY_HS1_COLD_START read_config_finish ts_ms=1782872166751 duration_ms=1 file=/work/config/server/server.config bytes=292 regions=1
hs1-pr100,repeat-02,4,key_cert_load,1782872166751,hs1-pr100/repeat-02/hs1-pr100/node-4.log,7,E20260701 02:16:06.751200   140 resdb_config_utils.cpp:49] CHATAY_HS1_COLD_START read_private_key_start ts_ms=1782872166751 file=/work/cert/node4.key.pri
hs1-pr100,repeat-02,4,key_cert_load,1782872166751,hs1-pr100/repeat-02/hs1-pr100/node-4.log,8,E20260701 02:16:06.751214   140 resdb_config_utils.cpp:71] CHATAY_HS1_COLD_START read_private_key_finish ts_ms=1782872166751 duration_ms=0 file=/work/cert/node4.key.pri bytes=36 hash_type=2
hs1-pr100,repeat-02,4,key_cert_load,1782872166751,hs1-pr100/repeat-02/hs1-pr100/node-4.log,9,E20260701 02:16:06.751215   140 resdb_config_utils.cpp:82] CHATAY_HS1_COLD_START read_cert_start ts_ms=1782872166751 file=/work/cert/cert_4.cert
hs1-pr100,repeat-02,4,key_cert_load,1782872166751,hs1-pr100/repeat-02/hs1-pr100/node-4.log,10,E20260701 02:16:06.751226   140 resdb_config_utils.cpp:104] CHATAY_HS1_COLD_START read_cert_finish ts_ms=1782872166751 duration_ms=0 file=/work/cert/cert_4.cert bytes=167 node_id=4 type=0
hs1-pr100,repeat-02,4,key_cert_load,1782872166751,hs1-pr100/repeat-02/hs1-pr100/node-4.log,11,E20260701 02:16:06.751230   140 resdb_config_utils.cpp:207] CHATAY_HS1_COLD_START key_cert_loaded ts_ms=1782872166751 node_id=4 public_key_hash_type=2 private_key_hash_type=2
hs1-pr100,repeat-02,4,config_load,1782872166751,hs1-pr100/repeat-02/hs1-pr100/node-4.log,12,E20260701 02:16:06.751242   140 resdb_config_utils.cpp:231] CHATAY_HS1_COLD_START generate_resdb_config_finish ts_ms=1782872166751 duration_ms=1 self=4 custom_gen=0
hs1-pr100,repeat-02,4,network_start,1782872166757,hs1-pr100/repeat-02/hs1-pr100/node-4.log,47,E20260701 02:16:06.757119   140 service_network.cpp:50] CHATAY_HS1_COLD_START service_network_ctor_start ts_ms=1782872166757 self=4 port=25124
hs1-pr100,repeat-02,4,bootstrap_heartbeat_send,1782872166758,hs1-pr100/repeat-02/hs1-pr100/node-4.log,66,E20260701 02:16:06.758090   171 consensus_manager.cpp:147] CHATAY_HS1_COLD_START heartbeat_send_start ts_ms=1782872166758 self=4 known_public_keys=1 all_replicas=4 current_ready=0
hs1-pr100,repeat-02,4,bootstrap_heartbeat_send,1782872167768,hs1-pr100/repeat-02/hs1-pr100/node-4.log,71,E20260701 02:16:07.768610   171 consensus_manager.cpp:147] CHATAY_HS1_COLD_START heartbeat_send_start ts_ms=1782872167768 self=4 known_public_keys=1 all_replicas=4 current_ready=0
hs1-pr100,repeat-02,4,bootstrap_heartbeat_send,1782872168779,hs1-pr100/repeat-02/hs1-pr100/node-4.log,76,E20260701 02:16:08.779011   171 consensus_manager.cpp:147] CHATAY_HS1_COLD_START heartbeat_send_start ts_ms=1782872168779 self=4 known_public_keys=1 all_replicas=4 current_ready=0
hs1-pr100,repeat-02,4,network_start,1782872178759,hs1-pr100/repeat-02/hs1-pr100/node-4.log,100,E20260701 02:16:18.759068   140 service_network.cpp:143] CHATAY_HS1_COLD_START service_network_service_started ts_ms=1782872178759 self=4
hs1-pr100,repeat-02,4,network_start,1782872178759,hs1-pr100/repeat-02/hs1-pr100/node-4.log,102,E20260701 02:16:18.759140   140 service_network.cpp:151] CHATAY_HS1_COLD_START service_network_acceptor_run_enter ts_ms=1782872178759 self=4
hs1-pr100,repeat-02,4,bootstrap_heartbeat_receive,1782872178760,hs1-pr100/repeat-02/hs1-pr100/node-4.log,106,E20260701 02:16:18.760439   383 consensus_manager.cpp:264] CHATAY_HS1_COLD_START heartbeat_receive_enter ts_ms=1782872178760 self=4
hs1-pr100,repeat-02,4,bootstrap_heartbeat_receive,1782872178760,hs1-pr100/repeat-02/hs1-pr100/node-4.log,107,E20260701 02:16:18.760466   386 consensus_manager.cpp:264] CHATAY_HS1_COLD_START heartbeat_receive_enter ts_ms=1782872178760 self=4
hs1-pr100,repeat-02,4,bootstrap_heartbeat_receive,1782872178760,hs1-pr100/repeat-02/hs1-pr100/node-4.log,108,E20260701 02:16:18.760444   402 consensus_manager.cpp:264] CHATAY_HS1_COLD_START heartbeat_receive_enter ts_ms=1782872178760 self=4
hs1-pr100,repeat-02,4,bootstrap_heartbeat_receive,1782872178760,hs1-pr100/repeat-02/hs1-pr100/node-4.log,109,E20260701 02:16:18.760488   385 consensus_manager.cpp:264] CHATAY_HS1_COLD_START heartbeat_receive_enter ts_ms=1782872178760 self=4
hs1-pr100,repeat-02,4,bootstrap_heartbeat_receive,1782872178760,hs1-pr100/repeat-02/hs1-pr100/node-4.log,110,E20260701 02:16:18.760515   387 consensus_manager.cpp:264] CHATAY_HS1_COLD_START heartbeat_receive_enter ts_ms=1782872178760 self=4
hs1-pr100,repeat-02,4,bootstrap_heartbeat_receive,1782872178760,hs1-pr100/repeat-02/hs1-pr100/node-4.log,111,E20260701 02:16:18.760524   388 consensus_manager.cpp:264] CHATAY_HS1_COLD_START heartbeat_receive_enter ts_ms=1782872178760 self=4
hs1-pr100,repeat-02,4,bootstrap_heartbeat_receive,1782872178760,hs1-pr100/repeat-02/hs1-pr100/node-4.log,112,E20260701 02:16:18.760486   384 consensus_manager.cpp:264] CHATAY_HS1_COLD_START heartbeat_receive_enter ts_ms=1782872178760 self=4
hs1-pr100,repeat-02,4,bootstrap_heartbeat_receive,1782872178760,hs1-pr100/repeat-02/hs1-pr100/node-4.log,113,E20260701 02:16:18.760543   390 consensus_manager.cpp:264] CHATAY_HS1_COLD_START heartbeat_receive_enter ts_ms=1782872178760 self=4
hs1-pr100,repeat-02,4,bootstrap_heartbeat_receive,1782872178760,hs1-pr100/repeat-02/hs1-pr100/node-4.log,114,E20260701 02:16:18.760551   391 consensus_manager.cpp:264] CHATAY_HS1_COLD_START heartbeat_receive_enter ts_ms=1782872178760 self=4
hs1-pr100,repeat-02,4,bootstrap_heartbeat_receive,1782872178760,hs1-pr100/repeat-02/hs1-pr100/node-4.log,115,E20260701 02:16:18.760567   389 consensus_manager.cpp:264] CHATAY_HS1_COLD_START heartbeat_receive_enter ts_ms=1782872178760 self=4
hs1-pr100,repeat-02,4,bootstrap_heartbeat_receive,1782872178760,hs1-pr100/repeat-02/hs1-pr100/node-4.log,116,E20260701 02:16:18.760593   393 consensus_manager.cpp:264] CHATAY_HS1_COLD_START heartbeat_receive_enter ts_ms=1782872178760 self=4
hs1-pr100,repeat-02,4,bootstrap_heartbeat_receive,1782872178760,hs1-pr100/repeat-02/hs1-pr100/node-4.log,117,E20260701 02:16:18.760600   392 consensus_manager.cpp:264] CHATAY_HS1_COLD_START heartbeat_receive_enter ts_ms=1782872178760 self=4
hs1-pr100,repeat-02,4,bootstrap_heartbeat_receive,1782872179101,hs1-pr100/repeat-02/hs1-pr100/node-4.log,119,E20260701 02:16:19.101101   395 consensus_manager.cpp:264] CHATAY_HS1_COLD_START heartbeat_receive_enter ts_ms=1782872179101 self=4
hs1-pr100,repeat-02,4,bootstrap_heartbeat_receive,1782872179101,hs1-pr100/repeat-02/hs1-pr100/node-4.log,120,E20260701 02:16:19.101100   398 consensus_manager.cpp:264] CHATAY_HS1_COLD_START heartbeat_receive_enter ts_ms=1782872179101 self=4
hs1-pr100,repeat-02,4,bootstrap_heartbeat_send,1782872179101,hs1-pr100/repeat-02/hs1-pr100/node-4.log,122,E20260701 02:16:19.101262   398 consensus_manager.cpp:147] CHATAY_HS1_COLD_START heartbeat_send_start ts_ms=1782872179101 self=4 known_public_keys=2 all_replicas=4 current_ready=0
hs1-pr100,repeat-02,4,bootstrap_heartbeat_receive,1782872179101,hs1-pr100/repeat-02/hs1-pr100/node-4.log,127,E20260701 02:16:19.101681   396 consensus_manager.cpp:264] CHATAY_HS1_COLD_START heartbeat_receive_enter ts_ms=1782872179101 self=4
hs1-pr100,repeat-02,4,bootstrap_heartbeat_receive,1782872179101,hs1-pr100/repeat-02/hs1-pr100/node-4.log,128,E20260701 02:16:19.101688   403 consensus_manager.cpp:264] CHATAY_HS1_COLD_START heartbeat_receive_enter ts_ms=1782872179101 self=4
hs1-pr100,repeat-02,4,bootstrap_heartbeat_send,1782872179111,hs1-pr100/repeat-02/hs1-pr100/node-4.log,130,E20260701 02:16:19.111686   386 consensus_manager.cpp:147] CHATAY_HS1_COLD_START heartbeat_send_start ts_ms=1782872179111 self=4 known_public_keys=3 all_replicas=4 current_ready=0
hs1-pr100,repeat-02,4,bootstrap_heartbeat_receive,1782872179112,hs1-pr100/repeat-02/hs1-pr100/node-4.log,135,E20260701 02:16:19.112102   398 consensus_manager.cpp:264] CHATAY_HS1_COLD_START heartbeat_receive_enter ts_ms=1782872179112 self=4
hs1-pr100,repeat-02,4,bootstrap_heartbeat_receive,1782872179121,hs1-pr100/repeat-02/hs1-pr100/node-4.log,137,E20260701 02:16:19.121984   386 consensus_manager.cpp:264] CHATAY_HS1_COLD_START heartbeat_receive_enter ts_ms=1782872179121 self=4
hs1-pr100,repeat-02,4,bootstrap_heartbeat_send,1782872179122,hs1-pr100/repeat-02/hs1-pr100/node-4.log,139,E20260701 02:16:19.122232   385 consensus_manager.cpp:147] CHATAY_HS1_COLD_START heartbeat_send_start ts_ms=1782872179122 self=4 known_public_keys=3 all_replicas=4 current_ready=0
hs1-pr100,repeat-02,4,bootstrap_heartbeat_receive,1782872179122,hs1-pr100/repeat-02/hs1-pr100/node-4.log,143,E20260701 02:16:19.122498   402 consensus_manager.cpp:264] CHATAY_HS1_COLD_START heartbeat_receive_enter ts_ms=1782872179122 self=4
hs1-pr100,repeat-02,4,bootstrap_heartbeat_receive,1782872179132,hs1-pr100/repeat-02/hs1-pr100/node-4.log,146,E20260701 02:16:19.132637   385 consensus_manager.cpp:264] CHATAY_HS1_COLD_START heartbeat_receive_enter ts_ms=1782872179132 self=4
hs1-pr100,repeat-02,4,bootstrap_heartbeat_send,1782872179132,hs1-pr100/repeat-02/hs1-pr100/node-4.log,147,E20260701 02:16:19.132799   387 consensus_manager.cpp:147] CHATAY_HS1_COLD_START heartbeat_send_start ts_ms=1782872179132 self=4 known_public_keys=4 all_replicas=4 current_ready=0
hs1-pr100,repeat-02,4,bootstrap_heartbeat_receive,1782872179143,hs1-pr100/repeat-02/hs1-pr100/node-4.log,153,E20260701 02:16:19.143494   387 consensus_manager.cpp:264] CHATAY_HS1_COLD_START heartbeat_receive_enter ts_ms=1782872179143 self=4
hs1-pr100,repeat-02,4,bootstrap_heartbeat_send,1782872179143,hs1-pr100/repeat-02/hs1-pr100/node-4.log,154,E20260701 02:16:19.143747   388 consensus_manager.cpp:147] CHATAY_HS1_COLD_START heartbeat_send_start ts_ms=1782872179143 self=4 known_public_keys=5 all_replicas=4 current_ready=0
hs1-pr100,repeat-02,4,bootstrap_heartbeat_receive,1782872179154,hs1-pr100/repeat-02/hs1-pr100/node-4.log,160,E20260701 02:16:19.154160   388 consensus_manager.cpp:264] CHATAY_HS1_COLD_START heartbeat_receive_enter ts_ms=1782872179154 self=4
hs1-pr100,repeat-02,4,bootstrap_heartbeat_receive,1782872179154,hs1-pr100/repeat-02/hs1-pr100/node-4.log,162,E20260701 02:16:19.154367   384 consensus_manager.cpp:264] CHATAY_HS1_COLD_START heartbeat_receive_enter ts_ms=1782872179154 self=4
hs1-pr100,repeat-02,4,bootstrap_heartbeat_receive,1782872179154,hs1-pr100/repeat-02/hs1-pr100/node-4.log,164,E20260701 02:16:19.154506   390 consensus_manager.cpp:264] CHATAY_HS1_COLD_START heartbeat_receive_enter ts_ms=1782872179154 self=4
hs1-pr100,repeat-02,4,readiness,1782872179156,hs1-pr100/repeat-02/hs1-pr100/node-4.log,174,E20260701 02:16:19.156215   386 consensus_manager.cpp:343] CHATAY_HS1_COLD_START readiness_reached ts_ms=1782872179156 self=4 replica_num=3 quorum=3 sender=2
hs1-pr100,repeat-02,4,readiness,20260701 02:16:19.156221,hs1-pr100/repeat-02/hs1-pr100/node-4.log,175,E20260701 02:16:19.156221   386 consensus_manager.cpp:349] ============ Server 4 is ready =====================
hs1-pr100,repeat-02,4,bootstrap_heartbeat_receive,1782872179661,hs1-pr100/repeat-02/hs1-pr100/node-4.log,182,E20260701 02:16:19.661375   390 consensus_manager.cpp:264] CHATAY_HS1_COLD_START heartbeat_receive_enter ts_ms=1782872179661 self=4
hs1-pr100,repeat-02,4,bootstrap_heartbeat_send,1782872180101,hs1-pr100/repeat-02/hs1-pr100/node-4.log,184,E20260701 02:16:20.101341   171 consensus_manager.cpp:147] CHATAY_HS1_COLD_START heartbeat_send_start ts_ms=1782872180101 self=4 known_public_keys=5 all_replicas=4 current_ready=1
hs1-pr100,repeat-02,4,bootstrap_heartbeat_receive,1782872180102,hs1-pr100/repeat-02/hs1-pr100/node-4.log,189,E20260701 02:16:20.102033   389 consensus_manager.cpp:264] CHATAY_HS1_COLD_START heartbeat_receive_enter ts_ms=1782872180102 self=4
hs1-pr100,repeat-02,4,bootstrap_heartbeat_receive,1782872180102,hs1-pr100/repeat-02/hs1-pr100/node-4.log,190,E20260701 02:16:20.102073   384 consensus_manager.cpp:264] CHATAY_HS1_COLD_START heartbeat_receive_enter ts_ms=1782872180102 self=4
hs1-pr100,repeat-02,4,bootstrap_heartbeat_receive,1782872180267,hs1-pr100/repeat-02/hs1-pr100/node-4.log,193,E20260701 02:16:20.267058   385 consensus_manager.cpp:264] CHATAY_HS1_COLD_START heartbeat_receive_enter ts_ms=1782872180267 self=4
hs1-pr100,repeat-02,4,bootstrap_heartbeat_receive,1782872180277,hs1-pr100/repeat-02/hs1-pr100/node-4.log,195,E20260701 02:16:20.277904   396 consensus_manager.cpp:264] CHATAY_HS1_COLD_START heartbeat_receive_enter ts_ms=1782872180277 self=4
hs1-pr100,repeat-02,4,bootstrap_heartbeat_receive,1782872180290,hs1-pr100/repeat-02/hs1-pr100/node-4.log,197,E20260701 02:16:20.290362   391 consensus_manager.cpp:264] CHATAY_HS1_COLD_START heartbeat_receive_enter ts_ms=1782872180290 self=4
hs1-pr100,repeat-02,4,bootstrap_heartbeat_receive,1782872180665,hs1-pr100/repeat-02/hs1-pr100/node-4.log,199,E20260701 02:16:20.665721   391 consensus_manager.cpp:264] CHATAY_HS1_COLD_START heartbeat_receive_enter ts_ms=1782872180665 self=4
hs1-pr100,repeat-02,4,bootstrap_heartbeat_receive,1782872180701,hs1-pr100/repeat-02/hs1-pr100/node-4.log,201,E20260701 02:16:20.701156   403 consensus_manager.cpp:264] CHATAY_HS1_COLD_START heartbeat_receive_enter ts_ms=1782872180701 self=4
hs1-pr100,repeat-02,4,bootstrap_heartbeat_receive,1782872180701,hs1-pr100/repeat-02/hs1-pr100/node-4.log,202,E20260701 02:16:20.701156   389 consensus_manager.cpp:264] CHATAY_HS1_COLD_START heartbeat_receive_enter ts_ms=1782872180701 self=4
hs1-pr100,repeat-02,4,bootstrap_heartbeat_receive,1782872180703,hs1-pr100/repeat-02/hs1-pr100/node-4.log,205,E20260701 02:16:20.703056   403 consensus_manager.cpp:264] CHATAY_HS1_COLD_START heartbeat_receive_enter ts_ms=1782872180703 self=4
hs1-pr100,repeat-02,4,bootstrap_heartbeat_receive,1782872180703,hs1-pr100/repeat-02/hs1-pr100/node-4.log,206,E20260701 02:16:20.703061   385 consensus_manager.cpp:264] CHATAY_HS1_COLD_START heartbeat_receive_enter ts_ms=1782872180703 self=4
hs1-pr100,repeat-02,4,bootstrap_heartbeat_receive,1782872180703,hs1-pr100/repeat-02/hs1-pr100/node-4.log,209,E20260701 02:16:20.703768   393 consensus_manager.cpp:264] CHATAY_HS1_COLD_START heartbeat_receive_enter ts_ms=1782872180703 self=4
hs1-pr100,repeat-02,4,bootstrap_heartbeat_receive,1782872180713,hs1-pr100/repeat-02/hs1-pr100/node-4.log,211,E20260701 02:16:20.713613   388 consensus_manager.cpp:264] CHATAY_HS1_COLD_START heartbeat_receive_enter ts_ms=1782872180713 self=4
hs1-pr100,repeat-02,4,bootstrap_heartbeat_receive,1782872180713,hs1-pr100/repeat-02/hs1-pr100/node-4.log,213,E20260701 02:16:20.713613   395 consensus_manager.cpp:264] CHATAY_HS1_COLD_START heartbeat_receive_enter ts_ms=1782872180713 self=4
hs1-pr100,repeat-02,4,bootstrap_heartbeat_receive,1782872180714,hs1-pr100/repeat-02/hs1-pr100/node-4.log,215,E20260701 02:16:20.714195   392 consensus_manager.cpp:264] CHATAY_HS1_COLD_START heartbeat_receive_enter ts_ms=1782872180714 self=4
hs1-pr100,repeat-02,4,bootstrap_heartbeat_receive,1782872180724,hs1-pr100/repeat-02/hs1-pr100/node-4.log,217,E20260701 02:16:20.724501   395 consensus_manager.cpp:264] CHATAY_HS1_COLD_START heartbeat_receive_enter ts_ms=1782872180724 self=4
hs1-pr100,repeat-02,4,bootstrap_heartbeat_receive,1782872180724,hs1-pr100/repeat-02/hs1-pr100/node-4.log,218,E20260701 02:16:20.724501   390 consensus_manager.cpp:264] CHATAY_HS1_COLD_START heartbeat_receive_enter ts_ms=1782872180724 self=4
hs1-pr100,repeat-02,4,bootstrap_heartbeat_receive,1782872180735,hs1-pr100/repeat-02/hs1-pr100/node-4.log,221,E20260701 02:16:20.735047   392 consensus_manager.cpp:264] CHATAY_HS1_COLD_START heartbeat_receive_enter ts_ms=1782872180735 self=4
hs1-pr100,repeat-02,4,bootstrap_heartbeat_receive,1782872180744,hs1-pr100/repeat-02/hs1-pr100/node-4.log,223,E20260701 02:16:20.744234   392 consensus_manager.cpp:264] CHATAY_HS1_COLD_START heartbeat_receive_enter ts_ms=1782872180744 self=4
hs1-pr100,repeat-02,4,bootstrap_heartbeat_receive,1782872180746,hs1-pr100/repeat-02/hs1-pr100/node-4.log,225,E20260701 02:16:20.746929   386 consensus_manager.cpp:264] CHATAY_HS1_COLD_START heartbeat_receive_enter ts_ms=1782872180746 self=4
hs1-pr100,repeat-02,4,hs1_consensus_commit,20260701 02:16:20.988405,hs1-pr100/repeat-02/hs1-pr100/node-4.log,227,E20260701 02:16:20.988405   386 consensus.cpp:109] CHATAY_HS1_TRACE consensus_commit self=4 request_type=TYPE_NONE sender=0 proxy=0 data_size=228
hs1-pr100,repeat-02,4,hs1_prepare_vote,20260701 02:16:20.988829,hs1-pr100/repeat-02/hs1-pr100/node-4.log,231,E20260701 02:16:20.988829   386 commitment.cpp:777] CHATAY_HS1_TRACE replica_send_vote self=4 vote_type=TYPE_PREPARE_VOTE source_type=TYPE_PREPARE target_primary=2 view=1 data_size=298
hs1-pr100,repeat-02,4,hs1_consensus_commit,20260701 02:16:21.048633,hs1-pr100/repeat-02/hs1-pr100/node-4.log,232,E20260701 02:16:21.048633   392 consensus.cpp:109] CHATAY_HS1_TRACE consensus_commit self=4 request_type=TYPE_NONE sender=0 proxy=0 data_size=441
hs1-pr100,repeat-02,4,hs1_precommit_vote,20260701 02:16:21.048930,hs1-pr100/repeat-02/hs1-pr100/node-4.log,235,E20260701 02:16:21.048930   392 commitment.cpp:777] CHATAY_HS1_TRACE replica_send_vote self=4 vote_type=TYPE_PRECOMMIT_VOTE source_type=TYPE_PRECOMMIT target_primary=3 view=1 data_size=731
hs1-pr100,repeat-02,4,hs1_consensus_commit,20260701 02:16:21.109190,hs1-pr100/repeat-02/hs1-pr100/node-4.log,236,E20260701 02:16:21.109190   392 consensus.cpp:109] CHATAY_HS1_TRACE consensus_commit self=4 request_type=TYPE_NONE sender=0 proxy=0 data_size=441
hs1-pr100,repeat-02,4,hs1_commit_vote,20260701 02:16:21.109470,hs1-pr100/repeat-02/hs1-pr100/node-4.log,239,E20260701 02:16:21.109470   392 commitment.cpp:777] CHATAY_HS1_TRACE replica_send_vote self=4 vote_type=TYPE_COMMIT_VOTE source_type=TYPE_COMMIT target_primary=4 view=1 data_size=731
hs1-pr100,repeat-02,4,hs1_consensus_commit,20260701 02:16:21.158854,hs1-pr100/repeat-02/hs1-pr100/node-4.log,240,E20260701 02:16:21.158854   386 consensus.cpp:109] CHATAY_HS1_TRACE consensus_commit self=4 request_type=TYPE_NONE sender=0 proxy=0 data_size=731
hs1-pr100,repeat-02,4,hs1_consensus_commit,20260701 02:16:21.158854,hs1-pr100/repeat-02/hs1-pr100/node-4.log,241,E20260701 02:16:21.158854   388 consensus.cpp:109] CHATAY_HS1_TRACE consensus_commit self=4 request_type=TYPE_NONE sender=0 proxy=0 data_size=731
hs1-pr100,repeat-02,4,hs1_consensus_commit,20260701 02:16:21.159116,hs1-pr100/repeat-02/hs1-pr100/node-4.log,248,E20260701 02:16:21.159116   398 consensus.cpp:109] CHATAY_HS1_TRACE consensus_commit self=4 request_type=TYPE_NONE sender=0 proxy=0 data_size=731
hs1-pr100,repeat-02,4,hs1_consensus_commit,20260701 02:16:21.161129,hs1-pr100/repeat-02/hs1-pr100/node-4.log,254,E20260701 02:16:21.161129   398 consensus.cpp:109] CHATAY_HS1_TRACE consensus_commit self=4 request_type=TYPE_NONE sender=0 proxy=0 data_size=731
hs1-pr100,repeat-02,4,hs1_consensus_commit,20260701 02:16:21.168735,hs1-pr100/repeat-02/hs1-pr100/node-4.log,258,E20260701 02:16:21.168735   390 consensus.cpp:109] CHATAY_HS1_TRACE consensus_commit self=4 request_type=TYPE_NONE sender=0 proxy=0 data_size=441
hs1-pr100,repeat-02,4,bootstrap_heartbeat_receive,1782872181754,hs1-pr100/repeat-02/hs1-pr100/node-4.log,266,E20260701 02:16:21.754577   402 consensus_manager.cpp:264] CHATAY_HS1_COLD_START heartbeat_receive_enter ts_ms=1782872181754 self=4
hs1-pr100,repeat-02,4,bootstrap_heartbeat_receive,1782872181757,hs1-pr100/repeat-02/hs1-pr100/node-4.log,268,E20260701 02:16:21.757519   403 consensus_manager.cpp:264] CHATAY_HS1_COLD_START heartbeat_receive_enter ts_ms=1782872181757 self=4
hs1-pr100,repeat-02,4,hs1_consensus_commit,20260701 02:16:21.991300,hs1-pr100/repeat-02/hs1-pr100/node-4.log,270,E20260701 02:16:21.991300   393 consensus.cpp:109] CHATAY_HS1_TRACE consensus_commit self=4 request_type=TYPE_NONE sender=0 proxy=0 data_size=618
hs1-pr100,repeat-02,4,hs1_prepare_vote,20260701 02:16:21.991407,hs1-pr100/repeat-02/hs1-pr100/node-4.log,274,E20260701 02:16:21.991407   393 commitment.cpp:777] CHATAY_HS1_TRACE replica_send_vote self=4 vote_type=TYPE_PREPARE_VOTE source_type=TYPE_PREPARE target_primary=2 view=5 data_size=690
hs1-pr100,repeat-02,4,hs1_consensus_commit,20260701 02:16:22.052659,hs1-pr100/repeat-02/hs1-pr100/node-4.log,275,E20260701 02:16:22.052659   385 consensus.cpp:109] CHATAY_HS1_TRACE consensus_commit self=4 request_type=TYPE_NONE sender=0 proxy=0 data_size=400
hs1-pr100,repeat-02,4,hs1_precommit_vote,20260701 02:16:22.052989,hs1-pr100/repeat-02/hs1-pr100/node-4.log,278,E20260701 02:16:22.052989   385 commitment.cpp:777] CHATAY_HS1_TRACE replica_send_vote self=4 vote_type=TYPE_PRECOMMIT_VOTE source_type=TYPE_PRECOMMIT target_primary=3 view=5 data_size=649
hs1-pr100,repeat-02,4,hs1_consensus_commit,20260701 02:16:22.113337,hs1-pr100/repeat-02/hs1-pr100/node-4.log,279,E20260701 02:16:22.113337   396 consensus.cpp:109] CHATAY_HS1_TRACE consensus_commit self=4 request_type=TYPE_NONE sender=0 proxy=0 data_size=400
hs1-pr100,repeat-02,4,hs1_commit_vote,20260701 02:16:22.113595,hs1-pr100/repeat-02/hs1-pr100/node-4.log,282,E20260701 02:16:22.113595   396 commitment.cpp:777] CHATAY_HS1_TRACE replica_send_vote self=4 vote_type=TYPE_COMMIT_VOTE source_type=TYPE_COMMIT target_primary=4 view=5 data_size=649
hs1-pr100,repeat-02,4,hs1_consensus_commit,20260701 02:16:22.114519,hs1-pr100/repeat-02/hs1-pr100/node-4.log,283,E20260701 02:16:22.114519   396 consensus.cpp:109] CHATAY_HS1_TRACE consensus_commit self=4 request_type=TYPE_NONE sender=0 proxy=0 data_size=649
hs1-pr100,repeat-02,4,hs1_consensus_commit,20260701 02:16:22.162214,hs1-pr100/repeat-02/hs1-pr100/node-4.log,287,E20260701 02:16:22.162214   391 consensus.cpp:109] CHATAY_HS1_TRACE consensus_commit self=4 request_type=TYPE_NONE sender=0 proxy=0 data_size=649
hs1-pr100,repeat-02,4,hs1_consensus_commit,20260701 02:16:22.162237,hs1-pr100/repeat-02/hs1-pr100/node-4.log,290,E20260701 02:16:22.162237   389 consensus.cpp:109] CHATAY_HS1_TRACE consensus_commit self=4 request_type=TYPE_NONE sender=0 proxy=0 data_size=649
hs1-pr100,repeat-02,4,hs1_consensus_commit,20260701 02:16:22.162237,hs1-pr100/repeat-02/hs1-pr100/node-4.log,294,E20260701 02:16:22.162237   388 consensus.cpp:109] CHATAY_HS1_TRACE consensus_commit self=4 request_type=TYPE_NONE sender=0 proxy=0 data_size=649
hs1-pr100,repeat-02,4,hs1_consensus_commit,20260701 02:16:22.164220,hs1-pr100/repeat-02/hs1-pr100/node-4.log,301,E20260701 02:16:22.164220   395 consensus.cpp:109] CHATAY_HS1_TRACE consensus_commit self=4 request_type=TYPE_NONE sender=0 proxy=0 data_size=400
hs1-pr100,repeat-02,5,config_load,1782872167254,hs1-pr100/repeat-02/hs1-pr100/node-5.log,4,E20260701 02:16:07.254266   174 resdb_config_utils.cpp:198] CHATAY_HS1_COLD_START generate_resdb_config_start ts_ms=1782872167254 config_file=/work/config/server/server.config private_key_file=/work/cert/node5.key.pri cert_file=/work/cert/cert_5.cert
hs1-pr100,repeat-02,5,config_load,1782872167254,hs1-pr100/repeat-02/hs1-pr100/node-5.log,5,E20260701 02:16:07.254268   174 resdb_config_utils.cpp:133] CHATAY_HS1_COLD_START read_config_start ts_ms=1782872167254 file=/work/config/server/server.config
hs1-pr100,repeat-02,5,config_load,1782872167254,hs1-pr100/repeat-02/hs1-pr100/node-5.log,6,E20260701 02:16:07.254839   174 resdb_config_utils.cpp:154] CHATAY_HS1_COLD_START read_config_finish ts_ms=1782872167254 duration_ms=0 file=/work/config/server/server.config bytes=292 regions=1
hs1-pr100,repeat-02,5,key_cert_load,1782872167254,hs1-pr100/repeat-02/hs1-pr100/node-5.log,7,E20260701 02:16:07.254853   174 resdb_config_utils.cpp:49] CHATAY_HS1_COLD_START read_private_key_start ts_ms=1782872167254 file=/work/cert/node5.key.pri
hs1-pr100,repeat-02,5,key_cert_load,1782872167254,hs1-pr100/repeat-02/hs1-pr100/node-5.log,8,E20260701 02:16:07.254865   174 resdb_config_utils.cpp:71] CHATAY_HS1_COLD_START read_private_key_finish ts_ms=1782872167254 duration_ms=0 file=/work/cert/node5.key.pri bytes=36 hash_type=2
hs1-pr100,repeat-02,5,key_cert_load,1782872167254,hs1-pr100/repeat-02/hs1-pr100/node-5.log,9,E20260701 02:16:07.254868   174 resdb_config_utils.cpp:82] CHATAY_HS1_COLD_START read_cert_start ts_ms=1782872167254 file=/work/cert/cert_5.cert
hs1-pr100,repeat-02,5,key_cert_load,1782872167254,hs1-pr100/repeat-02/hs1-pr100/node-5.log,10,E20260701 02:16:07.254877   174 resdb_config_utils.cpp:104] CHATAY_HS1_COLD_START read_cert_finish ts_ms=1782872167254 duration_ms=0 file=/work/cert/cert_5.cert bytes=169 node_id=5 type=1
hs1-pr100,repeat-02,5,key_cert_load,1782872167254,hs1-pr100/repeat-02/hs1-pr100/node-5.log,11,E20260701 02:16:07.254880   174 resdb_config_utils.cpp:207] CHATAY_HS1_COLD_START key_cert_loaded ts_ms=1782872167254 node_id=5 public_key_hash_type=2 private_key_hash_type=2
hs1-pr100,repeat-02,5,config_load,1782872167254,hs1-pr100/repeat-02/hs1-pr100/node-5.log,12,E20260701 02:16:07.254885   174 resdb_config_utils.cpp:231] CHATAY_HS1_COLD_START generate_resdb_config_finish ts_ms=1782872167254 duration_ms=0 self=5 custom_gen=0
hs1-pr100,repeat-02,5,network_start,1782872167262,hs1-pr100/repeat-02/hs1-pr100/node-5.log,47,E20260701 02:16:07.262918   174 service_network.cpp:50] CHATAY_HS1_COLD_START service_network_ctor_start ts_ms=1782872167262 self=5 port=25125
hs1-pr100,repeat-02,5,bootstrap_heartbeat_send,1782872167263,hs1-pr100/repeat-02/hs1-pr100/node-5.log,66,E20260701 02:16:07.263979   205 consensus_manager.cpp:147] CHATAY_HS1_COLD_START heartbeat_send_start ts_ms=1782872167263 self=5 known_public_keys=1 all_replicas=4 current_ready=0
hs1-pr100,repeat-02,5,bootstrap_heartbeat_send,1782872168274,hs1-pr100/repeat-02/hs1-pr100/node-5.log,71,E20260701 02:16:08.274425   205 consensus_manager.cpp:147] CHATAY_HS1_COLD_START heartbeat_send_start ts_ms=1782872168274 self=5 known_public_keys=1 all_replicas=4 current_ready=0
hs1-pr100,repeat-02,5,bootstrap_heartbeat_send,1782872178588,hs1-pr100/repeat-02/hs1-pr100/node-5.log,91,E20260701 02:16:18.588618   205 consensus_manager.cpp:147] CHATAY_HS1_COLD_START heartbeat_send_start ts_ms=1782872178588 self=5 known_public_keys=1 all_replicas=4 current_ready=0
hs1-pr100,repeat-02,5,network_start,1782872180264,hs1-pr100/repeat-02/hs1-pr100/node-5.log,101,E20260701 02:16:20.264910   174 service_network.cpp:143] CHATAY_HS1_COLD_START service_network_service_started ts_ms=1782872180264 self=5
hs1-pr100,repeat-02,5,network_start,1782872180264,hs1-pr100/repeat-02/hs1-pr100/node-5.log,103,E20260701 02:16:20.264966   174 service_network.cpp:151] CHATAY_HS1_COLD_START service_network_acceptor_run_enter ts_ms=1782872180264 self=5
hs1-pr100,repeat-02,5,bootstrap_heartbeat_receive,1782872180265,hs1-pr100/repeat-02/hs1-pr100/node-5.log,107,E20260701 02:16:20.265937   440 consensus_manager.cpp:264] CHATAY_HS1_COLD_START heartbeat_receive_enter ts_ms=1782872180265 self=5
hs1-pr100,repeat-02,5,bootstrap_heartbeat_receive,1782872180265,hs1-pr100/repeat-02/hs1-pr100/node-5.log,108,E20260701 02:16:20.265937   445 consensus_manager.cpp:264] CHATAY_HS1_COLD_START heartbeat_receive_enter ts_ms=1782872180265 self=5
hs1-pr100,repeat-02,5,bootstrap_heartbeat_receive,1782872180265,hs1-pr100/repeat-02/hs1-pr100/node-5.log,109,E20260701 02:16:20.265938   439 consensus_manager.cpp:264] CHATAY_HS1_COLD_START heartbeat_receive_enter ts_ms=1782872180265 self=5
hs1-pr100,repeat-02,5,bootstrap_heartbeat_receive,1782872180265,hs1-pr100/repeat-02/hs1-pr100/node-5.log,110,E20260701 02:16:20.265938   442 consensus_manager.cpp:264] CHATAY_HS1_COLD_START heartbeat_receive_enter ts_ms=1782872180265 self=5
hs1-pr100,repeat-02,5,bootstrap_heartbeat_receive,1782872180265,hs1-pr100/repeat-02/hs1-pr100/node-5.log,111,E20260701 02:16:20.265941   438 consensus_manager.cpp:264] CHATAY_HS1_COLD_START heartbeat_receive_enter ts_ms=1782872180265 self=5
hs1-pr100,repeat-02,5,bootstrap_heartbeat_receive,1782872180265,hs1-pr100/repeat-02/hs1-pr100/node-5.log,112,E20260701 02:16:20.265954   444 consensus_manager.cpp:264] CHATAY_HS1_COLD_START heartbeat_receive_enter ts_ms=1782872180265 self=5
hs1-pr100,repeat-02,5,bootstrap_heartbeat_receive,1782872180265,hs1-pr100/repeat-02/hs1-pr100/node-5.log,113,E20260701 02:16:20.265938   449 consensus_manager.cpp:264] CHATAY_HS1_COLD_START heartbeat_receive_enter ts_ms=1782872180265 self=5
hs1-pr100,repeat-02,5,bootstrap_heartbeat_send,1782872180266,hs1-pr100/repeat-02/hs1-pr100/node-5.log,115,E20260701 02:16:20.266670   440 consensus_manager.cpp:147] CHATAY_HS1_COLD_START heartbeat_send_start ts_ms=1782872180266 self=5 known_public_keys=5 all_replicas=4 current_ready=0
hs1-pr100,repeat-02,5,bootstrap_heartbeat_receive,1782872180267,hs1-pr100/repeat-02/hs1-pr100/node-5.log,120,E20260701 02:16:20.267047   436 consensus_manager.cpp:264] CHATAY_HS1_COLD_START heartbeat_receive_enter ts_ms=1782872180267 self=5
hs1-pr100,repeat-02,5,readiness,1782872180277,hs1-pr100/repeat-02/hs1-pr100/node-5.log,121,E20260701 02:16:20.277069   440 consensus_manager.cpp:343] CHATAY_HS1_COLD_START readiness_reached ts_ms=1782872180277 self=5 replica_num=4 quorum=3 sender=2
hs1-pr100,repeat-02,5,readiness,20260701 02:16:20.277115,hs1-pr100/repeat-02/hs1-pr100/node-5.log,122,E20260701 02:16:20.277115   440 consensus_manager.cpp:349] ============ Server 5 is ready =====================
hs1-pr100,repeat-02,5,bootstrap_heartbeat_send,1782872180277,hs1-pr100/repeat-02/hs1-pr100/node-5.log,124,E20260701 02:16:20.277514   445 consensus_manager.cpp:147] CHATAY_HS1_COLD_START heartbeat_send_start ts_ms=1782872180277 self=5 known_public_keys=5 all_replicas=4 current_ready=1
hs1-pr100,repeat-02,5,bootstrap_heartbeat_receive,1782872180277,hs1-pr100/repeat-02/hs1-pr100/node-5.log,129,E20260701 02:16:20.277912   441 consensus_manager.cpp:264] CHATAY_HS1_COLD_START heartbeat_receive_enter ts_ms=1782872180277 self=5
hs1-pr100,repeat-02,5,bootstrap_heartbeat_send,1782872180289,hs1-pr100/repeat-02/hs1-pr100/node-5.log,136,E20260701 02:16:20.289927   436 consensus_manager.cpp:147] CHATAY_HS1_COLD_START heartbeat_send_start ts_ms=1782872180289 self=5 known_public_keys=5 all_replicas=4 current_ready=1
hs1-pr100,repeat-02,5,bootstrap_heartbeat_receive,1782872180290,hs1-pr100/repeat-02/hs1-pr100/node-5.log,141,E20260701 02:16:20.290373   433 consensus_manager.cpp:264] CHATAY_HS1_COLD_START heartbeat_receive_enter ts_ms=1782872180290 self=5
hs1-pr100,repeat-02,5,bootstrap_heartbeat_send,1782872180665,hs1-pr100/repeat-02/hs1-pr100/node-5.log,144,E20260701 02:16:20.665232   205 consensus_manager.cpp:147] CHATAY_HS1_COLD_START heartbeat_send_start ts_ms=1782872180665 self=5 known_public_keys=5 all_replicas=4 current_ready=1
hs1-pr100,repeat-02,5,bootstrap_heartbeat_receive,1782872180665,hs1-pr100/repeat-02/hs1-pr100/node-5.log,149,E20260701 02:16:20.665656   437 consensus_manager.cpp:264] CHATAY_HS1_COLD_START heartbeat_receive_enter ts_ms=1782872180665 self=5
hs1-pr100,repeat-02,5,bootstrap_heartbeat_receive,1782872180703,hs1-pr100/repeat-02/hs1-pr100/node-5.log,151,E20260701 02:16:20.703089   433 consensus_manager.cpp:264] CHATAY_HS1_COLD_START heartbeat_receive_enter ts_ms=1782872180703 self=5
hs1-pr100,repeat-02,5,bootstrap_heartbeat_receive,1782872180703,hs1-pr100/repeat-02/hs1-pr100/node-5.log,152,E20260701 02:16:20.703089   435 consensus_manager.cpp:264] CHATAY_HS1_COLD_START heartbeat_receive_enter ts_ms=1782872180703 self=5
hs1-pr100,repeat-02,5,bootstrap_heartbeat_send,1782872180703,hs1-pr100/repeat-02/hs1-pr100/node-5.log,154,E20260701 02:16:20.703274   433 consensus_manager.cpp:147] CHATAY_HS1_COLD_START heartbeat_send_start ts_ms=1782872180703 self=5 known_public_keys=5 all_replicas=4 current_ready=1
hs1-pr100,repeat-02,5,bootstrap_heartbeat_receive,1782872180703,hs1-pr100/repeat-02/hs1-pr100/node-5.log,159,E20260701 02:16:20.703776   436 consensus_manager.cpp:264] CHATAY_HS1_COLD_START heartbeat_receive_enter ts_ms=1782872180703 self=5
hs1-pr100,repeat-02,5,bootstrap_heartbeat_receive,1782872180713,hs1-pr100/repeat-02/hs1-pr100/node-5.log,161,E20260701 02:16:20.713587   443 consensus_manager.cpp:264] CHATAY_HS1_COLD_START heartbeat_receive_enter ts_ms=1782872180713 self=5
hs1-pr100,repeat-02,5,bootstrap_heartbeat_receive,1782872180713,hs1-pr100/repeat-02/hs1-pr100/node-5.log,162,E20260701 02:16:20.713601   451 consensus_manager.cpp:264] CHATAY_HS1_COLD_START heartbeat_receive_enter ts_ms=1782872180713 self=5
hs1-pr100,repeat-02,5,bootstrap_heartbeat_send,1782872180713,hs1-pr100/repeat-02/hs1-pr100/node-5.log,163,E20260701 02:16:20.713828   435 consensus_manager.cpp:147] CHATAY_HS1_COLD_START heartbeat_send_start ts_ms=1782872180713 self=5 known_public_keys=5 all_replicas=4 current_ready=1
hs1-pr100,repeat-02,5,bootstrap_heartbeat_receive,1782872180714,hs1-pr100/repeat-02/hs1-pr100/node-5.log,168,E20260701 02:16:20.714201   437 consensus_manager.cpp:264] CHATAY_HS1_COLD_START heartbeat_receive_enter ts_ms=1782872180714 self=5
hs1-pr100,repeat-02,5,bootstrap_heartbeat_receive,1782872180724,hs1-pr100/repeat-02/hs1-pr100/node-5.log,171,E20260701 02:16:20.724561   440 consensus_manager.cpp:264] CHATAY_HS1_COLD_START heartbeat_receive_enter ts_ms=1782872180724 self=5
hs1-pr100,repeat-02,5,bootstrap_heartbeat_receive,1782872180724,hs1-pr100/repeat-02/hs1-pr100/node-5.log,172,E20260701 02:16:20.724563   442 consensus_manager.cpp:264] CHATAY_HS1_COLD_START heartbeat_receive_enter ts_ms=1782872180724 self=5
hs1-pr100,repeat-02,5,bootstrap_heartbeat_receive,1782872180735,hs1-pr100/repeat-02/hs1-pr100/node-5.log,177,E20260701 02:16:20.735067   447 consensus_manager.cpp:264] CHATAY_HS1_COLD_START heartbeat_receive_enter ts_ms=1782872180735 self=5
hs1-pr100,repeat-02,5,bootstrap_heartbeat_receive,1782872180743,hs1-pr100/repeat-02/hs1-pr100/node-5.log,179,E20260701 02:16:20.743974   434 consensus_manager.cpp:264] CHATAY_HS1_COLD_START heartbeat_receive_enter ts_ms=1782872180743 self=5
hs1-pr100,repeat-02,5,bootstrap_heartbeat_receive,1782872180746,hs1-pr100/repeat-02/hs1-pr100/node-5.log,181,E20260701 02:16:20.746934   438 consensus_manager.cpp:264] CHATAY_HS1_COLD_START heartbeat_receive_enter ts_ms=1782872180746 self=5
hs1-pr100,repeat-02,5,hs1_consensus_commit,20260701 02:16:20.862649,hs1-pr100/repeat-02/hs1-pr100/node-5.log,183,E20260701 02:16:20.862649   438 consensus.cpp:109] CHATAY_HS1_TRACE consensus_commit self=5 request_type=TYPE_CLIENT_REQUEST sender=0 proxy=0 data_size=150
hs1-pr100,repeat-02,5,hs1_consensus_commit,20260701 02:16:21.220366,hs1-pr100/repeat-02/hs1-pr100/node-5.log,196,E20260701 02:16:21.220366   433 consensus.cpp:109] CHATAY_HS1_TRACE consensus_commit self=5 request_type=TYPE_RESPONSE sender=2 proxy=5 data_size=15
hs1-pr100,repeat-02,5,hs1_consensus_commit,20260701 02:16:21.220420,hs1-pr100/repeat-02/hs1-pr100/node-5.log,198,E20260701 02:16:21.220420   447 consensus.cpp:109] CHATAY_HS1_TRACE consensus_commit self=5 request_type=TYPE_RESPONSE sender=4 proxy=5 data_size=15
hs1-pr100,repeat-02,5,hs1_consensus_commit,20260701 02:16:21.220814,hs1-pr100/repeat-02/hs1-pr100/node-5.log,202,E20260701 02:16:21.220814   433 consensus.cpp:109] CHATAY_HS1_TRACE consensus_commit self=5 request_type=TYPE_RESPONSE sender=1 proxy=5 data_size=15
hs1-pr100,repeat-02,5,hs1_consensus_commit,20260701 02:16:21.220822,hs1-pr100/repeat-02/hs1-pr100/node-5.log,204,E20260701 02:16:21.220822   447 consensus.cpp:109] CHATAY_HS1_TRACE consensus_commit self=5 request_type=TYPE_RESPONSE sender=3 proxy=5 data_size=15
hs1-pr100,repeat-02,5,bootstrap_heartbeat_receive,1782872181754,hs1-pr100/repeat-02/hs1-pr100/node-5.log,211,E20260701 02:16:21.754596   436 consensus_manager.cpp:264] CHATAY_HS1_COLD_START heartbeat_receive_enter ts_ms=1782872181754 self=5
hs1-pr100,repeat-02,5,bootstrap_heartbeat_receive,1782872181757,hs1-pr100/repeat-02/hs1-pr100/node-5.log,213,E20260701 02:16:21.757332   438 consensus_manager.cpp:264] CHATAY_HS1_COLD_START heartbeat_receive_enter ts_ms=1782872181757 self=5
hs1-pr100,repeat-02,5,hs1_consensus_commit,20260701 02:16:21.870183,hs1-pr100/repeat-02/hs1-pr100/node-5.log,215,E20260701 02:16:21.870183   444 consensus.cpp:109] CHATAY_HS1_TRACE consensus_commit self=5 request_type=TYPE_CLIENT_REQUEST sender=0 proxy=0 data_size=73
hs1-pr100,repeat-02,5,hs1_consensus_commit,20260701 02:16:22.173156,hs1-pr100/repeat-02/hs1-pr100/node-5.log,227,E20260701 02:16:22.173156   433 consensus.cpp:109] CHATAY_HS1_TRACE consensus_commit self=5 request_type=TYPE_RESPONSE sender=2 proxy=5 data_size=94
hs1-pr100,repeat-02,5,hs1_consensus_commit,20260701 02:16:22.173166,hs1-pr100/repeat-02/hs1-pr100/node-5.log,228,E20260701 02:16:22.173166   444 consensus.cpp:109] CHATAY_HS1_TRACE consensus_commit self=5 request_type=TYPE_RESPONSE sender=1 proxy=5 data_size=94
hs1-pr100,repeat-02,5,hs1_consensus_commit,20260701 02:16:22.173166,hs1-pr100/repeat-02/hs1-pr100/node-5.log,231,E20260701 02:16:22.173166   440 consensus.cpp:109] CHATAY_HS1_TRACE consensus_commit self=5 request_type=TYPE_RESPONSE sender=3 proxy=5 data_size=94
hs1-pr100,repeat-02,5,hs1_consensus_commit,20260701 02:16:22.173283,hs1-pr100/repeat-02/hs1-pr100/node-5.log,239,E20260701 02:16:22.173283   444 consensus.cpp:109] CHATAY_HS1_TRACE consensus_commit self=5 request_type=TYPE_RESPONSE sender=4 proxy=5 data_size=94
hs1-pr100,repeat-03,client,client_get_ok,,hs1-pr100/repeat-03/hs1-pr100/client-get-001.log,3,client get value = chatay-hs1-pr100-value-20260701T021524Z-runtime-coldstart-hs1-pr100-r03-001
hs1-pr100,repeat-03,client,client_set_ok,,hs1-pr100/repeat-03/hs1-pr100/client-set-001.log,3,client set ret = 0
hs1-pr100,repeat-03,1,config_load,1782872184883,hs1-pr100/repeat-03/hs1-pr100/node-1.log,4,E20260701 02:16:24.883651    40 resdb_config_utils.cpp:198] CHATAY_HS1_COLD_START generate_resdb_config_start ts_ms=1782872184883 config_file=/work/config/server/server.config private_key_file=/work/cert/node1.key.pri cert_file=/work/cert/cert_1.cert
hs1-pr100,repeat-03,1,config_load,1782872184883,hs1-pr100/repeat-03/hs1-pr100/node-1.log,5,E20260701 02:16:24.883653    40 resdb_config_utils.cpp:133] CHATAY_HS1_COLD_START read_config_start ts_ms=1782872184883 file=/work/config/server/server.config
hs1-pr100,repeat-03,1,config_load,1782872184884,hs1-pr100/repeat-03/hs1-pr100/node-1.log,6,E20260701 02:16:24.884276    40 resdb_config_utils.cpp:154] CHATAY_HS1_COLD_START read_config_finish ts_ms=1782872184884 duration_ms=1 file=/work/config/server/server.config bytes=292 regions=1
hs1-pr100,repeat-03,1,key_cert_load,1782872184884,hs1-pr100/repeat-03/hs1-pr100/node-1.log,7,E20260701 02:16:24.884289    40 resdb_config_utils.cpp:49] CHATAY_HS1_COLD_START read_private_key_start ts_ms=1782872184884 file=/work/cert/node1.key.pri
hs1-pr100,repeat-03,1,key_cert_load,1782872184884,hs1-pr100/repeat-03/hs1-pr100/node-1.log,8,E20260701 02:16:24.884302    40 resdb_config_utils.cpp:71] CHATAY_HS1_COLD_START read_private_key_finish ts_ms=1782872184884 duration_ms=0 file=/work/cert/node1.key.pri bytes=36 hash_type=2
hs1-pr100,repeat-03,1,key_cert_load,1782872184884,hs1-pr100/repeat-03/hs1-pr100/node-1.log,9,E20260701 02:16:24.884305    40 resdb_config_utils.cpp:82] CHATAY_HS1_COLD_START read_cert_start ts_ms=1782872184884 file=/work/cert/cert_1.cert
hs1-pr100,repeat-03,1,key_cert_load,1782872184884,hs1-pr100/repeat-03/hs1-pr100/node-1.log,10,E20260701 02:16:24.884315    40 resdb_config_utils.cpp:104] CHATAY_HS1_COLD_START read_cert_finish ts_ms=1782872184884 duration_ms=0 file=/work/cert/cert_1.cert bytes=167 node_id=1 type=0
hs1-pr100,repeat-03,1,key_cert_load,1782872184884,hs1-pr100/repeat-03/hs1-pr100/node-1.log,11,E20260701 02:16:24.884318    40 resdb_config_utils.cpp:207] CHATAY_HS1_COLD_START key_cert_loaded ts_ms=1782872184884 node_id=1 public_key_hash_type=2 private_key_hash_type=2
hs1-pr100,repeat-03,1,config_load,1782872184884,hs1-pr100/repeat-03/hs1-pr100/node-1.log,12,E20260701 02:16:24.884322    40 resdb_config_utils.cpp:231] CHATAY_HS1_COLD_START generate_resdb_config_finish ts_ms=1782872184884 duration_ms=1 self=1 custom_gen=0
hs1-pr100,repeat-03,1,network_start,1782872184890,hs1-pr100/repeat-03/hs1-pr100/node-1.log,47,E20260701 02:16:24.890118    40 service_network.cpp:50] CHATAY_HS1_COLD_START service_network_ctor_start ts_ms=1782872184890 self=1 port=25131
hs1-pr100,repeat-03,1,bootstrap_heartbeat_send,1782872184890,hs1-pr100/repeat-03/hs1-pr100/node-1.log,66,E20260701 02:16:24.890671    71 consensus_manager.cpp:147] CHATAY_HS1_COLD_START heartbeat_send_start ts_ms=1782872184890 self=1 known_public_keys=1 all_replicas=4 current_ready=0
hs1-pr100,repeat-03,1,bootstrap_heartbeat_send,1782872185901,hs1-pr100/repeat-03/hs1-pr100/node-1.log,89,E20260701 02:16:25.901165    71 consensus_manager.cpp:147] CHATAY_HS1_COLD_START heartbeat_send_start ts_ms=1782872185901 self=1 known_public_keys=1 all_replicas=4 current_ready=0
hs1-pr100,repeat-03,1,bootstrap_heartbeat_send,1782872186911,hs1-pr100/repeat-03/hs1-pr100/node-1.log,100,E20260701 02:16:26.911924    71 consensus_manager.cpp:147] CHATAY_HS1_COLD_START heartbeat_send_start ts_ms=1782872186911 self=1 known_public_keys=1 all_replicas=4 current_ready=0
hs1-pr100,repeat-03,1,bootstrap_heartbeat_send,1782872187922,hs1-pr100/repeat-03/hs1-pr100/node-1.log,112,E20260701 02:16:27.922600    71 consensus_manager.cpp:147] CHATAY_HS1_COLD_START heartbeat_send_start ts_ms=1782872187922 self=1 known_public_keys=1 all_replicas=4 current_ready=0
hs1-pr100,repeat-03,1,network_start,1782872193891,hs1-pr100/repeat-03/hs1-pr100/node-1.log,126,E20260701 02:16:33.891785    40 service_network.cpp:143] CHATAY_HS1_COLD_START service_network_service_started ts_ms=1782872193891 self=1
hs1-pr100,repeat-03,1,network_start,1782872193892,hs1-pr100/repeat-03/hs1-pr100/node-1.log,130,E20260701 02:16:33.892793    40 service_network.cpp:151] CHATAY_HS1_COLD_START service_network_acceptor_run_enter ts_ms=1782872193892 self=1
hs1-pr100,repeat-03,1,hs1_consensus_commit,20260701 02:16:33.893011,hs1-pr100/repeat-03/hs1-pr100/node-1.log,148,E20260701 02:16:33.893011   279 consensus.cpp:109] CHATAY_HS1_TRACE consensus_commit self=1 request_type=TYPE_NONE sender=0 proxy=0 data_size=6
hs1-pr100,repeat-03,1,hs1_consensus_commit,20260701 02:16:33.893787,hs1-pr100/repeat-03/hs1-pr100/node-1.log,149,E20260701 02:16:33.893787   281 consensus.cpp:109] CHATAY_HS1_TRACE consensus_commit self=1 request_type=TYPE_NONE sender=0 proxy=0 data_size=6
hs1-pr100,repeat-03,1,bootstrap_heartbeat_receive,1782872193894,hs1-pr100/repeat-03/hs1-pr100/node-1.log,157,E20260701 02:16:33.894794   279 consensus_manager.cpp:264] CHATAY_HS1_COLD_START heartbeat_receive_enter ts_ms=1782872193894 self=1
hs1-pr100,repeat-03,1,bootstrap_heartbeat_receive,1782872193894,hs1-pr100/repeat-03/hs1-pr100/node-1.log,158,E20260701 02:16:33.894797   281 consensus_manager.cpp:264] CHATAY_HS1_COLD_START heartbeat_receive_enter ts_ms=1782872193894 self=1
hs1-pr100,repeat-03,1,bootstrap_heartbeat_receive,1782872193894,hs1-pr100/repeat-03/hs1-pr100/node-1.log,159,E20260701 02:16:33.894944   294 consensus_manager.cpp:264] CHATAY_HS1_COLD_START heartbeat_receive_enter ts_ms=1782872193894 self=1
hs1-pr100,repeat-03,1,bootstrap_heartbeat_receive,1782872193894,hs1-pr100/repeat-03/hs1-pr100/node-1.log,160,E20260701 02:16:33.894968   284 consensus_manager.cpp:264] CHATAY_HS1_COLD_START heartbeat_receive_enter ts_ms=1782872193894 self=1
hs1-pr100,repeat-03,1,bootstrap_heartbeat_receive,1782872193894,hs1-pr100/repeat-03/hs1-pr100/node-1.log,161,E20260701 02:16:33.894980   287 consensus_manager.cpp:264] CHATAY_HS1_COLD_START heartbeat_receive_enter ts_ms=1782872193894 self=1
hs1-pr100,repeat-03,1,bootstrap_heartbeat_receive,1782872193894,hs1-pr100/repeat-03/hs1-pr100/node-1.log,162,E20260701 02:16:33.894989   280 consensus_manager.cpp:264] CHATAY_HS1_COLD_START heartbeat_receive_enter ts_ms=1782872193894 self=1
hs1-pr100,repeat-03,1,bootstrap_heartbeat_receive,1782872193894,hs1-pr100/repeat-03/hs1-pr100/node-1.log,163,E20260701 02:16:33.894994   286 consensus_manager.cpp:264] CHATAY_HS1_COLD_START heartbeat_receive_enter ts_ms=1782872193894 self=1
hs1-pr100,repeat-03,1,bootstrap_heartbeat_receive,1782872193895,hs1-pr100/repeat-03/hs1-pr100/node-1.log,164,E20260701 02:16:33.895002   288 consensus_manager.cpp:264] CHATAY_HS1_COLD_START heartbeat_receive_enter ts_ms=1782872193895 self=1
hs1-pr100,repeat-03,1,bootstrap_heartbeat_receive,1782872193895,hs1-pr100/repeat-03/hs1-pr100/node-1.log,165,E20260701 02:16:33.895002   282 consensus_manager.cpp:264] CHATAY_HS1_COLD_START heartbeat_receive_enter ts_ms=1782872193895 self=1
hs1-pr100,repeat-03,1,bootstrap_heartbeat_receive,1782872193894,hs1-pr100/repeat-03/hs1-pr100/node-1.log,166,E20260701 02:16:33.894974   283 consensus_manager.cpp:264] CHATAY_HS1_COLD_START heartbeat_receive_enter ts_ms=1782872193894 self=1
hs1-pr100,repeat-03,1,bootstrap_heartbeat_receive,1782872193895,hs1-pr100/repeat-03/hs1-pr100/node-1.log,167,E20260701 02:16:33.895005   285 consensus_manager.cpp:264] CHATAY_HS1_COLD_START heartbeat_receive_enter ts_ms=1782872193895 self=1
hs1-pr100,repeat-03,1,hs1_consensus_commit,20260701 02:16:33.909826,hs1-pr100/repeat-03/hs1-pr100/node-1.log,172,E20260701 02:16:33.909826   293 consensus.cpp:109] CHATAY_HS1_TRACE consensus_commit self=1 request_type=TYPE_NONE sender=0 proxy=0 data_size=6
hs1-pr100,repeat-03,1,bootstrap_heartbeat_receive,1782872195101,hs1-pr100/repeat-03/hs1-pr100/node-1.log,184,E20260701 02:16:35.101341   290 consensus_manager.cpp:264] CHATAY_HS1_COLD_START heartbeat_receive_enter ts_ms=1782872195101 self=1
hs1-pr100,repeat-03,1,bootstrap_heartbeat_receive,1782872195111,hs1-pr100/repeat-03/hs1-pr100/node-1.log,185,E20260701 02:16:35.111140   291 consensus_manager.cpp:264] CHATAY_HS1_COLD_START heartbeat_receive_enter ts_ms=1782872195111 self=1
hs1-pr100,repeat-03,1,bootstrap_heartbeat_receive,1782872195111,hs1-pr100/repeat-03/hs1-pr100/node-1.log,186,E20260701 02:16:35.111140   289 consensus_manager.cpp:264] CHATAY_HS1_COLD_START heartbeat_receive_enter ts_ms=1782872195111 self=1
hs1-pr100,repeat-03,1,bootstrap_heartbeat_receive,1782872195661,hs1-pr100/repeat-03/hs1-pr100/node-1.log,195,E20260701 02:16:35.661085   293 consensus_manager.cpp:264] CHATAY_HS1_COLD_START heartbeat_receive_enter ts_ms=1782872195661 self=1
hs1-pr100,repeat-03,1,bootstrap_heartbeat_receive,1782872195661,hs1-pr100/repeat-03/hs1-pr100/node-1.log,196,E20260701 02:16:35.661094   292 consensus_manager.cpp:264] CHATAY_HS1_COLD_START heartbeat_receive_enter ts_ms=1782872195661 self=1
hs1-pr100,repeat-03,1,bootstrap_heartbeat_send,1782872197191,hs1-pr100/repeat-03/hs1-pr100/node-1.log,199,E20260701 02:16:37.191406   279 consensus_manager.cpp:147] CHATAY_HS1_COLD_START heartbeat_send_start ts_ms=1782872197191 self=1 known_public_keys=2 all_replicas=4 current_ready=0
hs1-pr100,repeat-03,1,bootstrap_heartbeat_receive,1782872200307,hs1-pr100/repeat-03/hs1-pr100/node-1.log,207,E20260701 02:16:40.307475   279 consensus_manager.cpp:264] CHATAY_HS1_COLD_START heartbeat_receive_enter ts_ms=1782872200307 self=1
hs1-pr100,repeat-03,1,bootstrap_heartbeat_send,1782872200307,hs1-pr100/repeat-03/hs1-pr100/node-1.log,209,E20260701 02:16:40.307585   281 consensus_manager.cpp:147] CHATAY_HS1_COLD_START heartbeat_send_start ts_ms=1782872200307 self=1 known_public_keys=2 all_replicas=4 current_ready=0
hs1-pr100,repeat-03,1,bootstrap_heartbeat_receive,1782872200318,hs1-pr100/repeat-03/hs1-pr100/node-1.log,214,E20260701 02:16:40.318118   281 consensus_manager.cpp:264] CHATAY_HS1_COLD_START heartbeat_receive_enter ts_ms=1782872200318 self=1
hs1-pr100,repeat-03,1,bootstrap_heartbeat_send,1782872200318,hs1-pr100/repeat-03/hs1-pr100/node-1.log,216,E20260701 02:16:40.318291   294 consensus_manager.cpp:147] CHATAY_HS1_COLD_START heartbeat_send_start ts_ms=1782872200318 self=1 known_public_keys=3 all_replicas=4 current_ready=0
hs1-pr100,repeat-03,1,hs1_consensus_commit,20260701 02:16:40.328845,hs1-pr100/repeat-03/hs1-pr100/node-1.log,222,E20260701 02:16:40.328845   294 consensus.cpp:109] CHATAY_HS1_TRACE consensus_commit self=1 request_type=TYPE_NONE sender=0 proxy=0 data_size=6
hs1-pr100,repeat-03,1,bootstrap_heartbeat_receive,1782872200328,hs1-pr100/repeat-03/hs1-pr100/node-1.log,230,E20260701 02:16:40.328994   294 consensus_manager.cpp:264] CHATAY_HS1_COLD_START heartbeat_receive_enter ts_ms=1782872200328 self=1
hs1-pr100,repeat-03,1,bootstrap_heartbeat_receive,1782872200329,hs1-pr100/repeat-03/hs1-pr100/node-1.log,231,E20260701 02:16:40.328999   284 consensus_manager.cpp:264] CHATAY_HS1_COLD_START heartbeat_receive_enter ts_ms=1782872200329 self=1
hs1-pr100,repeat-03,1,bootstrap_heartbeat_receive,1782872200329,hs1-pr100/repeat-03/hs1-pr100/node-1.log,234,E20260701 02:16:40.329149   287 consensus_manager.cpp:264] CHATAY_HS1_COLD_START heartbeat_receive_enter ts_ms=1782872200329 self=1
hs1-pr100,repeat-03,1,bootstrap_heartbeat_receive,1782872200329,hs1-pr100/repeat-03/hs1-pr100/node-1.log,240,E20260701 02:16:40.329267   280 consensus_manager.cpp:264] CHATAY_HS1_COLD_START heartbeat_receive_enter ts_ms=1782872200329 self=1
hs1-pr100,repeat-03,1,bootstrap_heartbeat_send,1782872200329,hs1-pr100/repeat-03/hs1-pr100/node-1.log,241,E20260701 02:16:40.329339   286 consensus_manager.cpp:147] CHATAY_HS1_COLD_START heartbeat_send_start ts_ms=1782872200329 self=1 known_public_keys=4 all_replicas=4 current_ready=0
hs1-pr100,repeat-03,1,bootstrap_heartbeat_receive,1782872200339,hs1-pr100/repeat-03/hs1-pr100/node-1.log,246,E20260701 02:16:40.339834   286 consensus_manager.cpp:264] CHATAY_HS1_COLD_START heartbeat_receive_enter ts_ms=1782872200339 self=1
hs1-pr100,repeat-03,1,bootstrap_heartbeat_send,1782872200340,hs1-pr100/repeat-03/hs1-pr100/node-1.log,248,E20260701 02:16:40.340008   288 consensus_manager.cpp:147] CHATAY_HS1_COLD_START heartbeat_send_start ts_ms=1782872200340 self=1 known_public_keys=5 all_replicas=4 current_ready=0
hs1-pr100,repeat-03,1,bootstrap_heartbeat_receive,1782872200350,hs1-pr100/repeat-03/hs1-pr100/node-1.log,253,E20260701 02:16:40.350509   288 consensus_manager.cpp:264] CHATAY_HS1_COLD_START heartbeat_receive_enter ts_ms=1782872200350 self=1
hs1-pr100,repeat-03,1,bootstrap_heartbeat_receive,1782872200350,hs1-pr100/repeat-03/hs1-pr100/node-1.log,255,E20260701 02:16:40.350688   282 consensus_manager.cpp:264] CHATAY_HS1_COLD_START heartbeat_receive_enter ts_ms=1782872200350 self=1
hs1-pr100,repeat-03,1,readiness,1782872200350,hs1-pr100/repeat-03/hs1-pr100/node-1.log,257,E20260701 02:16:40.350993   282 consensus_manager.cpp:343] CHATAY_HS1_COLD_START readiness_reached ts_ms=1782872200350 self=1 replica_num=3 quorum=3 sender=2
hs1-pr100,repeat-03,1,readiness,20260701 02:16:40.351002,hs1-pr100/repeat-03/hs1-pr100/node-1.log,258,E20260701 02:16:40.351002   282 consensus_manager.cpp:349] ============ Server 1 is ready =====================
hs1-pr100,repeat-03,1,bootstrap_heartbeat_receive,1782872200351,hs1-pr100/repeat-03/hs1-pr100/node-1.log,259,E20260701 02:16:40.351043   282 consensus_manager.cpp:264] CHATAY_HS1_COLD_START heartbeat_receive_enter ts_ms=1782872200351 self=1
hs1-pr100,repeat-03,1,bootstrap_heartbeat_receive,1782872200351,hs1-pr100/repeat-03/hs1-pr100/node-1.log,261,E20260701 02:16:40.351249   282 consensus_manager.cpp:264] CHATAY_HS1_COLD_START heartbeat_receive_enter ts_ms=1782872200351 self=1
hs1-pr100,repeat-03,1,bootstrap_heartbeat_receive,1782872200351,hs1-pr100/repeat-03/hs1-pr100/node-1.log,263,E20260701 02:16:40.351698   282 consensus_manager.cpp:264] CHATAY_HS1_COLD_START heartbeat_receive_enter ts_ms=1782872200351 self=1
hs1-pr100,repeat-03,1,bootstrap_heartbeat_receive,1782872200351,hs1-pr100/repeat-03/hs1-pr100/node-1.log,265,E20260701 02:16:40.351969   282 consensus_manager.cpp:264] CHATAY_HS1_COLD_START heartbeat_receive_enter ts_ms=1782872200351 self=1
hs1-pr100,repeat-03,1,bootstrap_heartbeat_receive,1782872200352,hs1-pr100/repeat-03/hs1-pr100/node-1.log,267,E20260701 02:16:40.352315   282 consensus_manager.cpp:264] CHATAY_HS1_COLD_START heartbeat_receive_enter ts_ms=1782872200352 self=1
hs1-pr100,repeat-03,1,bootstrap_heartbeat_receive,1782872200352,hs1-pr100/repeat-03/hs1-pr100/node-1.log,269,E20260701 02:16:40.352727   282 consensus_manager.cpp:264] CHATAY_HS1_COLD_START heartbeat_receive_enter ts_ms=1782872200352 self=1
hs1-pr100,repeat-03,1,bootstrap_heartbeat_receive,1782872200353,hs1-pr100/repeat-03/hs1-pr100/node-1.log,271,E20260701 02:16:40.353140   282 consensus_manager.cpp:264] CHATAY_HS1_COLD_START heartbeat_receive_enter ts_ms=1782872200353 self=1
hs1-pr100,repeat-03,1,bootstrap_heartbeat_receive,1782872200353,hs1-pr100/repeat-03/hs1-pr100/node-1.log,273,E20260701 02:16:40.353556   282 consensus_manager.cpp:264] CHATAY_HS1_COLD_START heartbeat_receive_enter ts_ms=1782872200353 self=1
hs1-pr100,repeat-03,1,bootstrap_heartbeat_receive,1782872200353,hs1-pr100/repeat-03/hs1-pr100/node-1.log,275,E20260701 02:16:40.353976   282 consensus_manager.cpp:264] CHATAY_HS1_COLD_START heartbeat_receive_enter ts_ms=1782872200353 self=1
hs1-pr100,repeat-03,1,bootstrap_heartbeat_receive,1782872200354,hs1-pr100/repeat-03/hs1-pr100/node-1.log,277,E20260701 02:16:40.354251   282 consensus_manager.cpp:264] CHATAY_HS1_COLD_START heartbeat_receive_enter ts_ms=1782872200354 self=1
hs1-pr100,repeat-03,1,hs1_consensus_commit,20260701 02:16:40.354739,hs1-pr100/repeat-03/hs1-pr100/node-1.log,279,E20260701 02:16:40.354739   282 consensus.cpp:109] CHATAY_HS1_TRACE consensus_commit self=1 request_type=TYPE_NONE sender=0 proxy=0 data_size=6
hs1-pr100,repeat-03,1,bootstrap_heartbeat_receive,1782872200354,hs1-pr100/repeat-03/hs1-pr100/node-1.log,287,E20260701 02:16:40.354957   284 consensus_manager.cpp:264] CHATAY_HS1_COLD_START heartbeat_receive_enter ts_ms=1782872200354 self=1
hs1-pr100,repeat-03,1,bootstrap_heartbeat_receive,1782872200355,hs1-pr100/repeat-03/hs1-pr100/node-1.log,289,E20260701 02:16:40.355260   284 consensus_manager.cpp:264] CHATAY_HS1_COLD_START heartbeat_receive_enter ts_ms=1782872200355 self=1
hs1-pr100,repeat-03,1,bootstrap_heartbeat_receive,1782872200355,hs1-pr100/repeat-03/hs1-pr100/node-1.log,291,E20260701 02:16:40.355480   280 consensus_manager.cpp:264] CHATAY_HS1_COLD_START heartbeat_receive_enter ts_ms=1782872200355 self=1
hs1-pr100,repeat-03,1,bootstrap_heartbeat_receive,1782872200355,hs1-pr100/repeat-03/hs1-pr100/node-1.log,293,E20260701 02:16:40.355676   280 consensus_manager.cpp:264] CHATAY_HS1_COLD_START heartbeat_receive_enter ts_ms=1782872200355 self=1
hs1-pr100,repeat-03,1,bootstrap_heartbeat_receive,1782872200355,hs1-pr100/repeat-03/hs1-pr100/node-1.log,295,E20260701 02:16:40.355877   280 consensus_manager.cpp:264] CHATAY_HS1_COLD_START heartbeat_receive_enter ts_ms=1782872200355 self=1
hs1-pr100,repeat-03,1,bootstrap_heartbeat_receive,1782872200356,hs1-pr100/repeat-03/hs1-pr100/node-1.log,297,E20260701 02:16:40.356150   280 consensus_manager.cpp:264] CHATAY_HS1_COLD_START heartbeat_receive_enter ts_ms=1782872200356 self=1
hs1-pr100,repeat-03,1,bootstrap_heartbeat_receive,1782872200356,hs1-pr100/repeat-03/hs1-pr100/node-1.log,299,E20260701 02:16:40.356428   280 consensus_manager.cpp:264] CHATAY_HS1_COLD_START heartbeat_receive_enter ts_ms=1782872200356 self=1
hs1-pr100,repeat-03,1,bootstrap_heartbeat_receive,1782872200356,hs1-pr100/repeat-03/hs1-pr100/node-1.log,301,E20260701 02:16:40.356845   280 consensus_manager.cpp:264] CHATAY_HS1_COLD_START heartbeat_receive_enter ts_ms=1782872200356 self=1
hs1-pr100,repeat-03,1,bootstrap_heartbeat_receive,1782872200357,hs1-pr100/repeat-03/hs1-pr100/node-1.log,303,E20260701 02:16:40.357187   280 consensus_manager.cpp:264] CHATAY_HS1_COLD_START heartbeat_receive_enter ts_ms=1782872200357 self=1
hs1-pr100,repeat-03,1,bootstrap_heartbeat_receive,1782872200357,hs1-pr100/repeat-03/hs1-pr100/node-1.log,305,E20260701 02:16:40.357535   280 consensus_manager.cpp:264] CHATAY_HS1_COLD_START heartbeat_receive_enter ts_ms=1782872200357 self=1
hs1-pr100,repeat-03,1,bootstrap_heartbeat_receive,1782872200357,hs1-pr100/repeat-03/hs1-pr100/node-1.log,307,E20260701 02:16:40.357954   280 consensus_manager.cpp:264] CHATAY_HS1_COLD_START heartbeat_receive_enter ts_ms=1782872200357 self=1
hs1-pr100,repeat-03,1,bootstrap_heartbeat_receive,1782872200358,hs1-pr100/repeat-03/hs1-pr100/node-1.log,309,E20260701 02:16:40.358388   280 consensus_manager.cpp:264] CHATAY_HS1_COLD_START heartbeat_receive_enter ts_ms=1782872200358 self=1
hs1-pr100,repeat-03,1,bootstrap_heartbeat_send,1782872200358,hs1-pr100/repeat-03/hs1-pr100/node-1.log,310,E20260701 02:16:40.358399    71 consensus_manager.cpp:147] CHATAY_HS1_COLD_START heartbeat_send_start ts_ms=1782872200358 self=1 known_public_keys=5 all_replicas=4 current_ready=1
hs1-pr100,repeat-03,1,bootstrap_heartbeat_receive,1782872200369,hs1-pr100/repeat-03/hs1-pr100/node-1.log,316,E20260701 02:16:40.369086   279 consensus_manager.cpp:264] CHATAY_HS1_COLD_START heartbeat_receive_enter ts_ms=1782872200369 self=1
hs1-pr100,repeat-03,1,bootstrap_heartbeat_receive,1782872200369,hs1-pr100/repeat-03/hs1-pr100/node-1.log,318,E20260701 02:16:40.369253   281 consensus_manager.cpp:264] CHATAY_HS1_COLD_START heartbeat_receive_enter ts_ms=1782872200369 self=1
hs1-pr100,repeat-03,1,hs1_consensus_commit,20260701 02:16:40.626858,hs1-pr100/repeat-03/hs1-pr100/node-1.log,335,E20260701 02:16:40.626858   294 consensus.cpp:109] CHATAY_HS1_TRACE consensus_commit self=1 request_type=TYPE_NEW_TXNS sender=5 proxy=5 data_size=172
hs1-pr100,repeat-03,1,hs1_consensus_commit,20260701 02:16:40.632638,hs1-pr100/repeat-03/hs1-pr100/node-1.log,345,E20260701 02:16:40.632638   290 consensus.cpp:109] CHATAY_HS1_TRACE consensus_commit self=1 request_type=TYPE_NONE sender=0 proxy=0 data_size=228
hs1-pr100,repeat-03,1,hs1_prepare_vote,20260701 02:16:40.632736,hs1-pr100/repeat-03/hs1-pr100/node-1.log,349,E20260701 02:16:40.632736   290 commitment.cpp:777] CHATAY_HS1_TRACE replica_send_vote self=1 vote_type=TYPE_PREPARE_VOTE source_type=TYPE_PREPARE target_primary=2 view=1 data_size=298
hs1-pr100,repeat-03,1,hs1_consensus_commit,20260701 02:16:40.689836,hs1-pr100/repeat-03/hs1-pr100/node-1.log,350,E20260701 02:16:40.689836   290 consensus.cpp:109] CHATAY_HS1_TRACE consensus_commit self=1 request_type=TYPE_NONE sender=0 proxy=0 data_size=441
hs1-pr100,repeat-03,1,hs1_precommit_vote,20260701 02:16:40.690147,hs1-pr100/repeat-03/hs1-pr100/node-1.log,353,E20260701 02:16:40.690147   290 commitment.cpp:777] CHATAY_HS1_TRACE replica_send_vote self=1 vote_type=TYPE_PRECOMMIT_VOTE source_type=TYPE_PRECOMMIT target_primary=3 view=1 data_size=731
hs1-pr100,repeat-03,1,hs1_consensus_commit,20260701 02:16:40.744182,hs1-pr100/repeat-03/hs1-pr100/node-1.log,354,E20260701 02:16:40.744182   290 consensus.cpp:109] CHATAY_HS1_TRACE consensus_commit self=1 request_type=TYPE_NONE sender=0 proxy=0 data_size=441
hs1-pr100,repeat-03,1,hs1_commit_vote,20260701 02:16:40.744516,hs1-pr100/repeat-03/hs1-pr100/node-1.log,357,E20260701 02:16:40.744516   290 commitment.cpp:777] CHATAY_HS1_TRACE replica_send_vote self=1 vote_type=TYPE_COMMIT_VOTE source_type=TYPE_COMMIT target_primary=4 view=1 data_size=731
hs1-pr100,repeat-03,1,hs1_consensus_commit,20260701 02:16:40.801175,hs1-pr100/repeat-03/hs1-pr100/node-1.log,358,E20260701 02:16:40.801175   290 consensus.cpp:109] CHATAY_HS1_TRACE consensus_commit self=1 request_type=TYPE_NONE sender=0 proxy=0 data_size=441
hs1-pr100,repeat-03,1,bootstrap_heartbeat_receive,1782872201359,hs1-pr100/repeat-03/hs1-pr100/node-1.log,368,E20260701 02:16:41.359802   294 consensus_manager.cpp:264] CHATAY_HS1_COLD_START heartbeat_receive_enter ts_ms=1782872201359 self=1
hs1-pr100,repeat-03,1,bootstrap_heartbeat_send,1782872201369,hs1-pr100/repeat-03/hs1-pr100/node-1.log,370,E20260701 02:16:41.369055    71 consensus_manager.cpp:147] CHATAY_HS1_COLD_START heartbeat_send_start ts_ms=1782872201369 self=1 known_public_keys=5 all_replicas=4 current_ready=1
hs1-pr100,repeat-03,1,bootstrap_heartbeat_receive,1782872201369,hs1-pr100/repeat-03/hs1-pr100/node-1.log,374,E20260701 02:16:41.369500   291 consensus_manager.cpp:264] CHATAY_HS1_COLD_START heartbeat_receive_enter ts_ms=1782872201369 self=1
hs1-pr100,repeat-03,1,hs1_consensus_commit,20260701 02:16:41.630436,hs1-pr100/repeat-03/hs1-pr100/node-1.log,377,E20260701 02:16:41.630436   291 consensus.cpp:109] CHATAY_HS1_TRACE consensus_commit self=1 request_type=TYPE_NEW_TXNS sender=5 proxy=5 data_size=96
hs1-pr100,repeat-03,1,hs1_consensus_commit,20260701 02:16:41.637588,hs1-pr100/repeat-03/hs1-pr100/node-1.log,389,E20260701 02:16:41.637588   286 consensus.cpp:109] CHATAY_HS1_TRACE consensus_commit self=1 request_type=TYPE_NONE sender=0 proxy=0 data_size=618
hs1-pr100,repeat-03,1,hs1_prepare_vote,20260701 02:16:41.637722,hs1-pr100/repeat-03/hs1-pr100/node-1.log,393,E20260701 02:16:41.637722   286 commitment.cpp:777] CHATAY_HS1_TRACE replica_send_vote self=1 vote_type=TYPE_PREPARE_VOTE source_type=TYPE_PREPARE target_primary=2 view=5 data_size=690
hs1-pr100,repeat-03,1,hs1_consensus_commit,20260701 02:16:41.695461,hs1-pr100/repeat-03/hs1-pr100/node-1.log,394,E20260701 02:16:41.695461   285 consensus.cpp:109] CHATAY_HS1_TRACE consensus_commit self=1 request_type=TYPE_NONE sender=0 proxy=0 data_size=400
hs1-pr100,repeat-03,1,hs1_precommit_vote,20260701 02:16:41.695791,hs1-pr100/repeat-03/hs1-pr100/node-1.log,397,E20260701 02:16:41.695791   285 commitment.cpp:777] CHATAY_HS1_TRACE replica_send_vote self=1 vote_type=TYPE_PRECOMMIT_VOTE source_type=TYPE_PRECOMMIT target_primary=3 view=5 data_size=649
hs1-pr100,repeat-03,1,hs1_consensus_commit,20260701 02:16:41.749234,hs1-pr100/repeat-03/hs1-pr100/node-1.log,398,E20260701 02:16:41.749234   285 consensus.cpp:109] CHATAY_HS1_TRACE consensus_commit self=1 request_type=TYPE_NONE sender=0 proxy=0 data_size=400
hs1-pr100,repeat-03,1,hs1_commit_vote,20260701 02:16:41.749583,hs1-pr100/repeat-03/hs1-pr100/node-1.log,401,E20260701 02:16:41.749583   285 commitment.cpp:777] CHATAY_HS1_TRACE replica_send_vote self=1 vote_type=TYPE_COMMIT_VOTE source_type=TYPE_COMMIT target_primary=4 view=5 data_size=649
hs1-pr100,repeat-03,1,hs1_consensus_commit,20260701 02:16:41.807119,hs1-pr100/repeat-03/hs1-pr100/node-1.log,402,E20260701 02:16:41.807119   289 consensus.cpp:109] CHATAY_HS1_TRACE consensus_commit self=1 request_type=TYPE_NONE sender=0 proxy=0 data_size=400
hs1-pr100,repeat-03,2,config_load,1782872185386,hs1-pr100/repeat-03/hs1-pr100/node-2.log,4,E20260701 02:16:25.386003    73 resdb_config_utils.cpp:198] CHATAY_HS1_COLD_START generate_resdb_config_start ts_ms=1782872185386 config_file=/work/config/server/server.config private_key_file=/work/cert/node2.key.pri cert_file=/work/cert/cert_2.cert
hs1-pr100,repeat-03,2,config_load,1782872185386,hs1-pr100/repeat-03/hs1-pr100/node-2.log,5,E20260701 02:16:25.386005    73 resdb_config_utils.cpp:133] CHATAY_HS1_COLD_START read_config_start ts_ms=1782872185386 file=/work/config/server/server.config
hs1-pr100,repeat-03,2,config_load,1782872185386,hs1-pr100/repeat-03/hs1-pr100/node-2.log,6,E20260701 02:16:25.386540    73 resdb_config_utils.cpp:154] CHATAY_HS1_COLD_START read_config_finish ts_ms=1782872185386 duration_ms=0 file=/work/config/server/server.config bytes=292 regions=1
hs1-pr100,repeat-03,2,key_cert_load,1782872185386,hs1-pr100/repeat-03/hs1-pr100/node-2.log,7,E20260701 02:16:25.386551    73 resdb_config_utils.cpp:49] CHATAY_HS1_COLD_START read_private_key_start ts_ms=1782872185386 file=/work/cert/node2.key.pri
hs1-pr100,repeat-03,2,key_cert_load,1782872185386,hs1-pr100/repeat-03/hs1-pr100/node-2.log,8,E20260701 02:16:25.386564    73 resdb_config_utils.cpp:71] CHATAY_HS1_COLD_START read_private_key_finish ts_ms=1782872185386 duration_ms=0 file=/work/cert/node2.key.pri bytes=36 hash_type=2
hs1-pr100,repeat-03,2,key_cert_load,1782872185386,hs1-pr100/repeat-03/hs1-pr100/node-2.log,9,E20260701 02:16:25.386565    73 resdb_config_utils.cpp:82] CHATAY_HS1_COLD_START read_cert_start ts_ms=1782872185386 file=/work/cert/cert_2.cert
hs1-pr100,repeat-03,2,key_cert_load,1782872185386,hs1-pr100/repeat-03/hs1-pr100/node-2.log,10,E20260701 02:16:25.386574    73 resdb_config_utils.cpp:104] CHATAY_HS1_COLD_START read_cert_finish ts_ms=1782872185386 duration_ms=0 file=/work/cert/cert_2.cert bytes=167 node_id=2 type=0
hs1-pr100,repeat-03,2,key_cert_load,1782872185386,hs1-pr100/repeat-03/hs1-pr100/node-2.log,11,E20260701 02:16:25.386576    73 resdb_config_utils.cpp:207] CHATAY_HS1_COLD_START key_cert_loaded ts_ms=1782872185386 node_id=2 public_key_hash_type=2 private_key_hash_type=2
hs1-pr100,repeat-03,2,config_load,1782872185386,hs1-pr100/repeat-03/hs1-pr100/node-2.log,12,E20260701 02:16:25.386580    73 resdb_config_utils.cpp:231] CHATAY_HS1_COLD_START generate_resdb_config_finish ts_ms=1782872185386 duration_ms=0 self=2 custom_gen=0
hs1-pr100,repeat-03,2,network_start,1782872185391,hs1-pr100/repeat-03/hs1-pr100/node-2.log,47,E20260701 02:16:25.391855    73 service_network.cpp:50] CHATAY_HS1_COLD_START service_network_ctor_start ts_ms=1782872185391 self=2 port=25132
hs1-pr100,repeat-03,2,bootstrap_heartbeat_send,1782872185392,hs1-pr100/repeat-03/hs1-pr100/node-2.log,66,E20260701 02:16:25.392418   104 consensus_manager.cpp:147] CHATAY_HS1_COLD_START heartbeat_send_start ts_ms=1782872185392 self=2 known_public_keys=1 all_replicas=4 current_ready=0
hs1-pr100,repeat-03,2,bootstrap_heartbeat_send,1782872186402,hs1-pr100/repeat-03/hs1-pr100/node-2.log,83,E20260701 02:16:26.402953   104 consensus_manager.cpp:147] CHATAY_HS1_COLD_START heartbeat_send_start ts_ms=1782872186402 self=2 known_public_keys=1 all_replicas=4 current_ready=0
hs1-pr100,repeat-03,2,bootstrap_heartbeat_send,1782872187413,hs1-pr100/repeat-03/hs1-pr100/node-2.log,88,E20260701 02:16:27.413538   104 consensus_manager.cpp:147] CHATAY_HS1_COLD_START heartbeat_send_start ts_ms=1782872187413 self=2 known_public_keys=1 all_replicas=4 current_ready=0
hs1-pr100,repeat-03,2,bootstrap_heartbeat_send,1782872188424,hs1-pr100/repeat-03/hs1-pr100/node-2.log,93,E20260701 02:16:28.424185   104 consensus_manager.cpp:147] CHATAY_HS1_COLD_START heartbeat_send_start ts_ms=1782872188424 self=2 known_public_keys=1 all_replicas=4 current_ready=0
hs1-pr100,repeat-03,2,network_start,1782872195394,hs1-pr100/repeat-03/hs1-pr100/node-2.log,117,E20260701 02:16:35.394194    73 service_network.cpp:143] CHATAY_HS1_COLD_START service_network_service_started ts_ms=1782872195394 self=2
hs1-pr100,repeat-03,2,network_start,1782872195394,hs1-pr100/repeat-03/hs1-pr100/node-2.log,119,E20260701 02:16:35.394271    73 service_network.cpp:151] CHATAY_HS1_COLD_START service_network_acceptor_run_enter ts_ms=1782872195394 self=2
hs1-pr100,repeat-03,2,bootstrap_heartbeat_receive,1782872195395,hs1-pr100/repeat-03/hs1-pr100/node-2.log,123,E20260701 02:16:35.395841   325 consensus_manager.cpp:264] CHATAY_HS1_COLD_START heartbeat_receive_enter ts_ms=1782872195395 self=2
hs1-pr100,repeat-03,2,bootstrap_heartbeat_receive,1782872195395,hs1-pr100/repeat-03/hs1-pr100/node-2.log,124,E20260701 02:16:35.395859   312 consensus_manager.cpp:264] CHATAY_HS1_COLD_START heartbeat_receive_enter ts_ms=1782872195395 self=2
hs1-pr100,repeat-03,2,bootstrap_heartbeat_receive,1782872195395,hs1-pr100/repeat-03/hs1-pr100/node-2.log,125,E20260701 02:16:35.395869   310 consensus_manager.cpp:264] CHATAY_HS1_COLD_START heartbeat_receive_enter ts_ms=1782872195395 self=2
hs1-pr100,repeat-03,2,bootstrap_heartbeat_receive,1782872195395,hs1-pr100/repeat-03/hs1-pr100/node-2.log,126,E20260701 02:16:35.395882   311 consensus_manager.cpp:264] CHATAY_HS1_COLD_START heartbeat_receive_enter ts_ms=1782872195395 self=2
hs1-pr100,repeat-03,2,bootstrap_heartbeat_receive,1782872195395,hs1-pr100/repeat-03/hs1-pr100/node-2.log,127,E20260701 02:16:35.395906   317 consensus_manager.cpp:264] CHATAY_HS1_COLD_START heartbeat_receive_enter ts_ms=1782872195395 self=2
hs1-pr100,repeat-03,2,bootstrap_heartbeat_receive,1782872195395,hs1-pr100/repeat-03/hs1-pr100/node-2.log,128,E20260701 02:16:35.395924   320 consensus_manager.cpp:264] CHATAY_HS1_COLD_START heartbeat_receive_enter ts_ms=1782872195395 self=2
hs1-pr100,repeat-03,2,bootstrap_heartbeat_receive,1782872195395,hs1-pr100/repeat-03/hs1-pr100/node-2.log,129,E20260701 02:16:35.395913   316 consensus_manager.cpp:264] CHATAY_HS1_COLD_START heartbeat_receive_enter ts_ms=1782872195395 self=2
hs1-pr100,repeat-03,2,bootstrap_heartbeat_receive,1782872195395,hs1-pr100/repeat-03/hs1-pr100/node-2.log,130,E20260701 02:16:35.395954   321 consensus_manager.cpp:264] CHATAY_HS1_COLD_START heartbeat_receive_enter ts_ms=1782872195395 self=2
hs1-pr100,repeat-03,2,bootstrap_heartbeat_receive,1782872195395,hs1-pr100/repeat-03/hs1-pr100/node-2.log,131,E20260701 02:16:35.395951   315 consensus_manager.cpp:264] CHATAY_HS1_COLD_START heartbeat_receive_enter ts_ms=1782872195395 self=2
hs1-pr100,repeat-03,2,bootstrap_heartbeat_receive,1782872195395,hs1-pr100/repeat-03/hs1-pr100/node-2.log,132,E20260701 02:16:35.395977   322 consensus_manager.cpp:264] CHATAY_HS1_COLD_START heartbeat_receive_enter ts_ms=1782872195395 self=2
hs1-pr100,repeat-03,2,bootstrap_heartbeat_receive,1782872195395,hs1-pr100/repeat-03/hs1-pr100/node-2.log,133,E20260701 02:16:35.395955   319 consensus_manager.cpp:264] CHATAY_HS1_COLD_START heartbeat_receive_enter ts_ms=1782872195395 self=2
hs1-pr100,repeat-03,2,bootstrap_heartbeat_receive,1782872195661,hs1-pr100/repeat-03/hs1-pr100/node-2.log,135,E20260701 02:16:35.661127   318 consensus_manager.cpp:264] CHATAY_HS1_COLD_START heartbeat_receive_enter ts_ms=1782872195661 self=2
hs1-pr100,repeat-03,2,bootstrap_heartbeat_receive,1782872195661,hs1-pr100/repeat-03/hs1-pr100/node-2.log,136,E20260701 02:16:35.661288   323 consensus_manager.cpp:264] CHATAY_HS1_COLD_START heartbeat_receive_enter ts_ms=1782872195661 self=2
hs1-pr100,repeat-03,2,bootstrap_heartbeat_send,1782872195671,hs1-pr100/repeat-03/hs1-pr100/node-2.log,138,E20260701 02:16:35.671499   325 consensus_manager.cpp:147] CHATAY_HS1_COLD_START heartbeat_send_start ts_ms=1782872195671 self=2 known_public_keys=1 all_replicas=4 current_ready=0
hs1-pr100,repeat-03,2,bootstrap_heartbeat_receive,1782872195671,hs1-pr100/repeat-03/hs1-pr100/node-2.log,142,E20260701 02:16:35.671790   324 consensus_manager.cpp:264] CHATAY_HS1_COLD_START heartbeat_receive_enter ts_ms=1782872195671 self=2
hs1-pr100,repeat-03,2,bootstrap_heartbeat_receive,1782872196112,hs1-pr100/repeat-03/hs1-pr100/node-2.log,143,E20260701 02:16:36.112087   313 consensus_manager.cpp:264] CHATAY_HS1_COLD_START heartbeat_receive_enter ts_ms=1782872196112 self=2
hs1-pr100,repeat-03,2,bootstrap_heartbeat_receive,1782872196141,hs1-pr100/repeat-03/hs1-pr100/node-2.log,144,E20260701 02:16:36.141201   314 consensus_manager.cpp:264] CHATAY_HS1_COLD_START heartbeat_receive_enter ts_ms=1782872196141 self=2
hs1-pr100,repeat-03,2,bootstrap_heartbeat_receive,1782872198789,hs1-pr100/repeat-03/hs1-pr100/node-2.log,147,E20260701 02:16:38.789884   325 consensus_manager.cpp:264] CHATAY_HS1_COLD_START heartbeat_receive_enter ts_ms=1782872198789 self=2
hs1-pr100,repeat-03,2,bootstrap_heartbeat_send,1782872198789,hs1-pr100/repeat-03/hs1-pr100/node-2.log,148,E20260701 02:16:38.789965   312 consensus_manager.cpp:147] CHATAY_HS1_COLD_START heartbeat_send_start ts_ms=1782872198789 self=2 known_public_keys=2 all_replicas=4 current_ready=0
hs1-pr100,repeat-03,2,bootstrap_heartbeat_receive,1782872198800,hs1-pr100/repeat-03/hs1-pr100/node-2.log,154,E20260701 02:16:38.800316   312 consensus_manager.cpp:264] CHATAY_HS1_COLD_START heartbeat_receive_enter ts_ms=1782872198800 self=2
hs1-pr100,repeat-03,2,bootstrap_heartbeat_receive,1782872198800,hs1-pr100/repeat-03/hs1-pr100/node-2.log,156,E20260701 02:16:38.800429   310 consensus_manager.cpp:264] CHATAY_HS1_COLD_START heartbeat_receive_enter ts_ms=1782872198800 self=2
hs1-pr100,repeat-03,2,bootstrap_heartbeat_send,1782872198800,hs1-pr100/repeat-03/hs1-pr100/node-2.log,157,E20260701 02:16:38.800493   311 consensus_manager.cpp:147] CHATAY_HS1_COLD_START heartbeat_send_start ts_ms=1782872198800 self=2 known_public_keys=3 all_replicas=4 current_ready=0
hs1-pr100,repeat-03,2,bootstrap_heartbeat_receive,1782872198810,hs1-pr100/repeat-03/hs1-pr100/node-2.log,163,E20260701 02:16:38.810730   311 consensus_manager.cpp:264] CHATAY_HS1_COLD_START heartbeat_receive_enter ts_ms=1782872198810 self=2
hs1-pr100,repeat-03,2,bootstrap_heartbeat_send,1782872198810,hs1-pr100/repeat-03/hs1-pr100/node-2.log,164,E20260701 02:16:38.810849   320 consensus_manager.cpp:147] CHATAY_HS1_COLD_START heartbeat_send_start ts_ms=1782872198810 self=2 known_public_keys=4 all_replicas=4 current_ready=0
hs1-pr100,repeat-03,2,bootstrap_heartbeat_receive,1782872198821,hs1-pr100/repeat-03/hs1-pr100/node-2.log,170,E20260701 02:16:38.821238   320 consensus_manager.cpp:264] CHATAY_HS1_COLD_START heartbeat_receive_enter ts_ms=1782872198821 self=2
hs1-pr100,repeat-03,2,bootstrap_heartbeat_send,1782872198821,hs1-pr100/repeat-03/hs1-pr100/node-2.log,171,E20260701 02:16:38.821424   317 consensus_manager.cpp:147] CHATAY_HS1_COLD_START heartbeat_send_start ts_ms=1782872198821 self=2 known_public_keys=5 all_replicas=4 current_ready=0
hs1-pr100,repeat-03,2,bootstrap_heartbeat_receive,1782872198831,hs1-pr100/repeat-03/hs1-pr100/node-2.log,177,E20260701 02:16:38.831815   317 consensus_manager.cpp:264] CHATAY_HS1_COLD_START heartbeat_receive_enter ts_ms=1782872198831 self=2
hs1-pr100,repeat-03,2,bootstrap_heartbeat_receive,1782872198831,hs1-pr100/repeat-03/hs1-pr100/node-2.log,178,E20260701 02:16:38.831980   316 consensus_manager.cpp:264] CHATAY_HS1_COLD_START heartbeat_receive_enter ts_ms=1782872198831 self=2
hs1-pr100,repeat-03,2,bootstrap_heartbeat_receive,1782872198832,hs1-pr100/repeat-03/hs1-pr100/node-2.log,180,E20260701 02:16:38.832118   321 consensus_manager.cpp:264] CHATAY_HS1_COLD_START heartbeat_receive_enter ts_ms=1782872198832 self=2
hs1-pr100,repeat-03,2,bootstrap_heartbeat_receive,1782872198832,hs1-pr100/repeat-03/hs1-pr100/node-2.log,182,E20260701 02:16:38.832270   322 consensus_manager.cpp:264] CHATAY_HS1_COLD_START heartbeat_receive_enter ts_ms=1782872198832 self=2
hs1-pr100,repeat-03,2,bootstrap_heartbeat_receive,1782872198832,hs1-pr100/repeat-03/hs1-pr100/node-2.log,184,E20260701 02:16:38.832485   315 consensus_manager.cpp:264] CHATAY_HS1_COLD_START heartbeat_receive_enter ts_ms=1782872198832 self=2
hs1-pr100,repeat-03,2,bootstrap_heartbeat_receive,1782872198832,hs1-pr100/repeat-03/hs1-pr100/node-2.log,187,E20260701 02:16:38.832616   319 consensus_manager.cpp:264] CHATAY_HS1_COLD_START heartbeat_receive_enter ts_ms=1782872198832 self=2
hs1-pr100,repeat-03,2,bootstrap_heartbeat_receive,1782872198832,hs1-pr100/repeat-03/hs1-pr100/node-2.log,188,E20260701 02:16:38.832794   318 consensus_manager.cpp:264] CHATAY_HS1_COLD_START heartbeat_receive_enter ts_ms=1782872198832 self=2
hs1-pr100,repeat-03,2,bootstrap_heartbeat_send,1782872198833,hs1-pr100/repeat-03/hs1-pr100/node-2.log,193,E20260701 02:16:38.833420   104 consensus_manager.cpp:147] CHATAY_HS1_COLD_START heartbeat_send_start ts_ms=1782872198833 self=2 known_public_keys=5 all_replicas=4 current_ready=0
hs1-pr100,repeat-03,2,bootstrap_heartbeat_receive,1782872198833,hs1-pr100/repeat-03/hs1-pr100/node-2.log,197,E20260701 02:16:38.833671   323 consensus_manager.cpp:264] CHATAY_HS1_COLD_START heartbeat_receive_enter ts_ms=1782872198833 self=2
hs1-pr100,repeat-03,2,bootstrap_heartbeat_receive,1782872198842,hs1-pr100/repeat-03/hs1-pr100/node-2.log,199,E20260701 02:16:38.842787   314 consensus_manager.cpp:264] CHATAY_HS1_COLD_START heartbeat_receive_enter ts_ms=1782872198842 self=2
hs1-pr100,repeat-03,2,readiness,1782872198845,hs1-pr100/repeat-03/hs1-pr100/node-2.log,208,E20260701 02:16:38.845335   321 consensus_manager.cpp:343] CHATAY_HS1_COLD_START readiness_reached ts_ms=1782872198845 self=2 replica_num=3 quorum=3 sender=2
hs1-pr100,repeat-03,2,readiness,20260701 02:16:38.845340,hs1-pr100/repeat-03/hs1-pr100/node-2.log,209,E20260701 02:16:38.845340   321 consensus_manager.cpp:349] ============ Server 2 is ready =====================
hs1-pr100,repeat-03,2,bootstrap_heartbeat_receive,1782872199800,hs1-pr100/repeat-03/hs1-pr100/node-2.log,216,E20260701 02:16:39.800546   313 consensus_manager.cpp:264] CHATAY_HS1_COLD_START heartbeat_receive_enter ts_ms=1782872199800 self=2
hs1-pr100,repeat-03,2,bootstrap_heartbeat_send,1782872199843,hs1-pr100/repeat-03/hs1-pr100/node-2.log,218,E20260701 02:16:39.843868   104 consensus_manager.cpp:147] CHATAY_HS1_COLD_START heartbeat_send_start ts_ms=1782872199843 self=2 known_public_keys=5 all_replicas=4 current_ready=1
hs1-pr100,repeat-03,2,bootstrap_heartbeat_receive,1782872199844,hs1-pr100/repeat-03/hs1-pr100/node-2.log,223,E20260701 02:16:39.844317   322 consensus_manager.cpp:264] CHATAY_HS1_COLD_START heartbeat_receive_enter ts_ms=1782872199844 self=2
hs1-pr100,repeat-03,2,bootstrap_heartbeat_receive,1782872199909,hs1-pr100/repeat-03/hs1-pr100/node-2.log,225,E20260701 02:16:39.909960   319 consensus_manager.cpp:264] CHATAY_HS1_COLD_START heartbeat_receive_enter ts_ms=1782872199909 self=2
hs1-pr100,repeat-03,2,bootstrap_heartbeat_receive,1782872199921,hs1-pr100/repeat-03/hs1-pr100/node-2.log,227,E20260701 02:16:39.921190   315 consensus_manager.cpp:264] CHATAY_HS1_COLD_START heartbeat_receive_enter ts_ms=1782872199921 self=2
hs1-pr100,repeat-03,2,bootstrap_heartbeat_receive,1782872199933,hs1-pr100/repeat-03/hs1-pr100/node-2.log,229,E20260701 02:16:39.933518   322 consensus_manager.cpp:264] CHATAY_HS1_COLD_START heartbeat_receive_enter ts_ms=1782872199933 self=2
hs1-pr100,repeat-03,2,bootstrap_heartbeat_receive,1782872200268,hs1-pr100/repeat-03/hs1-pr100/node-2.log,231,E20260701 02:16:40.268556   314 consensus_manager.cpp:264] CHATAY_HS1_COLD_START heartbeat_receive_enter ts_ms=1782872200268 self=2
hs1-pr100,repeat-03,2,bootstrap_heartbeat_receive,1782872200307,hs1-pr100/repeat-03/hs1-pr100/node-2.log,233,E20260701 02:16:40.307891   312 consensus_manager.cpp:264] CHATAY_HS1_COLD_START heartbeat_receive_enter ts_ms=1782872200307 self=2
hs1-pr100,repeat-03,2,bootstrap_heartbeat_receive,1782872200307,hs1-pr100/repeat-03/hs1-pr100/node-2.log,235,E20260701 02:16:40.307893   324 consensus_manager.cpp:264] CHATAY_HS1_COLD_START heartbeat_receive_enter ts_ms=1782872200307 self=2
hs1-pr100,repeat-03,2,bootstrap_heartbeat_receive,1782872200318,hs1-pr100/repeat-03/hs1-pr100/node-2.log,237,E20260701 02:16:40.318521   317 consensus_manager.cpp:264] CHATAY_HS1_COLD_START heartbeat_receive_enter ts_ms=1782872200318 self=2
hs1-pr100,repeat-03,2,bootstrap_heartbeat_receive,1782872200318,hs1-pr100/repeat-03/hs1-pr100/node-2.log,238,E20260701 02:16:40.318521   314 consensus_manager.cpp:264] CHATAY_HS1_COLD_START heartbeat_receive_enter ts_ms=1782872200318 self=2
hs1-pr100,repeat-03,2,bootstrap_heartbeat_receive,1782872200319,hs1-pr100/repeat-03/hs1-pr100/node-2.log,241,E20260701 02:16:40.319108   311 consensus_manager.cpp:264] CHATAY_HS1_COLD_START heartbeat_receive_enter ts_ms=1782872200319 self=2
hs1-pr100,repeat-03,2,bootstrap_heartbeat_receive,1782872200329,hs1-pr100/repeat-03/hs1-pr100/node-2.log,243,E20260701 02:16:40.329694   321 consensus_manager.cpp:264] CHATAY_HS1_COLD_START heartbeat_receive_enter ts_ms=1782872200329 self=2
hs1-pr100,repeat-03,2,bootstrap_heartbeat_receive,1782872200329,hs1-pr100/repeat-03/hs1-pr100/node-2.log,245,E20260701 02:16:40.329695   318 consensus_manager.cpp:264] CHATAY_HS1_COLD_START heartbeat_receive_enter ts_ms=1782872200329 self=2
hs1-pr100,repeat-03,2,bootstrap_heartbeat_receive,1782872200330,hs1-pr100/repeat-03/hs1-pr100/node-2.log,247,E20260701 02:16:40.330405   318 consensus_manager.cpp:264] CHATAY_HS1_COLD_START heartbeat_receive_enter ts_ms=1782872200330 self=2
hs1-pr100,repeat-03,2,bootstrap_heartbeat_receive,1782872200340,hs1-pr100/repeat-03/hs1-pr100/node-2.log,249,E20260701 02:16:40.340184   314 consensus_manager.cpp:264] CHATAY_HS1_COLD_START heartbeat_receive_enter ts_ms=1782872200340 self=2
hs1-pr100,repeat-03,2,bootstrap_heartbeat_receive,1782872200340,hs1-pr100/repeat-03/hs1-pr100/node-2.log,251,E20260701 02:16:40.340308   317 consensus_manager.cpp:264] CHATAY_HS1_COLD_START heartbeat_receive_enter ts_ms=1782872200340 self=2
hs1-pr100,repeat-03,2,bootstrap_heartbeat_receive,1782872200358,hs1-pr100/repeat-03/hs1-pr100/node-2.log,253,E20260701 02:16:40.358723   322 consensus_manager.cpp:264] CHATAY_HS1_COLD_START heartbeat_receive_enter ts_ms=1782872200358 self=2
hs1-pr100,repeat-03,2,bootstrap_heartbeat_receive,1782872200359,hs1-pr100/repeat-03/hs1-pr100/node-2.log,255,E20260701 02:16:40.359177   322 consensus_manager.cpp:264] CHATAY_HS1_COLD_START heartbeat_receive_enter ts_ms=1782872200359 self=2
hs1-pr100,repeat-03,2,hs1_consensus_commit,20260701 02:16:40.633337,hs1-pr100/repeat-03/hs1-pr100/node-2.log,260,E20260701 02:16:40.633337   314 consensus.cpp:109] CHATAY_HS1_TRACE consensus_commit self=2 request_type=TYPE_NONE sender=0 proxy=0 data_size=228
hs1-pr100,repeat-03,2,hs1_prepare_vote,20260701 02:16:40.633886,hs1-pr100/repeat-03/hs1-pr100/node-2.log,264,E20260701 02:16:40.633886   314 commitment.cpp:777] CHATAY_HS1_TRACE replica_send_vote self=2 vote_type=TYPE_PREPARE_VOTE source_type=TYPE_PREPARE target_primary=2 view=1 data_size=298
hs1-pr100,repeat-03,2,hs1_consensus_commit,20260701 02:16:40.683637,hs1-pr100/repeat-03/hs1-pr100/node-2.log,265,E20260701 02:16:40.683637   313 consensus.cpp:109] CHATAY_HS1_TRACE consensus_commit self=2 request_type=TYPE_NONE sender=0 proxy=0 data_size=298
hs1-pr100,repeat-03,2,hs1_consensus_commit,20260701 02:16:40.685293,hs1-pr100/repeat-03/hs1-pr100/node-2.log,269,E20260701 02:16:40.685293   321 consensus.cpp:109] CHATAY_HS1_TRACE consensus_commit self=2 request_type=TYPE_NONE sender=0 proxy=0 data_size=298
hs1-pr100,repeat-03,2,hs1_consensus_commit,20260701 02:16:40.685992,hs1-pr100/repeat-03/hs1-pr100/node-2.log,273,E20260701 02:16:40.685992   313 consensus.cpp:109] CHATAY_HS1_TRACE consensus_commit self=2 request_type=TYPE_NONE sender=0 proxy=0 data_size=298
hs1-pr100,repeat-03,2,hs1_consensus_commit,20260701 02:16:40.686046,hs1-pr100/repeat-03/hs1-pr100/node-2.log,276,E20260701 02:16:40.686046   319 consensus.cpp:109] CHATAY_HS1_TRACE consensus_commit self=2 request_type=TYPE_NONE sender=0 proxy=0 data_size=298
hs1-pr100,repeat-03,2,hs1_consensus_commit,20260701 02:16:40.689772,hs1-pr100/repeat-03/hs1-pr100/node-2.log,283,E20260701 02:16:40.689772   310 consensus.cpp:109] CHATAY_HS1_TRACE consensus_commit self=2 request_type=TYPE_NONE sender=0 proxy=0 data_size=441
hs1-pr100,repeat-03,2,hs1_precommit_vote,20260701 02:16:40.690093,hs1-pr100/repeat-03/hs1-pr100/node-2.log,286,E20260701 02:16:40.690093   310 commitment.cpp:777] CHATAY_HS1_TRACE replica_send_vote self=2 vote_type=TYPE_PRECOMMIT_VOTE source_type=TYPE_PRECOMMIT target_primary=3 view=1 data_size=731
hs1-pr100,repeat-03,2,hs1_consensus_commit,20260701 02:16:40.744237,hs1-pr100/repeat-03/hs1-pr100/node-2.log,287,E20260701 02:16:40.744237   310 consensus.cpp:109] CHATAY_HS1_TRACE consensus_commit self=2 request_type=TYPE_NONE sender=0 proxy=0 data_size=441
hs1-pr100,repeat-03,2,hs1_commit_vote,20260701 02:16:40.744537,hs1-pr100/repeat-03/hs1-pr100/node-2.log,290,E20260701 02:16:40.744537   310 commitment.cpp:777] CHATAY_HS1_TRACE replica_send_vote self=2 vote_type=TYPE_COMMIT_VOTE source_type=TYPE_COMMIT target_primary=4 view=1 data_size=731
hs1-pr100,repeat-03,2,hs1_consensus_commit,20260701 02:16:40.801167,hs1-pr100/repeat-03/hs1-pr100/node-2.log,291,E20260701 02:16:40.801167   312 consensus.cpp:109] CHATAY_HS1_TRACE consensus_commit self=2 request_type=TYPE_NONE sender=0 proxy=0 data_size=441
hs1-pr100,repeat-03,2,bootstrap_heartbeat_receive,1782872201359,hs1-pr100/repeat-03/hs1-pr100/node-2.log,296,E20260701 02:16:41.359853   325 consensus_manager.cpp:264] CHATAY_HS1_COLD_START heartbeat_receive_enter ts_ms=1782872201359 self=2
hs1-pr100,repeat-03,2,bootstrap_heartbeat_receive,1782872201369,hs1-pr100/repeat-03/hs1-pr100/node-2.log,298,E20260701 02:16:41.369508   322 consensus_manager.cpp:264] CHATAY_HS1_COLD_START heartbeat_receive_enter ts_ms=1782872201369 self=2
hs1-pr100,repeat-03,2,hs1_consensus_commit,20260701 02:16:41.637653,hs1-pr100/repeat-03/hs1-pr100/node-2.log,300,E20260701 02:16:41.637653   312 consensus.cpp:109] CHATAY_HS1_TRACE consensus_commit self=2 request_type=TYPE_NONE sender=0 proxy=0 data_size=618
hs1-pr100,repeat-03,2,hs1_prepare_vote,20260701 02:16:41.637748,hs1-pr100/repeat-03/hs1-pr100/node-2.log,304,E20260701 02:16:41.637748   312 commitment.cpp:777] CHATAY_HS1_TRACE replica_send_vote self=2 vote_type=TYPE_PREPARE_VOTE source_type=TYPE_PREPARE target_primary=2 view=5 data_size=690
hs1-pr100,repeat-03,2,hs1_consensus_commit,20260701 02:16:41.638444,hs1-pr100/repeat-03/hs1-pr100/node-2.log,305,E20260701 02:16:41.638444   312 consensus.cpp:109] CHATAY_HS1_TRACE consensus_commit self=2 request_type=TYPE_NONE sender=0 proxy=0 data_size=690
hs1-pr100,repeat-03,2,hs1_consensus_commit,20260701 02:16:41.638454,hs1-pr100/repeat-03/hs1-pr100/node-2.log,306,E20260701 02:16:41.638454   318 consensus.cpp:109] CHATAY_HS1_TRACE consensus_commit self=2 request_type=TYPE_NONE sender=0 proxy=0 data_size=690
hs1-pr100,repeat-03,2,hs1_consensus_commit,20260701 02:16:41.686717,hs1-pr100/repeat-03/hs1-pr100/node-2.log,313,E20260701 02:16:41.686717   313 consensus.cpp:109] CHATAY_HS1_TRACE consensus_commit self=2 request_type=TYPE_NONE sender=0 proxy=0 data_size=690
hs1-pr100,repeat-03,2,hs1_consensus_commit,20260701 02:16:41.688244,hs1-pr100/repeat-03/hs1-pr100/node-2.log,319,E20260701 02:16:41.688244   313 consensus.cpp:109] CHATAY_HS1_TRACE consensus_commit self=2 request_type=TYPE_NONE sender=0 proxy=0 data_size=690
hs1-pr100,repeat-03,2,hs1_consensus_commit,20260701 02:16:41.695410,hs1-pr100/repeat-03/hs1-pr100/node-2.log,323,E20260701 02:16:41.695410   311 consensus.cpp:109] CHATAY_HS1_TRACE consensus_commit self=2 request_type=TYPE_NONE sender=0 proxy=0 data_size=400
hs1-pr100,repeat-03,2,hs1_precommit_vote,20260701 02:16:41.695676,hs1-pr100/repeat-03/hs1-pr100/node-2.log,326,E20260701 02:16:41.695676   311 commitment.cpp:777] CHATAY_HS1_TRACE replica_send_vote self=2 vote_type=TYPE_PRECOMMIT_VOTE source_type=TYPE_PRECOMMIT target_primary=3 view=5 data_size=649
hs1-pr100,repeat-03,2,hs1_consensus_commit,20260701 02:16:41.749260,hs1-pr100/repeat-03/hs1-pr100/node-2.log,327,E20260701 02:16:41.749260   315 consensus.cpp:109] CHATAY_HS1_TRACE consensus_commit self=2 request_type=TYPE_NONE sender=0 proxy=0 data_size=400
hs1-pr100,repeat-03,2,hs1_commit_vote,20260701 02:16:41.749584,hs1-pr100/repeat-03/hs1-pr100/node-2.log,330,E20260701 02:16:41.749584   315 commitment.cpp:777] CHATAY_HS1_TRACE replica_send_vote self=2 vote_type=TYPE_COMMIT_VOTE source_type=TYPE_COMMIT target_primary=4 view=5 data_size=649
hs1-pr100,repeat-03,2,hs1_consensus_commit,20260701 02:16:41.807242,hs1-pr100/repeat-03/hs1-pr100/node-2.log,331,E20260701 02:16:41.807242   320 consensus.cpp:109] CHATAY_HS1_TRACE consensus_commit self=2 request_type=TYPE_NONE sender=0 proxy=0 data_size=400
hs1-pr100,repeat-03,3,config_load,1782872185888,hs1-pr100/repeat-03/hs1-pr100/node-3.log,4,E20260701 02:16:25.888547   106 resdb_config_utils.cpp:198] CHATAY_HS1_COLD_START generate_resdb_config_start ts_ms=1782872185888 config_file=/work/config/server/server.config private_key_file=/work/cert/node3.key.pri cert_file=/work/cert/cert_3.cert
hs1-pr100,repeat-03,3,config_load,1782872185888,hs1-pr100/repeat-03/hs1-pr100/node-3.log,5,E20260701 02:16:25.888553   106 resdb_config_utils.cpp:133] CHATAY_HS1_COLD_START read_config_start ts_ms=1782872185888 file=/work/config/server/server.config
hs1-pr100,repeat-03,3,config_load,1782872185889,hs1-pr100/repeat-03/hs1-pr100/node-3.log,6,E20260701 02:16:25.889050   106 resdb_config_utils.cpp:154] CHATAY_HS1_COLD_START read_config_finish ts_ms=1782872185889 duration_ms=1 file=/work/config/server/server.config bytes=292 regions=1
hs1-pr100,repeat-03,3,key_cert_load,1782872185889,hs1-pr100/repeat-03/hs1-pr100/node-3.log,7,E20260701 02:16:25.889060   106 resdb_config_utils.cpp:49] CHATAY_HS1_COLD_START read_private_key_start ts_ms=1782872185889 file=/work/cert/node3.key.pri
hs1-pr100,repeat-03,3,key_cert_load,1782872185889,hs1-pr100/repeat-03/hs1-pr100/node-3.log,8,E20260701 02:16:25.889070   106 resdb_config_utils.cpp:71] CHATAY_HS1_COLD_START read_private_key_finish ts_ms=1782872185889 duration_ms=0 file=/work/cert/node3.key.pri bytes=36 hash_type=2
hs1-pr100,repeat-03,3,key_cert_load,1782872185889,hs1-pr100/repeat-03/hs1-pr100/node-3.log,9,E20260701 02:16:25.889073   106 resdb_config_utils.cpp:82] CHATAY_HS1_COLD_START read_cert_start ts_ms=1782872185889 file=/work/cert/cert_3.cert
hs1-pr100,repeat-03,3,key_cert_load,1782872185889,hs1-pr100/repeat-03/hs1-pr100/node-3.log,10,E20260701 02:16:25.889082   106 resdb_config_utils.cpp:104] CHATAY_HS1_COLD_START read_cert_finish ts_ms=1782872185889 duration_ms=0 file=/work/cert/cert_3.cert bytes=167 node_id=3 type=0
hs1-pr100,repeat-03,3,key_cert_load,1782872185889,hs1-pr100/repeat-03/hs1-pr100/node-3.log,11,E20260701 02:16:25.889084   106 resdb_config_utils.cpp:207] CHATAY_HS1_COLD_START key_cert_loaded ts_ms=1782872185889 node_id=3 public_key_hash_type=2 private_key_hash_type=2
hs1-pr100,repeat-03,3,config_load,1782872185889,hs1-pr100/repeat-03/hs1-pr100/node-3.log,12,E20260701 02:16:25.889087   106 resdb_config_utils.cpp:231] CHATAY_HS1_COLD_START generate_resdb_config_finish ts_ms=1782872185889 duration_ms=1 self=3 custom_gen=0
hs1-pr100,repeat-03,3,network_start,1782872185894,hs1-pr100/repeat-03/hs1-pr100/node-3.log,47,E20260701 02:16:25.894685   106 service_network.cpp:50] CHATAY_HS1_COLD_START service_network_ctor_start ts_ms=1782872185894 self=3 port=25133
hs1-pr100,repeat-03,3,bootstrap_heartbeat_send,1782872185895,hs1-pr100/repeat-03/hs1-pr100/node-3.log,66,E20260701 02:16:25.895112   137 consensus_manager.cpp:147] CHATAY_HS1_COLD_START heartbeat_send_start ts_ms=1782872185895 self=3 known_public_keys=1 all_replicas=4 current_ready=0
hs1-pr100,repeat-03,3,bootstrap_heartbeat_send,1782872186905,hs1-pr100/repeat-03/hs1-pr100/node-3.log,77,E20260701 02:16:26.905714   137 consensus_manager.cpp:147] CHATAY_HS1_COLD_START heartbeat_send_start ts_ms=1782872186905 self=3 known_public_keys=1 all_replicas=4 current_ready=0
hs1-pr100,repeat-03,3,bootstrap_heartbeat_send,1782872187916,hs1-pr100/repeat-03/hs1-pr100/node-3.log,82,E20260701 02:16:27.916361   137 consensus_manager.cpp:147] CHATAY_HS1_COLD_START heartbeat_send_start ts_ms=1782872187916 self=3 known_public_keys=1 all_replicas=4 current_ready=0
hs1-pr100,repeat-03,3,network_start,1782872196896,hs1-pr100/repeat-03/hs1-pr100/node-3.log,106,E20260701 02:16:36.896611   106 service_network.cpp:143] CHATAY_HS1_COLD_START service_network_service_started ts_ms=1782872196896 self=3
hs1-pr100,repeat-03,3,network_start,1782872196896,hs1-pr100/repeat-03/hs1-pr100/node-3.log,108,E20260701 02:16:36.896673   106 service_network.cpp:151] CHATAY_HS1_COLD_START service_network_acceptor_run_enter ts_ms=1782872196896 self=3
hs1-pr100,repeat-03,3,bootstrap_heartbeat_receive,1782872196898,hs1-pr100/repeat-03/hs1-pr100/node-3.log,112,E20260701 02:16:36.898141   367 consensus_manager.cpp:264] CHATAY_HS1_COLD_START heartbeat_receive_enter ts_ms=1782872196898 self=3
hs1-pr100,repeat-03,3,bootstrap_heartbeat_receive,1782872196898,hs1-pr100/repeat-03/hs1-pr100/node-3.log,113,E20260701 02:16:36.898202   350 consensus_manager.cpp:264] CHATAY_HS1_COLD_START heartbeat_receive_enter ts_ms=1782872196898 self=3
hs1-pr100,repeat-03,3,bootstrap_heartbeat_receive,1782872196898,hs1-pr100/repeat-03/hs1-pr100/node-3.log,114,E20260701 02:16:36.898281   354 consensus_manager.cpp:264] CHATAY_HS1_COLD_START heartbeat_receive_enter ts_ms=1782872196898 self=3
hs1-pr100,repeat-03,3,bootstrap_heartbeat_receive,1782872196898,hs1-pr100/repeat-03/hs1-pr100/node-3.log,115,E20260701 02:16:36.898310   351 consensus_manager.cpp:264] CHATAY_HS1_COLD_START heartbeat_receive_enter ts_ms=1782872196898 self=3
hs1-pr100,repeat-03,3,bootstrap_heartbeat_receive,1782872196898,hs1-pr100/repeat-03/hs1-pr100/node-3.log,116,E20260701 02:16:36.898347   353 consensus_manager.cpp:264] CHATAY_HS1_COLD_START heartbeat_receive_enter ts_ms=1782872196898 self=3
hs1-pr100,repeat-03,3,bootstrap_heartbeat_receive,1782872196898,hs1-pr100/repeat-03/hs1-pr100/node-3.log,117,E20260701 02:16:36.898448   355 consensus_manager.cpp:264] CHATAY_HS1_COLD_START heartbeat_receive_enter ts_ms=1782872196898 self=3
hs1-pr100,repeat-03,3,bootstrap_heartbeat_receive,1782872196898,hs1-pr100/repeat-03/hs1-pr100/node-3.log,118,E20260701 02:16:36.898494   356 consensus_manager.cpp:264] CHATAY_HS1_COLD_START heartbeat_receive_enter ts_ms=1782872196898 self=3
hs1-pr100,repeat-03,3,bootstrap_heartbeat_receive,1782872196898,hs1-pr100/repeat-03/hs1-pr100/node-3.log,119,E20260701 02:16:36.898515   357 consensus_manager.cpp:264] CHATAY_HS1_COLD_START heartbeat_receive_enter ts_ms=1782872196898 self=3
hs1-pr100,repeat-03,3,bootstrap_heartbeat_receive,1782872196898,hs1-pr100/repeat-03/hs1-pr100/node-3.log,120,E20260701 02:16:36.898551   358 consensus_manager.cpp:264] CHATAY_HS1_COLD_START heartbeat_receive_enter ts_ms=1782872196898 self=3
hs1-pr100,repeat-03,3,bootstrap_heartbeat_receive,1782872196898,hs1-pr100/repeat-03/hs1-pr100/node-3.log,121,E20260701 02:16:36.898659   359 consensus_manager.cpp:264] CHATAY_HS1_COLD_START heartbeat_receive_enter ts_ms=1782872196898 self=3
hs1-pr100,repeat-03,3,bootstrap_heartbeat_receive,1782872196898,hs1-pr100/repeat-03/hs1-pr100/node-3.log,122,E20260701 02:16:36.898710   361 consensus_manager.cpp:264] CHATAY_HS1_COLD_START heartbeat_receive_enter ts_ms=1782872196898 self=3
hs1-pr100,repeat-03,3,bootstrap_heartbeat_receive,1782872197181,hs1-pr100/repeat-03/hs1-pr100/node-3.log,124,E20260701 02:16:37.181104   365 consensus_manager.cpp:264] CHATAY_HS1_COLD_START heartbeat_receive_enter ts_ms=1782872197181 self=3
hs1-pr100,repeat-03,3,bootstrap_heartbeat_receive,1782872197181,hs1-pr100/repeat-03/hs1-pr100/node-3.log,125,E20260701 02:16:37.181110   363 consensus_manager.cpp:264] CHATAY_HS1_COLD_START heartbeat_receive_enter ts_ms=1782872197181 self=3
hs1-pr100,repeat-03,3,bootstrap_heartbeat_receive,1782872197181,hs1-pr100/repeat-03/hs1-pr100/node-3.log,126,E20260701 02:16:37.181110   360 consensus_manager.cpp:264] CHATAY_HS1_COLD_START heartbeat_receive_enter ts_ms=1782872197181 self=3
hs1-pr100,repeat-03,3,bootstrap_heartbeat_send,1782872197181,hs1-pr100/repeat-03/hs1-pr100/node-3.log,128,E20260701 02:16:37.181811   367 consensus_manager.cpp:147] CHATAY_HS1_COLD_START heartbeat_send_start ts_ms=1782872197181 self=3 known_public_keys=1 all_replicas=4 current_ready=0
hs1-pr100,repeat-03,3,bootstrap_heartbeat_receive,1782872197182,hs1-pr100/repeat-03/hs1-pr100/node-3.log,132,E20260701 02:16:37.182097   370 consensus_manager.cpp:264] CHATAY_HS1_COLD_START heartbeat_receive_enter ts_ms=1782872197182 self=3
hs1-pr100,repeat-03,3,bootstrap_heartbeat_receive,1782872197191,hs1-pr100/repeat-03/hs1-pr100/node-3.log,133,E20260701 02:16:37.191804   352 consensus_manager.cpp:264] CHATAY_HS1_COLD_START heartbeat_receive_enter ts_ms=1782872197191 self=3
hs1-pr100,repeat-03,3,bootstrap_heartbeat_receive,1782872200307,hs1-pr100/repeat-03/hs1-pr100/node-3.log,136,E20260701 02:16:40.307509   367 consensus_manager.cpp:264] CHATAY_HS1_COLD_START heartbeat_receive_enter ts_ms=1782872200307 self=3
hs1-pr100,repeat-03,3,bootstrap_heartbeat_send,1782872200307,hs1-pr100/repeat-03/hs1-pr100/node-3.log,137,E20260701 02:16:40.307627   350 consensus_manager.cpp:147] CHATAY_HS1_COLD_START heartbeat_send_start ts_ms=1782872200307 self=3 known_public_keys=2 all_replicas=4 current_ready=0
hs1-pr100,repeat-03,3,bootstrap_heartbeat_receive,1782872200318,hs1-pr100/repeat-03/hs1-pr100/node-3.log,142,E20260701 02:16:40.318118   350 consensus_manager.cpp:264] CHATAY_HS1_COLD_START heartbeat_receive_enter ts_ms=1782872200318 self=3
hs1-pr100,repeat-03,3,bootstrap_heartbeat_send,1782872200318,hs1-pr100/repeat-03/hs1-pr100/node-3.log,144,E20260701 02:16:40.318260   354 consensus_manager.cpp:147] CHATAY_HS1_COLD_START heartbeat_send_start ts_ms=1782872200318 self=3 known_public_keys=3 all_replicas=4 current_ready=0
hs1-pr100,repeat-03,3,bootstrap_heartbeat_receive,1782872200328,hs1-pr100/repeat-03/hs1-pr100/node-3.log,150,E20260701 02:16:40.328780   354 consensus_manager.cpp:264] CHATAY_HS1_COLD_START heartbeat_receive_enter ts_ms=1782872200328 self=3
hs1-pr100,repeat-03,3,bootstrap_heartbeat_receive,1782872200329,hs1-pr100/repeat-03/hs1-pr100/node-3.log,151,E20260701 02:16:40.329028   351 consensus_manager.cpp:264] CHATAY_HS1_COLD_START heartbeat_receive_enter ts_ms=1782872200329 self=3
hs1-pr100,repeat-03,3,bootstrap_heartbeat_receive,1782872200329,hs1-pr100/repeat-03/hs1-pr100/node-3.log,154,E20260701 02:16:40.329208   353 consensus_manager.cpp:264] CHATAY_HS1_COLD_START heartbeat_receive_enter ts_ms=1782872200329 self=3
hs1-pr100,repeat-03,3,bootstrap_heartbeat_send,1782872200329,hs1-pr100/repeat-03/hs1-pr100/node-3.log,155,E20260701 02:16:40.329283   355 consensus_manager.cpp:147] CHATAY_HS1_COLD_START heartbeat_send_start ts_ms=1782872200329 self=3 known_public_keys=4 all_replicas=4 current_ready=0
hs1-pr100,repeat-03,3,bootstrap_heartbeat_receive,1782872200339,hs1-pr100/repeat-03/hs1-pr100/node-3.log,160,E20260701 02:16:40.339793   355 consensus_manager.cpp:264] CHATAY_HS1_COLD_START heartbeat_receive_enter ts_ms=1782872200339 self=3
hs1-pr100,repeat-03,3,bootstrap_heartbeat_send,1782872200339,hs1-pr100/repeat-03/hs1-pr100/node-3.log,162,E20260701 02:16:40.339967   355 consensus_manager.cpp:147] CHATAY_HS1_COLD_START heartbeat_send_start ts_ms=1782872200339 self=3 known_public_keys=5 all_replicas=4 current_ready=0
hs1-pr100,repeat-03,3,bootstrap_heartbeat_receive,1782872200350,hs1-pr100/repeat-03/hs1-pr100/node-3.log,167,E20260701 02:16:40.350497   355 consensus_manager.cpp:264] CHATAY_HS1_COLD_START heartbeat_receive_enter ts_ms=1782872200350 self=3
hs1-pr100,repeat-03,3,bootstrap_heartbeat_receive,1782872200350,hs1-pr100/repeat-03/hs1-pr100/node-3.log,170,E20260701 02:16:40.350756   357 consensus_manager.cpp:264] CHATAY_HS1_COLD_START heartbeat_receive_enter ts_ms=1782872200350 self=3
hs1-pr100,repeat-03,3,bootstrap_heartbeat_receive,1782872200350,hs1-pr100/repeat-03/hs1-pr100/node-3.log,171,E20260701 02:16:40.350893   358 consensus_manager.cpp:264] CHATAY_HS1_COLD_START heartbeat_receive_enter ts_ms=1782872200350 self=3
hs1-pr100,repeat-03,3,readiness,1782872200351,hs1-pr100/repeat-03/hs1-pr100/node-3.log,173,E20260701 02:16:40.351142   358 consensus_manager.cpp:343] CHATAY_HS1_COLD_START readiness_reached ts_ms=1782872200351 self=3 replica_num=3 quorum=3 sender=4
hs1-pr100,repeat-03,3,readiness,20260701 02:16:40.351148,hs1-pr100/repeat-03/hs1-pr100/node-3.log,174,E20260701 02:16:40.351148   358 consensus_manager.cpp:349] ============ Server 3 is ready =====================
hs1-pr100,repeat-03,3,bootstrap_heartbeat_receive,1782872200351,hs1-pr100/repeat-03/hs1-pr100/node-3.log,175,E20260701 02:16:40.351186   358 consensus_manager.cpp:264] CHATAY_HS1_COLD_START heartbeat_receive_enter ts_ms=1782872200351 self=3
hs1-pr100,repeat-03,3,bootstrap_heartbeat_receive,1782872200351,hs1-pr100/repeat-03/hs1-pr100/node-3.log,177,E20260701 02:16:40.351624   358 consensus_manager.cpp:264] CHATAY_HS1_COLD_START heartbeat_receive_enter ts_ms=1782872200351 self=3
hs1-pr100,repeat-03,3,bootstrap_heartbeat_receive,1782872200351,hs1-pr100/repeat-03/hs1-pr100/node-3.log,179,E20260701 02:16:40.351979   358 consensus_manager.cpp:264] CHATAY_HS1_COLD_START heartbeat_receive_enter ts_ms=1782872200351 self=3
hs1-pr100,repeat-03,3,bootstrap_heartbeat_receive,1782872200352,hs1-pr100/repeat-03/hs1-pr100/node-3.log,181,E20260701 02:16:40.352403   358 consensus_manager.cpp:264] CHATAY_HS1_COLD_START heartbeat_receive_enter ts_ms=1782872200352 self=3
hs1-pr100,repeat-03,3,bootstrap_heartbeat_receive,1782872200352,hs1-pr100/repeat-03/hs1-pr100/node-3.log,183,E20260701 02:16:40.352815   358 consensus_manager.cpp:264] CHATAY_HS1_COLD_START heartbeat_receive_enter ts_ms=1782872200352 self=3
hs1-pr100,repeat-03,3,bootstrap_heartbeat_receive,1782872200353,hs1-pr100/repeat-03/hs1-pr100/node-3.log,185,E20260701 02:16:40.353235   358 consensus_manager.cpp:264] CHATAY_HS1_COLD_START heartbeat_receive_enter ts_ms=1782872200353 self=3
hs1-pr100,repeat-03,3,bootstrap_heartbeat_receive,1782872200353,hs1-pr100/repeat-03/hs1-pr100/node-3.log,187,E20260701 02:16:40.353646   358 consensus_manager.cpp:264] CHATAY_HS1_COLD_START heartbeat_receive_enter ts_ms=1782872200353 self=3
hs1-pr100,repeat-03,3,bootstrap_heartbeat_receive,1782872200353,hs1-pr100/repeat-03/hs1-pr100/node-3.log,189,E20260701 02:16:40.353919   358 consensus_manager.cpp:264] CHATAY_HS1_COLD_START heartbeat_receive_enter ts_ms=1782872200353 self=3
hs1-pr100,repeat-03,3,bootstrap_heartbeat_receive,1782872200354,hs1-pr100/repeat-03/hs1-pr100/node-3.log,191,E20260701 02:16:40.354369   358 consensus_manager.cpp:264] CHATAY_HS1_COLD_START heartbeat_receive_enter ts_ms=1782872200354 self=3
hs1-pr100,repeat-03,3,bootstrap_heartbeat_receive,1782872200354,hs1-pr100/repeat-03/hs1-pr100/node-3.log,193,E20260701 02:16:40.354794   358 consensus_manager.cpp:264] CHATAY_HS1_COLD_START heartbeat_receive_enter ts_ms=1782872200354 self=3
hs1-pr100,repeat-03,3,bootstrap_heartbeat_receive,1782872200355,hs1-pr100/repeat-03/hs1-pr100/node-3.log,195,E20260701 02:16:40.355087   358 consensus_manager.cpp:264] CHATAY_HS1_COLD_START heartbeat_receive_enter ts_ms=1782872200355 self=3
hs1-pr100,repeat-03,3,bootstrap_heartbeat_receive,1782872200355,hs1-pr100/repeat-03/hs1-pr100/node-3.log,197,E20260701 02:16:40.355230   358 consensus_manager.cpp:264] CHATAY_HS1_COLD_START heartbeat_receive_enter ts_ms=1782872200355 self=3
hs1-pr100,repeat-03,3,bootstrap_heartbeat_receive,1782872200355,hs1-pr100/repeat-03/hs1-pr100/node-3.log,199,E20260701 02:16:40.355422   358 consensus_manager.cpp:264] CHATAY_HS1_COLD_START heartbeat_receive_enter ts_ms=1782872200355 self=3
hs1-pr100,repeat-03,3,bootstrap_heartbeat_receive,1782872200355,hs1-pr100/repeat-03/hs1-pr100/node-3.log,201,E20260701 02:16:40.355695   358 consensus_manager.cpp:264] CHATAY_HS1_COLD_START heartbeat_receive_enter ts_ms=1782872200355 self=3
hs1-pr100,repeat-03,3,bootstrap_heartbeat_receive,1782872200355,hs1-pr100/repeat-03/hs1-pr100/node-3.log,203,E20260701 02:16:40.355964   358 consensus_manager.cpp:264] CHATAY_HS1_COLD_START heartbeat_receive_enter ts_ms=1782872200355 self=3
hs1-pr100,repeat-03,3,bootstrap_heartbeat_receive,1782872200356,hs1-pr100/repeat-03/hs1-pr100/node-3.log,205,E20260701 02:16:40.356379   358 consensus_manager.cpp:264] CHATAY_HS1_COLD_START heartbeat_receive_enter ts_ms=1782872200356 self=3
hs1-pr100,repeat-03,3,bootstrap_heartbeat_receive,1782872200356,hs1-pr100/repeat-03/hs1-pr100/node-3.log,207,E20260701 02:16:40.356722   358 consensus_manager.cpp:264] CHATAY_HS1_COLD_START heartbeat_receive_enter ts_ms=1782872200356 self=3
hs1-pr100,repeat-03,3,bootstrap_heartbeat_receive,1782872200357,hs1-pr100/repeat-03/hs1-pr100/node-3.log,209,E20260701 02:16:40.357067   358 consensus_manager.cpp:264] CHATAY_HS1_COLD_START heartbeat_receive_enter ts_ms=1782872200357 self=3
hs1-pr100,repeat-03,3,bootstrap_heartbeat_receive,1782872200357,hs1-pr100/repeat-03/hs1-pr100/node-3.log,211,E20260701 02:16:40.357481   358 consensus_manager.cpp:264] CHATAY_HS1_COLD_START heartbeat_receive_enter ts_ms=1782872200357 self=3
hs1-pr100,repeat-03,3,bootstrap_heartbeat_receive,1782872200357,hs1-pr100/repeat-03/hs1-pr100/node-3.log,213,E20260701 02:16:40.357898   358 consensus_manager.cpp:264] CHATAY_HS1_COLD_START heartbeat_receive_enter ts_ms=1782872200357 self=3
hs1-pr100,repeat-03,3,bootstrap_heartbeat_send,1782872200358,hs1-pr100/repeat-03/hs1-pr100/node-3.log,217,E20260701 02:16:40.358683   137 consensus_manager.cpp:147] CHATAY_HS1_COLD_START heartbeat_send_start ts_ms=1782872200358 self=3 known_public_keys=5 all_replicas=4 current_ready=1
hs1-pr100,repeat-03,3,bootstrap_heartbeat_receive,1782872200358,hs1-pr100/repeat-03/hs1-pr100/node-3.log,221,E20260701 02:16:40.358741   370 consensus_manager.cpp:264] CHATAY_HS1_COLD_START heartbeat_receive_enter ts_ms=1782872200358 self=3
hs1-pr100,repeat-03,3,bootstrap_heartbeat_receive,1782872200359,hs1-pr100/repeat-03/hs1-pr100/node-3.log,224,E20260701 02:16:40.359040   352 consensus_manager.cpp:264] CHATAY_HS1_COLD_START heartbeat_receive_enter ts_ms=1782872200359 self=3
hs1-pr100,repeat-03,3,hs1_consensus_commit,20260701 02:16:40.633756,hs1-pr100/repeat-03/hs1-pr100/node-3.log,239,E20260701 02:16:40.633756   370 consensus.cpp:109] CHATAY_HS1_TRACE consensus_commit self=3 request_type=TYPE_NONE sender=0 proxy=0 data_size=228
hs1-pr100,repeat-03,3,hs1_prepare_vote,20260701 02:16:40.634359,hs1-pr100/repeat-03/hs1-pr100/node-3.log,243,E20260701 02:16:40.634359   370 commitment.cpp:777] CHATAY_HS1_TRACE replica_send_vote self=3 vote_type=TYPE_PREPARE_VOTE source_type=TYPE_PREPARE target_primary=2 view=1 data_size=298
hs1-pr100,repeat-03,3,hs1_consensus_commit,20260701 02:16:40.690948,hs1-pr100/repeat-03/hs1-pr100/node-3.log,244,E20260701 02:16:40.690948   359 consensus.cpp:109] CHATAY_HS1_TRACE consensus_commit self=3 request_type=TYPE_NONE sender=0 proxy=0 data_size=441
hs1-pr100,repeat-03,3,hs1_precommit_vote,20260701 02:16:40.691232,hs1-pr100/repeat-03/hs1-pr100/node-3.log,247,E20260701 02:16:40.691232   359 commitment.cpp:777] CHATAY_HS1_TRACE replica_send_vote self=3 vote_type=TYPE_PRECOMMIT_VOTE source_type=TYPE_PRECOMMIT target_primary=3 view=1 data_size=731
hs1-pr100,repeat-03,3,hs1_consensus_commit,20260701 02:16:40.740957,hs1-pr100/repeat-03/hs1-pr100/node-3.log,248,E20260701 02:16:40.740957   359 consensus.cpp:109] CHATAY_HS1_TRACE consensus_commit self=3 request_type=TYPE_NONE sender=0 proxy=0 data_size=731
hs1-pr100,repeat-03,3,hs1_consensus_commit,20260701 02:16:40.740957,hs1-pr100/repeat-03/hs1-pr100/node-3.log,249,E20260701 02:16:40.740957   367 consensus.cpp:109] CHATAY_HS1_TRACE consensus_commit self=3 request_type=TYPE_NONE sender=0 proxy=0 data_size=731
hs1-pr100,repeat-03,3,hs1_consensus_commit,20260701 02:16:40.743247,hs1-pr100/repeat-03/hs1-pr100/node-3.log,256,E20260701 02:16:40.743247   367 consensus.cpp:109] CHATAY_HS1_TRACE consensus_commit self=3 request_type=TYPE_NONE sender=0 proxy=0 data_size=731
hs1-pr100,repeat-03,3,hs1_consensus_commit,20260701 02:16:40.744105,hs1-pr100/repeat-03/hs1-pr100/node-3.log,262,E20260701 02:16:40.744105   370 consensus.cpp:109] CHATAY_HS1_TRACE consensus_commit self=3 request_type=TYPE_NONE sender=0 proxy=0 data_size=731
hs1-pr100,repeat-03,3,hs1_consensus_commit,20260701 02:16:40.744299,hs1-pr100/repeat-03/hs1-pr100/node-3.log,266,E20260701 02:16:40.744299   370 consensus.cpp:109] CHATAY_HS1_TRACE consensus_commit self=3 request_type=TYPE_NONE sender=0 proxy=0 data_size=441
hs1-pr100,repeat-03,3,hs1_commit_vote,20260701 02:16:40.744572,hs1-pr100/repeat-03/hs1-pr100/node-3.log,269,E20260701 02:16:40.744572   370 commitment.cpp:777] CHATAY_HS1_TRACE replica_send_vote self=3 vote_type=TYPE_COMMIT_VOTE source_type=TYPE_COMMIT target_primary=4 view=1 data_size=731
hs1-pr100,repeat-03,3,hs1_consensus_commit,20260701 02:16:40.801203,hs1-pr100/repeat-03/hs1-pr100/node-3.log,270,E20260701 02:16:40.801203   361 consensus.cpp:109] CHATAY_HS1_TRACE consensus_commit self=3 request_type=TYPE_NONE sender=0 proxy=0 data_size=441
hs1-pr100,repeat-03,3,bootstrap_heartbeat_send,1782872201359,hs1-pr100/repeat-03/hs1-pr100/node-3.log,278,E20260701 02:16:41.359119   137 consensus_manager.cpp:147] CHATAY_HS1_COLD_START heartbeat_send_start ts_ms=1782872201359 self=3 known_public_keys=5 all_replicas=4 current_ready=1
hs1-pr100,repeat-03,3,bootstrap_heartbeat_receive,1782872201359,hs1-pr100/repeat-03/hs1-pr100/node-3.log,283,E20260701 02:16:41.359798   351 consensus_manager.cpp:264] CHATAY_HS1_COLD_START heartbeat_receive_enter ts_ms=1782872201359 self=3
hs1-pr100,repeat-03,3,bootstrap_heartbeat_receive,1782872201369,hs1-pr100/repeat-03/hs1-pr100/node-3.log,285,E20260701 02:16:41.369572   370 consensus_manager.cpp:264] CHATAY_HS1_COLD_START heartbeat_receive_enter ts_ms=1782872201369 self=3
hs1-pr100,repeat-03,3,hs1_consensus_commit,20260701 02:16:41.637635,hs1-pr100/repeat-03/hs1-pr100/node-3.log,287,E20260701 02:16:41.637635   363 consensus.cpp:109] CHATAY_HS1_TRACE consensus_commit self=3 request_type=TYPE_NONE sender=0 proxy=0 data_size=618
hs1-pr100,repeat-03,3,hs1_prepare_vote,20260701 02:16:41.637737,hs1-pr100/repeat-03/hs1-pr100/node-3.log,291,E20260701 02:16:41.637737   363 commitment.cpp:777] CHATAY_HS1_TRACE replica_send_vote self=3 vote_type=TYPE_PREPARE_VOTE source_type=TYPE_PREPARE target_primary=2 view=5 data_size=690
hs1-pr100,repeat-03,3,hs1_consensus_commit,20260701 02:16:41.695415,hs1-pr100/repeat-03/hs1-pr100/node-3.log,292,E20260701 02:16:41.695415   352 consensus.cpp:109] CHATAY_HS1_TRACE consensus_commit self=3 request_type=TYPE_NONE sender=0 proxy=0 data_size=400
hs1-pr100,repeat-03,3,hs1_precommit_vote,20260701 02:16:41.695768,hs1-pr100/repeat-03/hs1-pr100/node-3.log,295,E20260701 02:16:41.695768   352 commitment.cpp:777] CHATAY_HS1_TRACE replica_send_vote self=3 vote_type=TYPE_PRECOMMIT_VOTE source_type=TYPE_PRECOMMIT target_primary=3 view=5 data_size=649
hs1-pr100,repeat-03,3,hs1_consensus_commit,20260701 02:16:41.696874,hs1-pr100/repeat-03/hs1-pr100/node-3.log,296,E20260701 02:16:41.696874   353 consensus.cpp:109] CHATAY_HS1_TRACE consensus_commit self=3 request_type=TYPE_NONE sender=0 proxy=0 data_size=649
hs1-pr100,repeat-03,3,hs1_consensus_commit,20260701 02:16:41.743291,hs1-pr100/repeat-03/hs1-pr100/node-3.log,300,E20260701 02:16:41.743291   365 consensus.cpp:109] CHATAY_HS1_TRACE consensus_commit self=3 request_type=TYPE_NONE sender=0 proxy=0 data_size=649
hs1-pr100,repeat-03,3,hs1_consensus_commit,20260701 02:16:41.743312,hs1-pr100/repeat-03/hs1-pr100/node-3.log,301,E20260701 02:16:41.743312   359 consensus.cpp:109] CHATAY_HS1_TRACE consensus_commit self=3 request_type=TYPE_NONE sender=0 proxy=0 data_size=649
hs1-pr100,repeat-03,3,hs1_consensus_commit,20260701 02:16:41.746268,hs1-pr100/repeat-03/hs1-pr100/node-3.log,310,E20260701 02:16:41.746268   357 consensus.cpp:109] CHATAY_HS1_TRACE consensus_commit self=3 request_type=TYPE_NONE sender=0 proxy=0 data_size=649
hs1-pr100,repeat-03,3,hs1_consensus_commit,20260701 02:16:41.749240,hs1-pr100/repeat-03/hs1-pr100/node-3.log,314,E20260701 02:16:41.749240   354 consensus.cpp:109] CHATAY_HS1_TRACE consensus_commit self=3 request_type=TYPE_NONE sender=0 proxy=0 data_size=400
hs1-pr100,repeat-03,3,hs1_commit_vote,20260701 02:16:41.749583,hs1-pr100/repeat-03/hs1-pr100/node-3.log,317,E20260701 02:16:41.749583   354 commitment.cpp:777] CHATAY_HS1_TRACE replica_send_vote self=3 vote_type=TYPE_COMMIT_VOTE source_type=TYPE_COMMIT target_primary=4 view=5 data_size=649
hs1-pr100,repeat-03,3,hs1_consensus_commit,20260701 02:16:41.807200,hs1-pr100/repeat-03/hs1-pr100/node-3.log,318,E20260701 02:16:41.807200   360 consensus.cpp:109] CHATAY_HS1_TRACE consensus_commit self=3 request_type=TYPE_NONE sender=0 proxy=0 data_size=400
hs1-pr100,repeat-03,4,config_load,1782872186395,hs1-pr100/repeat-03/hs1-pr100/node-4.log,4,E20260701 02:16:26.395180   140 resdb_config_utils.cpp:198] CHATAY_HS1_COLD_START generate_resdb_config_start ts_ms=1782872186395 config_file=/work/config/server/server.config private_key_file=/work/cert/node4.key.pri cert_file=/work/cert/cert_4.cert
hs1-pr100,repeat-03,4,config_load,1782872186395,hs1-pr100/repeat-03/hs1-pr100/node-4.log,5,E20260701 02:16:26.395183   140 resdb_config_utils.cpp:133] CHATAY_HS1_COLD_START read_config_start ts_ms=1782872186395 file=/work/config/server/server.config
hs1-pr100,repeat-03,4,config_load,1782872186395,hs1-pr100/repeat-03/hs1-pr100/node-4.log,6,E20260701 02:16:26.395797   140 resdb_config_utils.cpp:154] CHATAY_HS1_COLD_START read_config_finish ts_ms=1782872186395 duration_ms=0 file=/work/config/server/server.config bytes=292 regions=1
hs1-pr100,repeat-03,4,key_cert_load,1782872186395,hs1-pr100/repeat-03/hs1-pr100/node-4.log,7,E20260701 02:16:26.395816   140 resdb_config_utils.cpp:49] CHATAY_HS1_COLD_START read_private_key_start ts_ms=1782872186395 file=/work/cert/node4.key.pri
hs1-pr100,repeat-03,4,key_cert_load,1782872186395,hs1-pr100/repeat-03/hs1-pr100/node-4.log,8,E20260701 02:16:26.395828   140 resdb_config_utils.cpp:71] CHATAY_HS1_COLD_START read_private_key_finish ts_ms=1782872186395 duration_ms=0 file=/work/cert/node4.key.pri bytes=36 hash_type=2
hs1-pr100,repeat-03,4,key_cert_load,1782872186395,hs1-pr100/repeat-03/hs1-pr100/node-4.log,9,E20260701 02:16:26.395831   140 resdb_config_utils.cpp:82] CHATAY_HS1_COLD_START read_cert_start ts_ms=1782872186395 file=/work/cert/cert_4.cert
hs1-pr100,repeat-03,4,key_cert_load,1782872186395,hs1-pr100/repeat-03/hs1-pr100/node-4.log,10,E20260701 02:16:26.395839   140 resdb_config_utils.cpp:104] CHATAY_HS1_COLD_START read_cert_finish ts_ms=1782872186395 duration_ms=0 file=/work/cert/cert_4.cert bytes=167 node_id=4 type=0
hs1-pr100,repeat-03,4,key_cert_load,1782872186395,hs1-pr100/repeat-03/hs1-pr100/node-4.log,11,E20260701 02:16:26.395843   140 resdb_config_utils.cpp:207] CHATAY_HS1_COLD_START key_cert_loaded ts_ms=1782872186395 node_id=4 public_key_hash_type=2 private_key_hash_type=2
hs1-pr100,repeat-03,4,config_load,1782872186395,hs1-pr100/repeat-03/hs1-pr100/node-4.log,12,E20260701 02:16:26.395846   140 resdb_config_utils.cpp:231] CHATAY_HS1_COLD_START generate_resdb_config_finish ts_ms=1782872186395 duration_ms=0 self=4 custom_gen=0
hs1-pr100,repeat-03,4,network_start,1782872186402,hs1-pr100/repeat-03/hs1-pr100/node-4.log,47,E20260701 02:16:26.402340   140 service_network.cpp:50] CHATAY_HS1_COLD_START service_network_ctor_start ts_ms=1782872186402 self=4 port=25134
hs1-pr100,repeat-03,4,bootstrap_heartbeat_send,1782872186403,hs1-pr100/repeat-03/hs1-pr100/node-4.log,66,E20260701 02:16:26.403088   171 consensus_manager.cpp:147] CHATAY_HS1_COLD_START heartbeat_send_start ts_ms=1782872186403 self=4 known_public_keys=1 all_replicas=4 current_ready=0
hs1-pr100,repeat-03,4,bootstrap_heartbeat_send,1782872187413,hs1-pr100/repeat-03/hs1-pr100/node-4.log,71,E20260701 02:16:27.413551   171 consensus_manager.cpp:147] CHATAY_HS1_COLD_START heartbeat_send_start ts_ms=1782872187413 self=4 known_public_keys=1 all_replicas=4 current_ready=0
hs1-pr100,repeat-03,4,bootstrap_heartbeat_send,1782872188424,hs1-pr100/repeat-03/hs1-pr100/node-4.log,76,E20260701 02:16:28.424154   171 consensus_manager.cpp:147] CHATAY_HS1_COLD_START heartbeat_send_start ts_ms=1782872188424 self=4 known_public_keys=1 all_replicas=4 current_ready=0
hs1-pr100,repeat-03,4,network_start,1782872198403,hs1-pr100/repeat-03/hs1-pr100/node-4.log,100,E20260701 02:16:38.403992   140 service_network.cpp:143] CHATAY_HS1_COLD_START service_network_service_started ts_ms=1782872198403 self=4
hs1-pr100,repeat-03,4,network_start,1782872198404,hs1-pr100/repeat-03/hs1-pr100/node-4.log,102,E20260701 02:16:38.404063   140 service_network.cpp:151] CHATAY_HS1_COLD_START service_network_acceptor_run_enter ts_ms=1782872198404 self=4
hs1-pr100,repeat-03,4,bootstrap_heartbeat_receive,1782872198406,hs1-pr100/repeat-03/hs1-pr100/node-4.log,106,E20260701 02:16:38.406029   398 consensus_manager.cpp:264] CHATAY_HS1_COLD_START heartbeat_receive_enter ts_ms=1782872198406 self=4
hs1-pr100,repeat-03,4,bootstrap_heartbeat_receive,1782872198406,hs1-pr100/repeat-03/hs1-pr100/node-4.log,107,E20260701 02:16:38.406040   397 consensus_manager.cpp:264] CHATAY_HS1_COLD_START heartbeat_receive_enter ts_ms=1782872198406 self=4
hs1-pr100,repeat-03,4,bootstrap_heartbeat_receive,1782872198406,hs1-pr100/repeat-03/hs1-pr100/node-4.log,108,E20260701 02:16:38.406054   386 consensus_manager.cpp:264] CHATAY_HS1_COLD_START heartbeat_receive_enter ts_ms=1782872198406 self=4
hs1-pr100,repeat-03,4,bootstrap_heartbeat_receive,1782872198406,hs1-pr100/repeat-03/hs1-pr100/node-4.log,109,E20260701 02:16:38.406069   387 consensus_manager.cpp:264] CHATAY_HS1_COLD_START heartbeat_receive_enter ts_ms=1782872198406 self=4
hs1-pr100,repeat-03,4,bootstrap_heartbeat_receive,1782872198406,hs1-pr100/repeat-03/hs1-pr100/node-4.log,110,E20260701 02:16:38.406085   393 consensus_manager.cpp:264] CHATAY_HS1_COLD_START heartbeat_receive_enter ts_ms=1782872198406 self=4
hs1-pr100,repeat-03,4,bootstrap_heartbeat_receive,1782872198406,hs1-pr100/repeat-03/hs1-pr100/node-4.log,111,E20260701 02:16:38.406090   388 consensus_manager.cpp:264] CHATAY_HS1_COLD_START heartbeat_receive_enter ts_ms=1782872198406 self=4
hs1-pr100,repeat-03,4,bootstrap_heartbeat_receive,1782872198406,hs1-pr100/repeat-03/hs1-pr100/node-4.log,112,E20260701 02:16:38.406054   385 consensus_manager.cpp:264] CHATAY_HS1_COLD_START heartbeat_receive_enter ts_ms=1782872198406 self=4
hs1-pr100,repeat-03,4,bootstrap_heartbeat_receive,1782872198406,hs1-pr100/repeat-03/hs1-pr100/node-4.log,113,E20260701 02:16:38.406040   383 consensus_manager.cpp:264] CHATAY_HS1_COLD_START heartbeat_receive_enter ts_ms=1782872198406 self=4
hs1-pr100,repeat-03,4,bootstrap_heartbeat_receive,1782872198406,hs1-pr100/repeat-03/hs1-pr100/node-4.log,114,E20260701 02:16:38.406126   391 consensus_manager.cpp:264] CHATAY_HS1_COLD_START heartbeat_receive_enter ts_ms=1782872198406 self=4
hs1-pr100,repeat-03,4,bootstrap_heartbeat_receive,1782872198406,hs1-pr100/repeat-03/hs1-pr100/node-4.log,115,E20260701 02:16:38.406045   384 consensus_manager.cpp:264] CHATAY_HS1_COLD_START heartbeat_receive_enter ts_ms=1782872198406 self=4
hs1-pr100,repeat-03,4,bootstrap_heartbeat_receive,1782872198406,hs1-pr100/repeat-03/hs1-pr100/node-4.log,116,E20260701 02:16:38.406086   389 consensus_manager.cpp:264] CHATAY_HS1_COLD_START heartbeat_receive_enter ts_ms=1782872198406 self=4
hs1-pr100,repeat-03,4,bootstrap_heartbeat_receive,1782872198701,hs1-pr100/repeat-03/hs1-pr100/node-4.log,117,E20260701 02:16:38.701143   396 consensus_manager.cpp:264] CHATAY_HS1_COLD_START heartbeat_receive_enter ts_ms=1782872198701 self=4
hs1-pr100,repeat-03,4,bootstrap_heartbeat_receive,1782872198781,hs1-pr100/repeat-03/hs1-pr100/node-4.log,118,E20260701 02:16:38.781167   394 consensus_manager.cpp:264] CHATAY_HS1_COLD_START heartbeat_receive_enter ts_ms=1782872198781 self=4
hs1-pr100,repeat-03,4,bootstrap_heartbeat_receive,1782872198790,hs1-pr100/repeat-03/hs1-pr100/node-4.log,119,E20260701 02:16:38.790369   390 consensus_manager.cpp:264] CHATAY_HS1_COLD_START heartbeat_receive_enter ts_ms=1782872198790 self=4
hs1-pr100,repeat-03,4,bootstrap_heartbeat_receive,1782872198791,hs1-pr100/repeat-03/hs1-pr100/node-4.log,121,E20260701 02:16:38.791067   395 consensus_manager.cpp:264] CHATAY_HS1_COLD_START heartbeat_receive_enter ts_ms=1782872198791 self=4
hs1-pr100,repeat-03,4,bootstrap_heartbeat_send,1782872198800,hs1-pr100/repeat-03/hs1-pr100/node-4.log,123,E20260701 02:16:38.800293   398 consensus_manager.cpp:147] CHATAY_HS1_COLD_START heartbeat_send_start ts_ms=1782872198800 self=4 known_public_keys=2 all_replicas=4 current_ready=0
hs1-pr100,repeat-03,4,bootstrap_heartbeat_receive,1782872198800,hs1-pr100/repeat-03/hs1-pr100/node-4.log,128,E20260701 02:16:38.800640   392 consensus_manager.cpp:264] CHATAY_HS1_COLD_START heartbeat_receive_enter ts_ms=1782872198800 self=4
hs1-pr100,repeat-03,4,bootstrap_heartbeat_receive,1782872198810,hs1-pr100/repeat-03/hs1-pr100/node-4.log,130,E20260701 02:16:38.810664   398 consensus_manager.cpp:264] CHATAY_HS1_COLD_START heartbeat_receive_enter ts_ms=1782872198810 self=4
hs1-pr100,repeat-03,4,bootstrap_heartbeat_send,1782872198810,hs1-pr100/repeat-03/hs1-pr100/node-4.log,132,E20260701 02:16:38.810950   397 consensus_manager.cpp:147] CHATAY_HS1_COLD_START heartbeat_send_start ts_ms=1782872198810 self=4 known_public_keys=2 all_replicas=4 current_ready=0
hs1-pr100,repeat-03,4,bootstrap_heartbeat_receive,1782872198811,hs1-pr100/repeat-03/hs1-pr100/node-4.log,136,E20260701 02:16:38.811146   386 consensus_manager.cpp:264] CHATAY_HS1_COLD_START heartbeat_receive_enter ts_ms=1782872198811 self=4
hs1-pr100,repeat-03,4,bootstrap_heartbeat_receive,1782872198821,hs1-pr100/repeat-03/hs1-pr100/node-4.log,139,E20260701 02:16:38.821239   397 consensus_manager.cpp:264] CHATAY_HS1_COLD_START heartbeat_receive_enter ts_ms=1782872198821 self=4
hs1-pr100,repeat-03,4,bootstrap_heartbeat_send,1782872198821,hs1-pr100/repeat-03/hs1-pr100/node-4.log,140,E20260701 02:16:38.821376   387 consensus_manager.cpp:147] CHATAY_HS1_COLD_START heartbeat_send_start ts_ms=1782872198821 self=4 known_public_keys=3 all_replicas=4 current_ready=0
hs1-pr100,repeat-03,4,bootstrap_heartbeat_receive,1782872198831,hs1-pr100/repeat-03/hs1-pr100/node-4.log,146,E20260701 02:16:38.831714   387 consensus_manager.cpp:264] CHATAY_HS1_COLD_START heartbeat_receive_enter ts_ms=1782872198831 self=4
hs1-pr100,repeat-03,4,bootstrap_heartbeat_send,1782872198831,hs1-pr100/repeat-03/hs1-pr100/node-4.log,147,E20260701 02:16:38.831880   393 consensus_manager.cpp:147] CHATAY_HS1_COLD_START heartbeat_send_start ts_ms=1782872198831 self=4 known_public_keys=4 all_replicas=4 current_ready=0
hs1-pr100,repeat-03,4,bootstrap_heartbeat_receive,1782872198842,hs1-pr100/repeat-03/hs1-pr100/node-4.log,153,E20260701 02:16:38.842260   393 consensus_manager.cpp:264] CHATAY_HS1_COLD_START heartbeat_receive_enter ts_ms=1782872198842 self=4
hs1-pr100,repeat-03,4,bootstrap_heartbeat_send,1782872198842,hs1-pr100/repeat-03/hs1-pr100/node-4.log,154,E20260701 02:16:38.842423   388 consensus_manager.cpp:147] CHATAY_HS1_COLD_START heartbeat_send_start ts_ms=1782872198842 self=4 known_public_keys=5 all_replicas=4 current_ready=0
hs1-pr100,repeat-03,4,bootstrap_heartbeat_receive,1782872198852,hs1-pr100/repeat-03/hs1-pr100/node-4.log,160,E20260701 02:16:38.852870   388 consensus_manager.cpp:264] CHATAY_HS1_COLD_START heartbeat_receive_enter ts_ms=1782872198852 self=4
hs1-pr100,repeat-03,4,bootstrap_heartbeat_receive,1782872198853,hs1-pr100/repeat-03/hs1-pr100/node-4.log,162,E20260701 02:16:38.853044   385 consensus_manager.cpp:264] CHATAY_HS1_COLD_START heartbeat_receive_enter ts_ms=1782872198853 self=4
hs1-pr100,repeat-03,4,bootstrap_heartbeat_receive,1782872198853,hs1-pr100/repeat-03/hs1-pr100/node-4.log,163,E20260701 02:16:38.853164   383 consensus_manager.cpp:264] CHATAY_HS1_COLD_START heartbeat_receive_enter ts_ms=1782872198853 self=4
hs1-pr100,repeat-03,4,readiness,1782872198854,hs1-pr100/repeat-03/hs1-pr100/node-4.log,174,E20260701 02:16:38.854586   386 consensus_manager.cpp:343] CHATAY_HS1_COLD_START readiness_reached ts_ms=1782872198854 self=4 replica_num=3 quorum=3 sender=2
hs1-pr100,repeat-03,4,readiness,20260701 02:16:38.854592,hs1-pr100/repeat-03/hs1-pr100/node-4.log,175,E20260701 02:16:38.854592   386 consensus_manager.cpp:349] ============ Server 4 is ready =====================
hs1-pr100,repeat-03,4,bootstrap_heartbeat_receive,1782872199261,hs1-pr100/repeat-03/hs1-pr100/node-4.log,182,E20260701 02:16:39.261332   383 consensus_manager.cpp:264] CHATAY_HS1_COLD_START heartbeat_receive_enter ts_ms=1782872199261 self=4
hs1-pr100,repeat-03,4,bootstrap_heartbeat_send,1782872199800,hs1-pr100/repeat-03/hs1-pr100/node-4.log,184,E20260701 02:16:39.800153   171 consensus_manager.cpp:147] CHATAY_HS1_COLD_START heartbeat_send_start ts_ms=1782872199800 self=4 known_public_keys=5 all_replicas=4 current_ready=1
hs1-pr100,repeat-03,4,bootstrap_heartbeat_receive,1782872199800,hs1-pr100/repeat-03/hs1-pr100/node-4.log,189,E20260701 02:16:39.800776   383 consensus_manager.cpp:264] CHATAY_HS1_COLD_START heartbeat_receive_enter ts_ms=1782872199800 self=4
hs1-pr100,repeat-03,4,bootstrap_heartbeat_receive,1782872199844,hs1-pr100/repeat-03/hs1-pr100/node-4.log,191,E20260701 02:16:39.844509   383 consensus_manager.cpp:264] CHATAY_HS1_COLD_START heartbeat_receive_enter ts_ms=1782872199844 self=4
hs1-pr100,repeat-03,4,bootstrap_heartbeat_receive,1782872199910,hs1-pr100/repeat-03/hs1-pr100/node-4.log,193,E20260701 02:16:39.910332   388 consensus_manager.cpp:264] CHATAY_HS1_COLD_START heartbeat_receive_enter ts_ms=1782872199910 self=4
hs1-pr100,repeat-03,4,bootstrap_heartbeat_receive,1782872199921,hs1-pr100/repeat-03/hs1-pr100/node-4.log,195,E20260701 02:16:39.921269   387 consensus_manager.cpp:264] CHATAY_HS1_COLD_START heartbeat_receive_enter ts_ms=1782872199921 self=4
hs1-pr100,repeat-03,4,bootstrap_heartbeat_receive,1782872199933,hs1-pr100/repeat-03/hs1-pr100/node-4.log,197,E20260701 02:16:39.933606   383 consensus_manager.cpp:264] CHATAY_HS1_COLD_START heartbeat_receive_enter ts_ms=1782872199933 self=4
hs1-pr100,repeat-03,4,bootstrap_heartbeat_receive,1782872200268,hs1-pr100/repeat-03/hs1-pr100/node-4.log,199,E20260701 02:16:40.268592   398 consensus_manager.cpp:264] CHATAY_HS1_COLD_START heartbeat_receive_enter ts_ms=1782872200268 self=4
hs1-pr100,repeat-03,4,bootstrap_heartbeat_receive,1782872200301,hs1-pr100/repeat-03/hs1-pr100/node-4.log,201,E20260701 02:16:40.301409   398 consensus_manager.cpp:264] CHATAY_HS1_COLD_START heartbeat_receive_enter ts_ms=1782872200301 self=4
hs1-pr100,repeat-03,4,bootstrap_heartbeat_receive,1782872200301,hs1-pr100/repeat-03/hs1-pr100/node-4.log,203,E20260701 02:16:40.301414   397 consensus_manager.cpp:264] CHATAY_HS1_COLD_START heartbeat_receive_enter ts_ms=1782872200301 self=4
hs1-pr100,repeat-03,4,bootstrap_heartbeat_receive,1782872200307,hs1-pr100/repeat-03/hs1-pr100/node-4.log,205,E20260701 02:16:40.307859   398 consensus_manager.cpp:264] CHATAY_HS1_COLD_START heartbeat_receive_enter ts_ms=1782872200307 self=4
hs1-pr100,repeat-03,4,bootstrap_heartbeat_receive,1782872200307,hs1-pr100/repeat-03/hs1-pr100/node-4.log,206,E20260701 02:16:40.307868   383 consensus_manager.cpp:264] CHATAY_HS1_COLD_START heartbeat_receive_enter ts_ms=1782872200307 self=4
hs1-pr100,repeat-03,4,bootstrap_heartbeat_receive,1782872200318,hs1-pr100/repeat-03/hs1-pr100/node-4.log,209,E20260701 02:16:40.318598   392 consensus_manager.cpp:264] CHATAY_HS1_COLD_START heartbeat_receive_enter ts_ms=1782872200318 self=4
hs1-pr100,repeat-03,4,bootstrap_heartbeat_receive,1782872200318,hs1-pr100/repeat-03/hs1-pr100/node-4.log,211,E20260701 02:16:40.318598   389 consensus_manager.cpp:264] CHATAY_HS1_COLD_START heartbeat_receive_enter ts_ms=1782872200318 self=4
hs1-pr100,repeat-03,4,bootstrap_heartbeat_receive,1782872200319,hs1-pr100/repeat-03/hs1-pr100/node-4.log,213,E20260701 02:16:40.319199   396 consensus_manager.cpp:264] CHATAY_HS1_COLD_START heartbeat_receive_enter ts_ms=1782872200319 self=4
hs1-pr100,repeat-03,4,bootstrap_heartbeat_receive,1782872200329,hs1-pr100/repeat-03/hs1-pr100/node-4.log,215,E20260701 02:16:40.329825   394 consensus_manager.cpp:264] CHATAY_HS1_COLD_START heartbeat_receive_enter ts_ms=1782872200329 self=4
hs1-pr100,repeat-03,4,bootstrap_heartbeat_receive,1782872200329,hs1-pr100/repeat-03/hs1-pr100/node-4.log,217,E20260701 02:16:40.329825   389 consensus_manager.cpp:264] CHATAY_HS1_COLD_START heartbeat_receive_enter ts_ms=1782872200329 self=4
hs1-pr100,repeat-03,4,bootstrap_heartbeat_receive,1782872200330,hs1-pr100/repeat-03/hs1-pr100/node-4.log,219,E20260701 02:16:40.330489   383 consensus_manager.cpp:264] CHATAY_HS1_COLD_START heartbeat_receive_enter ts_ms=1782872200330 self=4
hs1-pr100,repeat-03,4,bootstrap_heartbeat_receive,1782872200340,hs1-pr100/repeat-03/hs1-pr100/node-4.log,221,E20260701 02:16:40.340227   383 consensus_manager.cpp:264] CHATAY_HS1_COLD_START heartbeat_receive_enter ts_ms=1782872200340 self=4
hs1-pr100,repeat-03,4,bootstrap_heartbeat_receive,1782872200340,hs1-pr100/repeat-03/hs1-pr100/node-4.log,223,E20260701 02:16:40.340315   397 consensus_manager.cpp:264] CHATAY_HS1_COLD_START heartbeat_receive_enter ts_ms=1782872200340 self=4
hs1-pr100,repeat-03,4,bootstrap_heartbeat_receive,1782872200358,hs1-pr100/repeat-03/hs1-pr100/node-4.log,225,E20260701 02:16:40.358773   385 consensus_manager.cpp:264] CHATAY_HS1_COLD_START heartbeat_receive_enter ts_ms=1782872200358 self=4
hs1-pr100,repeat-03,4,bootstrap_heartbeat_receive,1782872200358,hs1-pr100/repeat-03/hs1-pr100/node-4.log,227,E20260701 02:16:40.358934   387 consensus_manager.cpp:264] CHATAY_HS1_COLD_START heartbeat_receive_enter ts_ms=1782872200358 self=4
hs1-pr100,repeat-03,4,hs1_consensus_commit,20260701 02:16:40.634308,hs1-pr100/repeat-03/hs1-pr100/node-4.log,229,E20260701 02:16:40.634308   392 consensus.cpp:109] CHATAY_HS1_TRACE consensus_commit self=4 request_type=TYPE_NONE sender=0 proxy=0 data_size=228
hs1-pr100,repeat-03,4,hs1_prepare_vote,20260701 02:16:40.634865,hs1-pr100/repeat-03/hs1-pr100/node-4.log,233,E20260701 02:16:40.634865   392 commitment.cpp:777] CHATAY_HS1_TRACE replica_send_vote self=4 vote_type=TYPE_PREPARE_VOTE source_type=TYPE_PREPARE target_primary=2 view=1 data_size=298
hs1-pr100,repeat-03,4,hs1_consensus_commit,20260701 02:16:40.691613,hs1-pr100/repeat-03/hs1-pr100/node-4.log,234,E20260701 02:16:40.691613   390 consensus.cpp:109] CHATAY_HS1_TRACE consensus_commit self=4 request_type=TYPE_NONE sender=0 proxy=0 data_size=441
hs1-pr100,repeat-03,4,hs1_precommit_vote,20260701 02:16:40.691958,hs1-pr100/repeat-03/hs1-pr100/node-4.log,237,E20260701 02:16:40.691958   390 commitment.cpp:777] CHATAY_HS1_TRACE replica_send_vote self=4 vote_type=TYPE_PRECOMMIT_VOTE source_type=TYPE_PRECOMMIT target_primary=3 view=1 data_size=731
hs1-pr100,repeat-03,4,hs1_consensus_commit,20260701 02:16:40.745294,hs1-pr100/repeat-03/hs1-pr100/node-4.log,238,E20260701 02:16:40.745294   390 consensus.cpp:109] CHATAY_HS1_TRACE consensus_commit self=4 request_type=TYPE_NONE sender=0 proxy=0 data_size=441
hs1-pr100,repeat-03,4,hs1_commit_vote,20260701 02:16:40.745537,hs1-pr100/repeat-03/hs1-pr100/node-4.log,241,E20260701 02:16:40.745537   390 commitment.cpp:777] CHATAY_HS1_TRACE replica_send_vote self=4 vote_type=TYPE_COMMIT_VOTE source_type=TYPE_COMMIT target_primary=4 view=1 data_size=731
hs1-pr100,repeat-03,4,hs1_consensus_commit,20260701 02:16:40.795147,hs1-pr100/repeat-03/hs1-pr100/node-4.log,242,E20260701 02:16:40.795147   384 consensus.cpp:109] CHATAY_HS1_TRACE consensus_commit self=4 request_type=TYPE_NONE sender=0 proxy=0 data_size=731
hs1-pr100,repeat-03,4,hs1_consensus_commit,20260701 02:16:40.795147,hs1-pr100/repeat-03/hs1-pr100/node-4.log,243,E20260701 02:16:40.795147   390 consensus.cpp:109] CHATAY_HS1_TRACE consensus_commit self=4 request_type=TYPE_NONE sender=0 proxy=0 data_size=731
hs1-pr100,repeat-03,4,hs1_consensus_commit,20260701 02:16:40.795147,hs1-pr100/repeat-03/hs1-pr100/node-4.log,244,E20260701 02:16:40.795147   393 consensus.cpp:109] CHATAY_HS1_TRACE consensus_commit self=4 request_type=TYPE_NONE sender=0 proxy=0 data_size=731
hs1-pr100,repeat-03,4,hs1_consensus_commit,20260701 02:16:40.797066,hs1-pr100/repeat-03/hs1-pr100/node-4.log,256,E20260701 02:16:40.797066   393 consensus.cpp:109] CHATAY_HS1_TRACE consensus_commit self=4 request_type=TYPE_NONE sender=0 proxy=0 data_size=731
hs1-pr100,repeat-03,4,hs1_consensus_commit,20260701 02:16:40.801282,hs1-pr100/repeat-03/hs1-pr100/node-4.log,260,E20260701 02:16:40.801282   385 consensus.cpp:109] CHATAY_HS1_TRACE consensus_commit self=4 request_type=TYPE_NONE sender=0 proxy=0 data_size=441
hs1-pr100,repeat-03,4,bootstrap_heartbeat_receive,1782872201359,hs1-pr100/repeat-03/hs1-pr100/node-4.log,265,E20260701 02:16:41.359933   386 consensus_manager.cpp:264] CHATAY_HS1_COLD_START heartbeat_receive_enter ts_ms=1782872201359 self=4
hs1-pr100,repeat-03,4,bootstrap_heartbeat_receive,1782872201369,hs1-pr100/repeat-03/hs1-pr100/node-4.log,267,E20260701 02:16:41.369632   386 consensus_manager.cpp:264] CHATAY_HS1_COLD_START heartbeat_receive_enter ts_ms=1782872201369 self=4
hs1-pr100,repeat-03,4,hs1_consensus_commit,20260701 02:16:41.637699,hs1-pr100/repeat-03/hs1-pr100/node-4.log,272,E20260701 02:16:41.637699   398 consensus.cpp:109] CHATAY_HS1_TRACE consensus_commit self=4 request_type=TYPE_NONE sender=0 proxy=0 data_size=618
hs1-pr100,repeat-03,4,hs1_prepare_vote,20260701 02:16:41.637794,hs1-pr100/repeat-03/hs1-pr100/node-4.log,276,E20260701 02:16:41.637794   398 commitment.cpp:777] CHATAY_HS1_TRACE replica_send_vote self=4 vote_type=TYPE_PREPARE_VOTE source_type=TYPE_PREPARE target_primary=2 view=5 data_size=690
hs1-pr100,repeat-03,4,hs1_consensus_commit,20260701 02:16:41.695566,hs1-pr100/repeat-03/hs1-pr100/node-4.log,277,E20260701 02:16:41.695566   395 consensus.cpp:109] CHATAY_HS1_TRACE consensus_commit self=4 request_type=TYPE_NONE sender=0 proxy=0 data_size=400
hs1-pr100,repeat-03,4,hs1_precommit_vote,20260701 02:16:41.695897,hs1-pr100/repeat-03/hs1-pr100/node-4.log,280,E20260701 02:16:41.695897   395 commitment.cpp:777] CHATAY_HS1_TRACE replica_send_vote self=4 vote_type=TYPE_PRECOMMIT_VOTE source_type=TYPE_PRECOMMIT target_primary=3 view=5 data_size=649
hs1-pr100,repeat-03,4,hs1_consensus_commit,20260701 02:16:41.749399,hs1-pr100/repeat-03/hs1-pr100/node-4.log,281,E20260701 02:16:41.749399   383 consensus.cpp:109] CHATAY_HS1_TRACE consensus_commit self=4 request_type=TYPE_NONE sender=0 proxy=0 data_size=400
hs1-pr100,repeat-03,4,hs1_commit_vote,20260701 02:16:41.749713,hs1-pr100/repeat-03/hs1-pr100/node-4.log,284,E20260701 02:16:41.749713   383 commitment.cpp:777] CHATAY_HS1_TRACE replica_send_vote self=4 vote_type=TYPE_COMMIT_VOTE source_type=TYPE_COMMIT target_primary=4 view=5 data_size=649
hs1-pr100,repeat-03,4,hs1_consensus_commit,20260701 02:16:41.798344,hs1-pr100/repeat-03/hs1-pr100/node-4.log,285,E20260701 02:16:41.798344   396 consensus.cpp:109] CHATAY_HS1_TRACE consensus_commit self=4 request_type=TYPE_NONE sender=0 proxy=0 data_size=649
hs1-pr100,repeat-03,4,hs1_consensus_commit,20260701 02:16:41.798352,hs1-pr100/repeat-03/hs1-pr100/node-4.log,288,E20260701 02:16:41.798352   385 consensus.cpp:109] CHATAY_HS1_TRACE consensus_commit self=4 request_type=TYPE_NONE sender=0 proxy=0 data_size=649
hs1-pr100,repeat-03,4,hs1_consensus_commit,20260701 02:16:41.798354,hs1-pr100/repeat-03/hs1-pr100/node-4.log,290,E20260701 02:16:41.798354   383 consensus.cpp:109] CHATAY_HS1_TRACE consensus_commit self=4 request_type=TYPE_NONE sender=0 proxy=0 data_size=649
hs1-pr100,repeat-03,4,hs1_consensus_commit,20260701 02:16:41.800110,hs1-pr100/repeat-03/hs1-pr100/node-4.log,299,E20260701 02:16:41.800110   385 consensus.cpp:109] CHATAY_HS1_TRACE consensus_commit self=4 request_type=TYPE_NONE sender=0 proxy=0 data_size=649
hs1-pr100,repeat-03,4,hs1_consensus_commit,20260701 02:16:41.807225,hs1-pr100/repeat-03/hs1-pr100/node-4.log,303,E20260701 02:16:41.807225   392 consensus.cpp:109] CHATAY_HS1_TRACE consensus_commit self=4 request_type=TYPE_NONE sender=0 proxy=0 data_size=400
hs1-pr100,repeat-03,5,config_load,1782872186899,hs1-pr100/repeat-03/hs1-pr100/node-5.log,4,E20260701 02:16:26.899235   174 resdb_config_utils.cpp:198] CHATAY_HS1_COLD_START generate_resdb_config_start ts_ms=1782872186899 config_file=/work/config/server/server.config private_key_file=/work/cert/node5.key.pri cert_file=/work/cert/cert_5.cert
hs1-pr100,repeat-03,5,config_load,1782872186899,hs1-pr100/repeat-03/hs1-pr100/node-5.log,5,E20260701 02:16:26.899237   174 resdb_config_utils.cpp:133] CHATAY_HS1_COLD_START read_config_start ts_ms=1782872186899 file=/work/config/server/server.config
hs1-pr100,repeat-03,5,config_load,1782872186899,hs1-pr100/repeat-03/hs1-pr100/node-5.log,6,E20260701 02:16:26.899775   174 resdb_config_utils.cpp:154] CHATAY_HS1_COLD_START read_config_finish ts_ms=1782872186899 duration_ms=0 file=/work/config/server/server.config bytes=292 regions=1
hs1-pr100,repeat-03,5,key_cert_load,1782872186899,hs1-pr100/repeat-03/hs1-pr100/node-5.log,7,E20260701 02:16:26.899785   174 resdb_config_utils.cpp:49] CHATAY_HS1_COLD_START read_private_key_start ts_ms=1782872186899 file=/work/cert/node5.key.pri
hs1-pr100,repeat-03,5,key_cert_load,1782872186899,hs1-pr100/repeat-03/hs1-pr100/node-5.log,8,E20260701 02:16:26.899796   174 resdb_config_utils.cpp:71] CHATAY_HS1_COLD_START read_private_key_finish ts_ms=1782872186899 duration_ms=0 file=/work/cert/node5.key.pri bytes=36 hash_type=2
hs1-pr100,repeat-03,5,key_cert_load,1782872186899,hs1-pr100/repeat-03/hs1-pr100/node-5.log,9,E20260701 02:16:26.899798   174 resdb_config_utils.cpp:82] CHATAY_HS1_COLD_START read_cert_start ts_ms=1782872186899 file=/work/cert/cert_5.cert
hs1-pr100,repeat-03,5,key_cert_load,1782872186899,hs1-pr100/repeat-03/hs1-pr100/node-5.log,10,E20260701 02:16:26.899807   174 resdb_config_utils.cpp:104] CHATAY_HS1_COLD_START read_cert_finish ts_ms=1782872186899 duration_ms=0 file=/work/cert/cert_5.cert bytes=169 node_id=5 type=1
hs1-pr100,repeat-03,5,key_cert_load,1782872186899,hs1-pr100/repeat-03/hs1-pr100/node-5.log,11,E20260701 02:16:26.899811   174 resdb_config_utils.cpp:207] CHATAY_HS1_COLD_START key_cert_loaded ts_ms=1782872186899 node_id=5 public_key_hash_type=2 private_key_hash_type=2
hs1-pr100,repeat-03,5,config_load,1782872186899,hs1-pr100/repeat-03/hs1-pr100/node-5.log,12,E20260701 02:16:26.899814   174 resdb_config_utils.cpp:231] CHATAY_HS1_COLD_START generate_resdb_config_finish ts_ms=1782872186899 duration_ms=0 self=5 custom_gen=0
hs1-pr100,repeat-03,5,network_start,1782872186905,hs1-pr100/repeat-03/hs1-pr100/node-5.log,47,E20260701 02:16:26.905499   174 service_network.cpp:50] CHATAY_HS1_COLD_START service_network_ctor_start ts_ms=1782872186905 self=5 port=25135
hs1-pr100,repeat-03,5,bootstrap_heartbeat_send,1782872186906,hs1-pr100/repeat-03/hs1-pr100/node-5.log,66,E20260701 02:16:26.906309   206 consensus_manager.cpp:147] CHATAY_HS1_COLD_START heartbeat_send_start ts_ms=1782872186906 self=5 known_public_keys=1 all_replicas=4 current_ready=0
hs1-pr100,repeat-03,5,bootstrap_heartbeat_send,1782872187916,hs1-pr100/repeat-03/hs1-pr100/node-5.log,71,E20260701 02:16:27.916924   206 consensus_manager.cpp:147] CHATAY_HS1_COLD_START heartbeat_send_start ts_ms=1782872187916 self=5 known_public_keys=1 all_replicas=4 current_ready=0
hs1-pr100,repeat-03,5,bootstrap_heartbeat_send,1782872196111,hs1-pr100/repeat-03/hs1-pr100/node-5.log,86,E20260701 02:16:36.111617   206 consensus_manager.cpp:147] CHATAY_HS1_COLD_START heartbeat_send_start ts_ms=1782872196111 self=5 known_public_keys=1 all_replicas=4 current_ready=0
hs1-pr100,repeat-03,5,bootstrap_heartbeat_send,1782872198191,hs1-pr100/repeat-03/hs1-pr100/node-5.log,96,E20260701 02:16:38.191247   206 consensus_manager.cpp:147] CHATAY_HS1_COLD_START heartbeat_send_start ts_ms=1782872198191 self=5 known_public_keys=1 all_replicas=4 current_ready=0
hs1-pr100,repeat-03,5,network_start,1782872199907,hs1-pr100/repeat-03/hs1-pr100/node-5.log,106,E20260701 02:16:39.907155   174 service_network.cpp:143] CHATAY_HS1_COLD_START service_network_service_started ts_ms=1782872199907 self=5
hs1-pr100,repeat-03,5,network_start,1782872199907,hs1-pr100/repeat-03/hs1-pr100/node-5.log,108,E20260701 02:16:39.907222   174 service_network.cpp:151] CHATAY_HS1_COLD_START service_network_acceptor_run_enter ts_ms=1782872199907 self=5
hs1-pr100,repeat-03,5,bootstrap_heartbeat_receive,1782872199909,hs1-pr100/repeat-03/hs1-pr100/node-5.log,112,E20260701 02:16:39.909108   448 consensus_manager.cpp:264] CHATAY_HS1_COLD_START heartbeat_receive_enter ts_ms=1782872199909 self=5
hs1-pr100,repeat-03,5,bootstrap_heartbeat_receive,1782872199909,hs1-pr100/repeat-03/hs1-pr100/node-5.log,113,E20260701 02:16:39.909128   437 consensus_manager.cpp:264] CHATAY_HS1_COLD_START heartbeat_receive_enter ts_ms=1782872199909 self=5
hs1-pr100,repeat-03,5,bootstrap_heartbeat_receive,1782872199909,hs1-pr100/repeat-03/hs1-pr100/node-5.log,114,E20260701 02:16:39.909126   435 consensus_manager.cpp:264] CHATAY_HS1_COLD_START heartbeat_receive_enter ts_ms=1782872199909 self=5
hs1-pr100,repeat-03,5,bootstrap_heartbeat_receive,1782872199909,hs1-pr100/repeat-03/hs1-pr100/node-5.log,116,E20260701 02:16:39.909128   436 consensus_manager.cpp:264] CHATAY_HS1_COLD_START heartbeat_receive_enter ts_ms=1782872199909 self=5
hs1-pr100,repeat-03,5,bootstrap_heartbeat_receive,1782872199909,hs1-pr100/repeat-03/hs1-pr100/node-5.log,117,E20260701 02:16:39.909180   439 consensus_manager.cpp:264] CHATAY_HS1_COLD_START heartbeat_receive_enter ts_ms=1782872199909 self=5
hs1-pr100,repeat-03,5,bootstrap_heartbeat_receive,1782872199909,hs1-pr100/repeat-03/hs1-pr100/node-5.log,118,E20260701 02:16:39.909162   433 consensus_manager.cpp:264] CHATAY_HS1_COLD_START heartbeat_receive_enter ts_ms=1782872199909 self=5
hs1-pr100,repeat-03,5,bootstrap_heartbeat_receive,1782872199909,hs1-pr100/repeat-03/hs1-pr100/node-5.log,119,E20260701 02:16:39.909147   434 consensus_manager.cpp:264] CHATAY_HS1_COLD_START heartbeat_receive_enter ts_ms=1782872199909 self=5
hs1-pr100,repeat-03,5,bootstrap_heartbeat_send,1782872199909,hs1-pr100/repeat-03/hs1-pr100/node-5.log,120,E20260701 02:16:39.909412   448 consensus_manager.cpp:147] CHATAY_HS1_COLD_START heartbeat_send_start ts_ms=1782872199909 self=5 known_public_keys=3 all_replicas=4 current_ready=0
hs1-pr100,repeat-03,5,bootstrap_heartbeat_receive,1782872199910,hs1-pr100/repeat-03/hs1-pr100/node-5.log,125,E20260701 02:16:39.910022   443 consensus_manager.cpp:264] CHATAY_HS1_COLD_START heartbeat_receive_enter ts_ms=1782872199910 self=5
hs1-pr100,repeat-03,5,readiness,1782872199920,hs1-pr100/repeat-03/hs1-pr100/node-5.log,127,E20260701 02:16:39.920253   437 consensus_manager.cpp:343] CHATAY_HS1_COLD_START readiness_reached ts_ms=1782872199920 self=5 replica_num=4 quorum=3 sender=2
hs1-pr100,repeat-03,5,readiness,20260701 02:16:39.920259,hs1-pr100/repeat-03/hs1-pr100/node-5.log,128,E20260701 02:16:39.920259   437 consensus_manager.cpp:349] ============ Server 5 is ready =====================
hs1-pr100,repeat-03,5,bootstrap_heartbeat_send,1782872199920,hs1-pr100/repeat-03/hs1-pr100/node-5.log,130,E20260701 02:16:39.920789   435 consensus_manager.cpp:147] CHATAY_HS1_COLD_START heartbeat_send_start ts_ms=1782872199920 self=5 known_public_keys=5 all_replicas=4 current_ready=1
hs1-pr100,repeat-03,5,bootstrap_heartbeat_receive,1782872199921,hs1-pr100/repeat-03/hs1-pr100/node-5.log,135,E20260701 02:16:39.921272   442 consensus_manager.cpp:264] CHATAY_HS1_COLD_START heartbeat_receive_enter ts_ms=1782872199921 self=5
hs1-pr100,repeat-03,5,bootstrap_heartbeat_send,1782872199933,hs1-pr100/repeat-03/hs1-pr100/node-5.log,141,E20260701 02:16:39.933190   443 consensus_manager.cpp:147] CHATAY_HS1_COLD_START heartbeat_send_start ts_ms=1782872199933 self=5 known_public_keys=5 all_replicas=4 current_ready=1
hs1-pr100,repeat-03,5,bootstrap_heartbeat_receive,1782872199933,hs1-pr100/repeat-03/hs1-pr100/node-5.log,146,E20260701 02:16:39.933624   435 consensus_manager.cpp:264] CHATAY_HS1_COLD_START heartbeat_receive_enter ts_ms=1782872199933 self=5
hs1-pr100,repeat-03,5,bootstrap_heartbeat_send,1782872200268,hs1-pr100/repeat-03/hs1-pr100/node-5.log,149,E20260701 02:16:40.268105   206 consensus_manager.cpp:147] CHATAY_HS1_COLD_START heartbeat_send_start ts_ms=1782872200268 self=5 known_public_keys=5 all_replicas=4 current_ready=1
hs1-pr100,repeat-03,5,bootstrap_heartbeat_receive,1782872200268,hs1-pr100/repeat-03/hs1-pr100/node-5.log,154,E20260701 02:16:40.268564   438 consensus_manager.cpp:264] CHATAY_HS1_COLD_START heartbeat_receive_enter ts_ms=1782872200268 self=5
hs1-pr100,repeat-03,5,bootstrap_heartbeat_receive,1782872200318,hs1-pr100/repeat-03/hs1-pr100/node-5.log,156,E20260701 02:16:40.318621   436 consensus_manager.cpp:264] CHATAY_HS1_COLD_START heartbeat_receive_enter ts_ms=1782872200318 self=5
hs1-pr100,repeat-03,5,bootstrap_heartbeat_send,1782872200318,hs1-pr100/repeat-03/hs1-pr100/node-5.log,158,E20260701 02:16:40.318871   436 consensus_manager.cpp:147] CHATAY_HS1_COLD_START heartbeat_send_start ts_ms=1782872200318 self=5 known_public_keys=5 all_replicas=4 current_ready=1
hs1-pr100,repeat-03,5,bootstrap_heartbeat_receive,1782872200319,hs1-pr100/repeat-03/hs1-pr100/node-5.log,163,E20260701 02:16:40.319205   435 consensus_manager.cpp:264] CHATAY_HS1_COLD_START heartbeat_receive_enter ts_ms=1782872200319 self=5
hs1-pr100,repeat-03,5,bootstrap_heartbeat_receive,1782872200329,hs1-pr100/repeat-03/hs1-pr100/node-5.log,165,E20260701 02:16:40.329706   438 consensus_manager.cpp:264] CHATAY_HS1_COLD_START heartbeat_receive_enter ts_ms=1782872200329 self=5
hs1-pr100,repeat-03,5,bootstrap_heartbeat_receive,1782872200329,hs1-pr100/repeat-03/hs1-pr100/node-5.log,167,E20260701 02:16:40.329707   447 consensus_manager.cpp:264] CHATAY_HS1_COLD_START heartbeat_receive_enter ts_ms=1782872200329 self=5
hs1-pr100,repeat-03,5,bootstrap_heartbeat_send,1782872200330,hs1-pr100/repeat-03/hs1-pr100/node-5.log,168,E20260701 02:16:40.330062   438 consensus_manager.cpp:147] CHATAY_HS1_COLD_START heartbeat_send_start ts_ms=1782872200330 self=5 known_public_keys=5 all_replicas=4 current_ready=1
hs1-pr100,repeat-03,5,bootstrap_heartbeat_receive,1782872200330,hs1-pr100/repeat-03/hs1-pr100/node-5.log,173,E20260701 02:16:40.330504   442 consensus_manager.cpp:264] CHATAY_HS1_COLD_START heartbeat_receive_enter ts_ms=1782872200330 self=5
hs1-pr100,repeat-03,5,bootstrap_heartbeat_receive,1782872200340,hs1-pr100/repeat-03/hs1-pr100/node-5.log,174,E20260701 02:16:40.340304   433 consensus_manager.cpp:264] CHATAY_HS1_COLD_START heartbeat_receive_enter ts_ms=1782872200340 self=5
hs1-pr100,repeat-03,5,bootstrap_heartbeat_receive,1782872200340,hs1-pr100/repeat-03/hs1-pr100/node-5.log,175,E20260701 02:16:40.340305   437 consensus_manager.cpp:264] CHATAY_HS1_COLD_START heartbeat_receive_enter ts_ms=1782872200340 self=5
hs1-pr100,repeat-03,5,bootstrap_heartbeat_receive,1782872200358,hs1-pr100/repeat-03/hs1-pr100/node-5.log,180,E20260701 02:16:40.358835   436 consensus_manager.cpp:264] CHATAY_HS1_COLD_START heartbeat_receive_enter ts_ms=1782872200358 self=5
hs1-pr100,repeat-03,5,bootstrap_heartbeat_receive,1782872200359,hs1-pr100/repeat-03/hs1-pr100/node-5.log,182,E20260701 02:16:40.359213   447 consensus_manager.cpp:264] CHATAY_HS1_COLD_START heartbeat_receive_enter ts_ms=1782872200359 self=5
hs1-pr100,repeat-03,5,hs1_consensus_commit,20260701 02:16:40.503885,hs1-pr100/repeat-03/hs1-pr100/node-5.log,184,E20260701 02:16:40.503885   447 consensus.cpp:109] CHATAY_HS1_TRACE consensus_commit self=5 request_type=TYPE_CLIENT_REQUEST sender=0 proxy=0 data_size=150
hs1-pr100,repeat-03,5,hs1_consensus_commit,20260701 02:16:40.852909,hs1-pr100/repeat-03/hs1-pr100/node-5.log,197,E20260701 02:16:40.852909   441 consensus.cpp:109] CHATAY_HS1_TRACE consensus_commit self=5 request_type=TYPE_RESPONSE sender=2 proxy=5 data_size=15
hs1-pr100,repeat-03,5,hs1_consensus_commit,20260701 02:16:40.852978,hs1-pr100/repeat-03/hs1-pr100/node-5.log,200,E20260701 02:16:40.852978   435 consensus.cpp:109] CHATAY_HS1_TRACE consensus_commit self=5 request_type=TYPE_RESPONSE sender=1 proxy=5 data_size=15
hs1-pr100,repeat-03,5,hs1_consensus_commit,20260701 02:16:40.852990,hs1-pr100/repeat-03/hs1-pr100/node-5.log,201,E20260701 02:16:40.852990   442 consensus.cpp:109] CHATAY_HS1_TRACE consensus_commit self=5 request_type=TYPE_RESPONSE sender=4 proxy=5 data_size=15
hs1-pr100,repeat-03,5,hs1_consensus_commit,20260701 02:16:40.853008,hs1-pr100/repeat-03/hs1-pr100/node-5.log,202,E20260701 02:16:40.853008   436 consensus.cpp:109] CHATAY_HS1_TRACE consensus_commit self=5 request_type=TYPE_RESPONSE sender=3 proxy=5 data_size=15
hs1-pr100,repeat-03,5,bootstrap_heartbeat_receive,1782872201360,hs1-pr100/repeat-03/hs1-pr100/node-5.log,212,E20260701 02:16:41.360019   441 consensus_manager.cpp:264] CHATAY_HS1_COLD_START heartbeat_receive_enter ts_ms=1782872201360 self=5
hs1-pr100,repeat-03,5,bootstrap_heartbeat_receive,1782872201369,hs1-pr100/repeat-03/hs1-pr100/node-5.log,214,E20260701 02:16:41.369580   437 consensus_manager.cpp:264] CHATAY_HS1_COLD_START heartbeat_receive_enter ts_ms=1782872201369 self=5
hs1-pr100,repeat-03,5,hs1_consensus_commit,20260701 02:16:41.513396,hs1-pr100/repeat-03/hs1-pr100/node-5.log,216,E20260701 02:16:41.513396   447 consensus.cpp:109] CHATAY_HS1_TRACE consensus_commit self=5 request_type=TYPE_CLIENT_REQUEST sender=0 proxy=0 data_size=73
hs1-pr100,repeat-03,5,hs1_consensus_commit,20260701 02:16:41.856264,hs1-pr100/repeat-03/hs1-pr100/node-5.log,229,E20260701 02:16:41.856264   435 consensus.cpp:109] CHATAY_HS1_TRACE consensus_commit self=5 request_type=TYPE_RESPONSE sender=2 proxy=5 data_size=94
hs1-pr100,repeat-03,5,hs1_consensus_commit,20260701 02:16:41.856264,hs1-pr100/repeat-03/hs1-pr100/node-5.log,232,E20260701 02:16:41.856264   441 consensus.cpp:109] CHATAY_HS1_TRACE consensus_commit self=5 request_type=TYPE_RESPONSE sender=4 proxy=5 data_size=94
hs1-pr100,repeat-03,5,hs1_consensus_commit,20260701 02:16:41.856277,hs1-pr100/repeat-03/hs1-pr100/node-5.log,235,E20260701 02:16:41.856277   446 consensus.cpp:109] CHATAY_HS1_TRACE consensus_commit self=5 request_type=TYPE_RESPONSE sender=1 proxy=5 data_size=94
hs1-pr100,repeat-03,5,hs1_consensus_commit,20260701 02:16:41.856266,hs1-pr100/repeat-03/hs1-pr100/node-5.log,241,E20260701 02:16:41.856266   440 consensus.cpp:109] CHATAY_HS1_TRACE consensus_commit self=5 request_type=TYPE_RESPONSE sender=3 proxy=5 data_size=94
hs2,repeat-01,client,client_get_ok,,hs2/repeat-01/hs2/client-get-001.log,3,client get value = chatay-hs2-value-20260701T021524Z-runtime-coldstart-hs2-r01-001
hs2,repeat-01,client,client_set_ok,,hs2/repeat-01/hs2/client-set-001.log,3,client set ret = 0
hs2,repeat-01,1,config_load,1782872204521,hs2/repeat-01/hs2/node-1.log,2,E20260701 02:16:44.521080    40 resdb_config_utils.cpp:198] CHATAY_HS1_COLD_START generate_resdb_config_start ts_ms=1782872204521 config_file=/work/config/server/server.config private_key_file=/work/cert/node1.key.pri cert_file=/work/cert/cert_1.cert
hs2,repeat-01,1,config_load,1782872204521,hs2/repeat-01/hs2/node-1.log,3,E20260701 02:16:44.521251    40 resdb_config_utils.cpp:133] CHATAY_HS1_COLD_START read_config_start ts_ms=1782872204521 file=/work/config/server/server.config
hs2,repeat-01,1,config_load,1782872204521,hs2/repeat-01/hs2/node-1.log,4,E20260701 02:16:44.521883    40 resdb_config_utils.cpp:154] CHATAY_HS1_COLD_START read_config_finish ts_ms=1782872204521 duration_ms=0 file=/work/config/server/server.config bytes=292 regions=1
hs2,repeat-01,1,key_cert_load,1782872204521,hs2/repeat-01/hs2/node-1.log,5,E20260701 02:16:44.521900    40 resdb_config_utils.cpp:49] CHATAY_HS1_COLD_START read_private_key_start ts_ms=1782872204521 file=/work/cert/node1.key.pri
hs2,repeat-01,1,key_cert_load,1782872204521,hs2/repeat-01/hs2/node-1.log,6,E20260701 02:16:44.521914    40 resdb_config_utils.cpp:71] CHATAY_HS1_COLD_START read_private_key_finish ts_ms=1782872204521 duration_ms=0 file=/work/cert/node1.key.pri bytes=36 hash_type=2
hs2,repeat-01,1,key_cert_load,1782872204521,hs2/repeat-01/hs2/node-1.log,7,E20260701 02:16:44.521916    40 resdb_config_utils.cpp:82] CHATAY_HS1_COLD_START read_cert_start ts_ms=1782872204521 file=/work/cert/cert_1.cert
hs2,repeat-01,1,key_cert_load,1782872204521,hs2/repeat-01/hs2/node-1.log,8,E20260701 02:16:44.521925    40 resdb_config_utils.cpp:104] CHATAY_HS1_COLD_START read_cert_finish ts_ms=1782872204521 duration_ms=0 file=/work/cert/cert_1.cert bytes=167 node_id=1 type=0
hs2,repeat-01,1,key_cert_load,1782872204521,hs2/repeat-01/hs2/node-1.log,9,E20260701 02:16:44.521929    40 resdb_config_utils.cpp:207] CHATAY_HS1_COLD_START key_cert_loaded ts_ms=1782872204521 node_id=1 public_key_hash_type=2 private_key_hash_type=2
hs2,repeat-01,1,config_load,1782872204521,hs2/repeat-01/hs2/node-1.log,10,E20260701 02:16:44.521934    40 resdb_config_utils.cpp:231] CHATAY_HS1_COLD_START generate_resdb_config_finish ts_ms=1782872204521 duration_ms=0 self=1 custom_gen=0
hs2,repeat-01,1,network_start,1782872204527,hs2/repeat-01/hs2/node-1.log,39,E20260701 02:16:44.527393    40 service_network.cpp:50] CHATAY_HS1_COLD_START service_network_ctor_start ts_ms=1782872204527 self=1 port=25211
hs2,repeat-01,1,network_start,1782872204527,hs2/repeat-01/hs2/node-1.log,47,E20260701 02:16:44.527961    40 service_network.cpp:143] CHATAY_HS1_COLD_START service_network_service_started ts_ms=1782872204527 self=1
hs2,repeat-01,1,network_start,1782872204528,hs2/repeat-01/hs2/node-1.log,51,E20260701 02:16:44.528023    40 service_network.cpp:151] CHATAY_HS1_COLD_START service_network_acceptor_run_enter ts_ms=1782872204528 self=1
hs2,repeat-01,1,bootstrap_heartbeat_send,1782872204528,hs2/repeat-01/hs2/node-1.log,53,E20260701 02:16:44.528075    71 consensus_manager.cpp:147] CHATAY_HS1_COLD_START heartbeat_send_start ts_ms=1782872204528 self=1 known_public_keys=1 all_replicas=4 current_ready=0
hs2,repeat-01,1,bootstrap_heartbeat_receive,1782872204529,hs2/repeat-01/hs2/node-1.log,78,E20260701 02:16:44.529174    93 consensus_manager.cpp:264] CHATAY_HS1_COLD_START heartbeat_receive_enter ts_ms=1782872204529 self=1
hs2,repeat-01,1,bootstrap_heartbeat_send,1782872204538,hs2/repeat-01/hs2/node-1.log,80,E20260701 02:16:44.538730    93 consensus_manager.cpp:147] CHATAY_HS1_COLD_START heartbeat_send_start ts_ms=1782872204538 self=1 known_public_keys=1 all_replicas=4 current_ready=0
hs2,repeat-01,1,bootstrap_heartbeat_receive,1782872204539,hs2/repeat-01/hs2/node-1.log,103,E20260701 02:16:44.539309    80 consensus_manager.cpp:264] CHATAY_HS1_COLD_START heartbeat_receive_enter ts_ms=1782872204539 self=1
hs2,repeat-01,1,bootstrap_heartbeat_receive,1782872205029,hs2/repeat-01/hs2/node-1.log,105,E20260701 02:16:45.029505    79 consensus_manager.cpp:264] CHATAY_HS1_COLD_START heartbeat_receive_enter ts_ms=1782872205029 self=1
hs2,repeat-01,1,bootstrap_heartbeat_send,1782872205029,hs2/repeat-01/hs2/node-1.log,107,E20260701 02:16:45.029695    79 consensus_manager.cpp:147] CHATAY_HS1_COLD_START heartbeat_send_start ts_ms=1782872205029 self=1 known_public_keys=2 all_replicas=4 current_ready=0
hs2,repeat-01,1,bootstrap_heartbeat_receive,1782872205030,hs2/repeat-01/hs2/node-1.log,121,E20260701 02:16:45.030030    78 consensus_manager.cpp:264] CHATAY_HS1_COLD_START heartbeat_receive_enter ts_ms=1782872205030 self=1
hs2,repeat-01,1,bootstrap_heartbeat_receive,1782872205039,hs2/repeat-01/hs2/node-1.log,125,E20260701 02:16:45.039811    76 consensus_manager.cpp:264] CHATAY_HS1_COLD_START heartbeat_receive_enter ts_ms=1782872205039 self=1
hs2,repeat-01,1,bootstrap_heartbeat_receive,1782872205050,hs2/repeat-01/hs2/node-1.log,128,E20260701 02:16:45.050436    86 consensus_manager.cpp:264] CHATAY_HS1_COLD_START heartbeat_receive_enter ts_ms=1782872205050 self=1
hs2,repeat-01,1,bootstrap_heartbeat_receive,1782872205532,hs2/repeat-01/hs2/node-1.log,130,E20260701 02:16:45.532454    80 consensus_manager.cpp:264] CHATAY_HS1_COLD_START heartbeat_receive_enter ts_ms=1782872205532 self=1
hs2,repeat-01,1,bootstrap_heartbeat_send,1782872205532,hs2/repeat-01/hs2/node-1.log,132,E20260701 02:16:45.532717    80 consensus_manager.cpp:147] CHATAY_HS1_COLD_START heartbeat_send_start ts_ms=1782872205532 self=1 known_public_keys=3 all_replicas=4 current_ready=0
hs2,repeat-01,1,bootstrap_heartbeat_receive,1782872205532,hs2/repeat-01/hs2/node-1.log,136,E20260701 02:16:45.532821    78 consensus_manager.cpp:264] CHATAY_HS1_COLD_START heartbeat_receive_enter ts_ms=1782872205532 self=1
hs2,repeat-01,1,bootstrap_heartbeat_receive,1782872205533,hs2/repeat-01/hs2/node-1.log,137,E20260701 02:16:45.533038    75 consensus_manager.cpp:264] CHATAY_HS1_COLD_START heartbeat_receive_enter ts_ms=1782872205533 self=1
hs2,repeat-01,1,bootstrap_heartbeat_receive,1782872205543,hs2/repeat-01/hs2/node-1.log,145,E20260701 02:16:45.543094    80 consensus_manager.cpp:264] CHATAY_HS1_COLD_START heartbeat_receive_enter ts_ms=1782872205543 self=1
hs2,repeat-01,1,readiness,1782872205543,hs2/repeat-01/hs2/node-1.log,147,E20260701 02:16:45.543478    78 consensus_manager.cpp:343] CHATAY_HS1_COLD_START readiness_reached ts_ms=1782872205543 self=1 replica_num=3 quorum=3 sender=2
hs2,repeat-01,1,readiness,20260701 02:16:45.543483,hs2/repeat-01/hs2/node-1.log,148,E20260701 02:16:45.543483    78 consensus_manager.cpp:349] ============ Server 1 is ready =====================
hs2,repeat-01,1,bootstrap_heartbeat_send,1782872205543,hs2/repeat-01/hs2/node-1.log,150,E20260701 02:16:45.543735    71 consensus_manager.cpp:147] CHATAY_HS1_COLD_START heartbeat_send_start ts_ms=1782872205543 self=1 known_public_keys=3 all_replicas=4 current_ready=1
hs2,repeat-01,1,bootstrap_heartbeat_receive,1782872205544,hs2/repeat-01/hs2/node-1.log,161,E20260701 02:16:45.544031    81 consensus_manager.cpp:264] CHATAY_HS1_COLD_START heartbeat_receive_enter ts_ms=1782872205544 self=1
hs2,repeat-01,1,bootstrap_heartbeat_receive,1782872205553,hs2/repeat-01/hs2/node-1.log,162,E20260701 02:16:45.553766    92 consensus_manager.cpp:264] CHATAY_HS1_COLD_START heartbeat_receive_enter ts_ms=1782872205553 self=1
hs2,repeat-01,1,bootstrap_heartbeat_receive,1782872205564,hs2/repeat-01/hs2/node-1.log,166,E20260701 02:16:45.564507    82 consensus_manager.cpp:264] CHATAY_HS1_COLD_START heartbeat_receive_enter ts_ms=1782872205564 self=1
hs2,repeat-01,1,bootstrap_heartbeat_receive,1782872206034,hs2/repeat-01/hs2/node-1.log,168,E20260701 02:16:46.034763    82 consensus_manager.cpp:264] CHATAY_HS1_COLD_START heartbeat_receive_enter ts_ms=1782872206034 self=1
hs2,repeat-01,1,bootstrap_heartbeat_send,1782872206034,hs2/repeat-01/hs2/node-1.log,170,E20260701 02:16:46.034868    82 consensus_manager.cpp:147] CHATAY_HS1_COLD_START heartbeat_send_start ts_ms=1782872206034 self=1 known_public_keys=4 all_replicas=4 current_ready=1
hs2,repeat-01,1,bootstrap_heartbeat_receive,1782872206035,hs2/repeat-01/hs2/node-1.log,175,E20260701 02:16:46.035066    80 consensus_manager.cpp:264] CHATAY_HS1_COLD_START heartbeat_receive_enter ts_ms=1782872206035 self=1
hs2,repeat-01,1,bootstrap_heartbeat_receive,1782872206035,hs2/repeat-01/hs2/node-1.log,176,E20260701 02:16:46.035097    77 consensus_manager.cpp:264] CHATAY_HS1_COLD_START heartbeat_receive_enter ts_ms=1782872206035 self=1
hs2,repeat-01,1,bootstrap_heartbeat_receive,1782872206035,hs2/repeat-01/hs2/node-1.log,177,E20260701 02:16:46.035115    88 consensus_manager.cpp:264] CHATAY_HS1_COLD_START heartbeat_receive_enter ts_ms=1782872206035 self=1
hs2,repeat-01,1,bootstrap_heartbeat_receive,1782872206045,hs2/repeat-01/hs2/node-1.log,179,E20260701 02:16:46.045428    93 consensus_manager.cpp:264] CHATAY_HS1_COLD_START heartbeat_receive_enter ts_ms=1782872206045 self=1
hs2,repeat-01,1,bootstrap_heartbeat_receive,1782872206046,hs2/repeat-01/hs2/node-1.log,183,E20260701 02:16:46.046836    81 consensus_manager.cpp:264] CHATAY_HS1_COLD_START heartbeat_receive_enter ts_ms=1782872206046 self=1
hs2,repeat-01,1,bootstrap_heartbeat_receive,1782872206056,hs2/repeat-01/hs2/node-1.log,185,E20260701 02:16:46.056021    77 consensus_manager.cpp:264] CHATAY_HS1_COLD_START heartbeat_receive_enter ts_ms=1782872206056 self=1
hs2,repeat-01,1,bootstrap_heartbeat_receive,1782872206066,hs2/repeat-01/hs2/node-1.log,187,E20260701 02:16:46.066869    78 consensus_manager.cpp:264] CHATAY_HS1_COLD_START heartbeat_receive_enter ts_ms=1782872206066 self=1
hs2,repeat-01,1,bootstrap_heartbeat_receive,1782872206077,hs2/repeat-01/hs2/node-1.log,189,E20260701 02:16:46.077976    81 consensus_manager.cpp:264] CHATAY_HS1_COLD_START heartbeat_receive_enter ts_ms=1782872206077 self=1
hs2,repeat-01,1,bootstrap_heartbeat_receive,1782872206536,hs2/repeat-01/hs2/node-1.log,191,E20260701 02:16:46.536820    94 consensus_manager.cpp:264] CHATAY_HS1_COLD_START heartbeat_receive_enter ts_ms=1782872206536 self=1
hs2,repeat-01,1,bootstrap_heartbeat_send,1782872206536,hs2/repeat-01/hs2/node-1.log,193,E20260701 02:16:46.536962    94 consensus_manager.cpp:147] CHATAY_HS1_COLD_START heartbeat_send_start ts_ms=1782872206536 self=1 known_public_keys=5 all_replicas=4 current_ready=1
hs2,repeat-01,1,bootstrap_heartbeat_receive,1782872206537,hs2/repeat-01/hs2/node-1.log,198,E20260701 02:16:46.537400    84 consensus_manager.cpp:264] CHATAY_HS1_COLD_START heartbeat_receive_enter ts_ms=1782872206537 self=1
hs2,repeat-01,1,bootstrap_heartbeat_receive,1782872206537,hs2/repeat-01/hs2/node-1.log,199,E20260701 02:16:46.537408    93 consensus_manager.cpp:264] CHATAY_HS1_COLD_START heartbeat_receive_enter ts_ms=1782872206537 self=1
hs2,repeat-01,1,bootstrap_heartbeat_receive,1782872206537,hs2/repeat-01/hs2/node-1.log,200,E20260701 02:16:46.537423    81 consensus_manager.cpp:264] CHATAY_HS1_COLD_START heartbeat_receive_enter ts_ms=1782872206537 self=1
hs2,repeat-01,1,bootstrap_heartbeat_receive,1782872206537,hs2/repeat-01/hs2/node-1.log,201,E20260701 02:16:46.537436    79 consensus_manager.cpp:264] CHATAY_HS1_COLD_START heartbeat_receive_enter ts_ms=1782872206537 self=1
hs2,repeat-01,1,bootstrap_heartbeat_receive,1782872206547,hs2/repeat-01/hs2/node-1.log,206,E20260701 02:16:46.547670    84 consensus_manager.cpp:264] CHATAY_HS1_COLD_START heartbeat_receive_enter ts_ms=1782872206547 self=1
hs2,repeat-01,1,bootstrap_heartbeat_receive,1782872206548,hs2/repeat-01/hs2/node-1.log,208,E20260701 02:16:46.548858    86 consensus_manager.cpp:264] CHATAY_HS1_COLD_START heartbeat_receive_enter ts_ms=1782872206548 self=1
hs2,repeat-01,1,bootstrap_heartbeat_send,1782872206554,hs2/repeat-01/hs2/node-1.log,210,E20260701 02:16:46.554122    71 consensus_manager.cpp:147] CHATAY_HS1_COLD_START heartbeat_send_start ts_ms=1782872206554 self=1 known_public_keys=5 all_replicas=4 current_ready=1
hs2,repeat-01,1,bootstrap_heartbeat_receive,1782872206554,hs2/repeat-01/hs2/node-1.log,215,E20260701 02:16:46.554388    79 consensus_manager.cpp:264] CHATAY_HS1_COLD_START heartbeat_receive_enter ts_ms=1782872206554 self=1
hs2,repeat-01,1,bootstrap_heartbeat_receive,1782872206558,hs2/repeat-01/hs2/node-1.log,216,E20260701 02:16:46.558521    92 consensus_manager.cpp:264] CHATAY_HS1_COLD_START heartbeat_receive_enter ts_ms=1782872206558 self=1
hs2,repeat-01,1,bootstrap_heartbeat_receive,1782872206569,hs2/repeat-01/hs2/node-1.log,219,E20260701 02:16:46.569231    79 consensus_manager.cpp:264] CHATAY_HS1_COLD_START heartbeat_receive_enter ts_ms=1782872206569 self=1
hs2,repeat-01,1,bootstrap_heartbeat_receive,1782872206580,hs2/repeat-01/hs2/node-1.log,221,E20260701 02:16:46.580224    78 consensus_manager.cpp:264] CHATAY_HS1_COLD_START heartbeat_receive_enter ts_ms=1782872206580 self=1
hs2,repeat-01,1,bootstrap_heartbeat_receive,1782872206591,hs2/repeat-01/hs2/node-1.log,223,E20260701 02:16:46.591125    77 consensus_manager.cpp:264] CHATAY_HS1_COLD_START heartbeat_receive_enter ts_ms=1782872206591 self=1
hs2,repeat-01,1,bootstrap_heartbeat_receive,1782872207045,hs2/repeat-01/hs2/node-1.log,225,E20260701 02:16:47.045689    76 consensus_manager.cpp:264] CHATAY_HS1_COLD_START heartbeat_receive_enter ts_ms=1782872207045 self=1
hs2,repeat-01,1,hs2_phase2_certified,20260701 02:16:47.207799,hs2/repeat-01/hs2/node-1.log,227,"I20260701 02:16:47.207799    88 consensus_manager_hs2.cpp:181] CHATAY_HS2_PIPELINE certified seq=1 view=1 leader=1 block=kU@��Tk�7K%B4Y�Lc#����"".��r$t phase2_voters=3"
hs2,repeat-01,1,hs2_phase2_certified,20260701 02:16:47.216418,hs2/repeat-01/hs2/node-1.log,228,"I20260701 02:16:47.216418    88 consensus_manager_hs2.cpp:181] CHATAY_HS2_PIPELINE certified seq=1 view=1 leader=1 block=kU@��Tk�7K%B4Y�Lc#����"".��r$t phase2_voters=3"
hs2,repeat-01,1,hs2_phase2_certified,20260701 02:16:47.218515,hs2/repeat-01/hs2/node-1.log,230,"I20260701 02:16:47.218515    92 consensus_manager_hs2.cpp:181] CHATAY_HS2_PIPELINE certified seq=1 view=2 leader=2 block=kU@��Tk�7K%B4Y�Lc#����"".��r$t phase2_voters=3"
hs2,repeat-01,1,hs2_phase2_certified,20260701 02:16:47.218564,hs2/repeat-01/hs2/node-1.log,232,"I20260701 02:16:47.218564    77 consensus_manager_hs2.cpp:181] CHATAY_HS2_PIPELINE certified seq=1 view=1 leader=2 block=kU@��Tk�7K%B4Y�Lc#����"".��r$t phase2_voters=3"
hs2,repeat-01,1,bootstrap_heartbeat_receive,1782872207547,hs2/repeat-01/hs2/node-1.log,234,E20260701 02:16:47.547623    94 consensus_manager.cpp:264] CHATAY_HS1_COLD_START heartbeat_receive_enter ts_ms=1782872207547 self=1
hs2,repeat-01,1,hs2_phase2_certified,20260701 02:16:48.210410,hs2/repeat-01/hs2/node-1.log,236,I20260701 02:16:48.210410    93 consensus_manager_hs2.cpp:181] CHATAY_HS2_PIPELINE certified seq=2 view=1 leader=2 block=��!��;գElǟ[����dd�����z
hs2,repeat-01,1,hs2_phase2_certified,20260701 02:16:48.215009,hs2/repeat-01/hs2/node-1.log,238,I20260701 02:16:48.215009    82 consensus_manager_hs2.cpp:181] CHATAY_HS2_PIPELINE certified seq=2 view=2 leader=2 block=��!��;գElǟ[����dd�����z
hs2,repeat-01,2,config_load,1782872205022,hs2/repeat-01/hs2/node-2.log,2,E20260701 02:16:45.022368    96 resdb_config_utils.cpp:198] CHATAY_HS1_COLD_START generate_resdb_config_start ts_ms=1782872205022 config_file=/work/config/server/server.config private_key_file=/work/cert/node2.key.pri cert_file=/work/cert/cert_2.cert
hs2,repeat-01,2,config_load,1782872205022,hs2/repeat-01/hs2/node-2.log,3,E20260701 02:16:45.022418    96 resdb_config_utils.cpp:133] CHATAY_HS1_COLD_START read_config_start ts_ms=1782872205022 file=/work/config/server/server.config
hs2,repeat-01,2,config_load,1782872205022,hs2/repeat-01/hs2/node-2.log,4,E20260701 02:16:45.022990    96 resdb_config_utils.cpp:154] CHATAY_HS1_COLD_START read_config_finish ts_ms=1782872205022 duration_ms=0 file=/work/config/server/server.config bytes=292 regions=1
hs2,repeat-01,2,key_cert_load,1782872205023,hs2/repeat-01/hs2/node-2.log,5,E20260701 02:16:45.023007    96 resdb_config_utils.cpp:49] CHATAY_HS1_COLD_START read_private_key_start ts_ms=1782872205023 file=/work/cert/node2.key.pri
hs2,repeat-01,2,key_cert_load,1782872205023,hs2/repeat-01/hs2/node-2.log,6,E20260701 02:16:45.023018    96 resdb_config_utils.cpp:71] CHATAY_HS1_COLD_START read_private_key_finish ts_ms=1782872205023 duration_ms=0 file=/work/cert/node2.key.pri bytes=36 hash_type=2
hs2,repeat-01,2,key_cert_load,1782872205023,hs2/repeat-01/hs2/node-2.log,7,E20260701 02:16:45.023021    96 resdb_config_utils.cpp:82] CHATAY_HS1_COLD_START read_cert_start ts_ms=1782872205023 file=/work/cert/cert_2.cert
hs2,repeat-01,2,key_cert_load,1782872205023,hs2/repeat-01/hs2/node-2.log,8,E20260701 02:16:45.023030    96 resdb_config_utils.cpp:104] CHATAY_HS1_COLD_START read_cert_finish ts_ms=1782872205023 duration_ms=0 file=/work/cert/cert_2.cert bytes=167 node_id=2 type=0
hs2,repeat-01,2,key_cert_load,1782872205023,hs2/repeat-01/hs2/node-2.log,9,E20260701 02:16:45.023033    96 resdb_config_utils.cpp:207] CHATAY_HS1_COLD_START key_cert_loaded ts_ms=1782872205023 node_id=2 public_key_hash_type=2 private_key_hash_type=2
hs2,repeat-01,2,config_load,1782872205023,hs2/repeat-01/hs2/node-2.log,10,E20260701 02:16:45.023036    96 resdb_config_utils.cpp:231] CHATAY_HS1_COLD_START generate_resdb_config_finish ts_ms=1782872205023 duration_ms=1 self=2 custom_gen=0
hs2,repeat-01,2,network_start,1782872205028,hs2/repeat-01/hs2/node-2.log,39,E20260701 02:16:45.028131    96 service_network.cpp:50] CHATAY_HS1_COLD_START service_network_ctor_start ts_ms=1782872205028 self=2 port=25212
hs2,repeat-01,2,network_start,1782872205028,hs2/repeat-01/hs2/node-2.log,47,E20260701 02:16:45.028587    96 service_network.cpp:143] CHATAY_HS1_COLD_START service_network_service_started ts_ms=1782872205028 self=2
hs2,repeat-01,2,network_start,1782872205028,hs2/repeat-01/hs2/node-2.log,49,E20260701 02:16:45.028649    96 service_network.cpp:151] CHATAY_HS1_COLD_START service_network_acceptor_run_enter ts_ms=1782872205028 self=2
hs2,repeat-01,2,bootstrap_heartbeat_send,1782872205028,hs2/repeat-01/hs2/node-2.log,54,E20260701 02:16:45.028749   127 consensus_manager.cpp:147] CHATAY_HS1_COLD_START heartbeat_send_start ts_ms=1782872205028 self=2 known_public_keys=1 all_replicas=4 current_ready=0
hs2,repeat-01,2,bootstrap_heartbeat_receive,1782872205029,hs2/repeat-01/hs2/node-2.log,72,E20260701 02:16:45.029772   149 consensus_manager.cpp:264] CHATAY_HS1_COLD_START heartbeat_receive_enter ts_ms=1782872205029 self=2
hs2,repeat-01,2,bootstrap_heartbeat_receive,1782872205030,hs2/repeat-01/hs2/node-2.log,73,E20260701 02:16:45.030098   140 consensus_manager.cpp:264] CHATAY_HS1_COLD_START heartbeat_receive_enter ts_ms=1782872205030 self=2
hs2,repeat-01,2,bootstrap_heartbeat_send,1782872205039,hs2/repeat-01/hs2/node-2.log,75,E20260701 02:16:45.039320   149 consensus_manager.cpp:147] CHATAY_HS1_COLD_START heartbeat_send_start ts_ms=1782872205039 self=2 known_public_keys=1 all_replicas=4 current_ready=0
hs2,repeat-01,2,bootstrap_heartbeat_receive,1782872205039,hs2/repeat-01/hs2/node-2.log,91,E20260701 02:16:45.039709   133 consensus_manager.cpp:264] CHATAY_HS1_COLD_START heartbeat_receive_enter ts_ms=1782872205039 self=2
hs2,repeat-01,2,bootstrap_heartbeat_send,1782872205050,hs2/repeat-01/hs2/node-2.log,94,E20260701 02:16:45.050076   140 consensus_manager.cpp:147] CHATAY_HS1_COLD_START heartbeat_send_start ts_ms=1782872205050 self=2 known_public_keys=2 all_replicas=4 current_ready=0
hs2,repeat-01,2,bootstrap_heartbeat_receive,1782872205050,hs2/repeat-01/hs2/node-2.log,106,E20260701 02:16:45.050438   147 consensus_manager.cpp:264] CHATAY_HS1_COLD_START heartbeat_receive_enter ts_ms=1782872205050 self=2
hs2,repeat-01,2,bootstrap_heartbeat_receive,1782872205532,hs2/repeat-01/hs2/node-2.log,114,E20260701 02:16:45.532456   145 consensus_manager.cpp:264] CHATAY_HS1_COLD_START heartbeat_receive_enter ts_ms=1782872205532 self=2
hs2,repeat-01,2,bootstrap_heartbeat_send,1782872205532,hs2/repeat-01/hs2/node-2.log,116,E20260701 02:16:45.532603   145 consensus_manager.cpp:147] CHATAY_HS1_COLD_START heartbeat_send_start ts_ms=1782872205532 self=2 known_public_keys=3 all_replicas=4 current_ready=0
hs2,repeat-01,2,bootstrap_heartbeat_receive,1782872205532,hs2/repeat-01/hs2/node-2.log,126,E20260701 02:16:45.532862   137 consensus_manager.cpp:264] CHATAY_HS1_COLD_START heartbeat_receive_enter ts_ms=1782872205532 self=2
hs2,repeat-01,2,bootstrap_heartbeat_receive,1782872205533,hs2/repeat-01/hs2/node-2.log,128,E20260701 02:16:45.533212   142 consensus_manager.cpp:264] CHATAY_HS1_COLD_START heartbeat_receive_enter ts_ms=1782872205533 self=2
hs2,repeat-01,2,bootstrap_heartbeat_receive,1782872205543,hs2/repeat-01/hs2/node-2.log,130,E20260701 02:16:45.543203   136 consensus_manager.cpp:264] CHATAY_HS1_COLD_START heartbeat_receive_enter ts_ms=1782872205543 self=2
hs2,repeat-01,2,readiness,1782872205543,hs2/repeat-01/hs2/node-2.log,131,E20260701 02:16:45.543268   137 consensus_manager.cpp:343] CHATAY_HS1_COLD_START readiness_reached ts_ms=1782872205543 self=2 replica_num=3 quorum=3 sender=2
hs2,repeat-01,2,readiness,20260701 02:16:45.543274,hs2/repeat-01/hs2/node-2.log,132,E20260701 02:16:45.543274   137 consensus_manager.cpp:349] ============ Server 2 is ready =====================
hs2,repeat-01,2,bootstrap_heartbeat_receive,1782872205544,hs2/repeat-01/hs2/node-2.log,135,E20260701 02:16:45.544032   149 consensus_manager.cpp:264] CHATAY_HS1_COLD_START heartbeat_receive_enter ts_ms=1782872205544 self=2
hs2,repeat-01,2,bootstrap_heartbeat_receive,1782872205553,hs2/repeat-01/hs2/node-2.log,137,E20260701 02:16:45.553774   149 consensus_manager.cpp:264] CHATAY_HS1_COLD_START heartbeat_receive_enter ts_ms=1782872205553 self=2
hs2,repeat-01,2,bootstrap_heartbeat_receive,1782872205564,hs2/repeat-01/hs2/node-2.log,139,E20260701 02:16:45.564489   138 consensus_manager.cpp:264] CHATAY_HS1_COLD_START heartbeat_receive_enter ts_ms=1782872205564 self=2
hs2,repeat-01,2,bootstrap_heartbeat_receive,1782872206034,hs2/repeat-01/hs2/node-2.log,141,E20260701 02:16:46.034785   131 consensus_manager.cpp:264] CHATAY_HS1_COLD_START heartbeat_receive_enter ts_ms=1782872206034 self=2
hs2,repeat-01,2,bootstrap_heartbeat_send,1782872206034,hs2/repeat-01/hs2/node-2.log,143,E20260701 02:16:46.034926   131 consensus_manager.cpp:147] CHATAY_HS1_COLD_START heartbeat_send_start ts_ms=1782872206034 self=2 known_public_keys=4 all_replicas=4 current_ready=1
hs2,repeat-01,2,bootstrap_heartbeat_receive,1782872206035,hs2/repeat-01/hs2/node-2.log,147,E20260701 02:16:46.035104   145 consensus_manager.cpp:264] CHATAY_HS1_COLD_START heartbeat_receive_enter ts_ms=1782872206035 self=2
hs2,repeat-01,2,bootstrap_heartbeat_receive,1782872206035,hs2/repeat-01/hs2/node-2.log,148,E20260701 02:16:46.035121   137 consensus_manager.cpp:264] CHATAY_HS1_COLD_START heartbeat_receive_enter ts_ms=1782872206035 self=2
hs2,repeat-01,2,bootstrap_heartbeat_receive,1782872206035,hs2/repeat-01/hs2/node-2.log,149,E20260701 02:16:46.035126   149 consensus_manager.cpp:264] CHATAY_HS1_COLD_START heartbeat_receive_enter ts_ms=1782872206035 self=2
hs2,repeat-01,2,bootstrap_heartbeat_receive,1782872206045,hs2/repeat-01/hs2/node-2.log,152,E20260701 02:16:46.045503   133 consensus_manager.cpp:264] CHATAY_HS1_COLD_START heartbeat_receive_enter ts_ms=1782872206045 self=2
hs2,repeat-01,2,bootstrap_heartbeat_send,1782872206046,hs2/repeat-01/hs2/node-2.log,155,E20260701 02:16:46.046547   127 consensus_manager.cpp:147] CHATAY_HS1_COLD_START heartbeat_send_start ts_ms=1782872206046 self=2 known_public_keys=4 all_replicas=4 current_ready=1
hs2,repeat-01,2,bootstrap_heartbeat_receive,1782872206046,hs2/repeat-01/hs2/node-2.log,160,E20260701 02:16:46.046833   149 consensus_manager.cpp:264] CHATAY_HS1_COLD_START heartbeat_receive_enter ts_ms=1782872206046 self=2
hs2,repeat-01,2,bootstrap_heartbeat_receive,1782872206056,hs2/repeat-01/hs2/node-2.log,161,E20260701 02:16:46.056010   137 consensus_manager.cpp:264] CHATAY_HS1_COLD_START heartbeat_receive_enter ts_ms=1782872206056 self=2
hs2,repeat-01,2,bootstrap_heartbeat_receive,1782872206066,hs2/repeat-01/hs2/node-2.log,165,E20260701 02:16:46.066874   138 consensus_manager.cpp:264] CHATAY_HS1_COLD_START heartbeat_receive_enter ts_ms=1782872206066 self=2
hs2,repeat-01,2,bootstrap_heartbeat_receive,1782872206077,hs2/repeat-01/hs2/node-2.log,167,E20260701 02:16:46.077992   137 consensus_manager.cpp:264] CHATAY_HS1_COLD_START heartbeat_receive_enter ts_ms=1782872206077 self=2
hs2,repeat-01,2,bootstrap_heartbeat_receive,1782872206536,hs2/repeat-01/hs2/node-2.log,169,E20260701 02:16:46.536808   130 consensus_manager.cpp:264] CHATAY_HS1_COLD_START heartbeat_receive_enter ts_ms=1782872206536 self=2
hs2,repeat-01,2,bootstrap_heartbeat_send,1782872206536,hs2/repeat-01/hs2/node-2.log,171,E20260701 02:16:46.536968   130 consensus_manager.cpp:147] CHATAY_HS1_COLD_START heartbeat_send_start ts_ms=1782872206536 self=2 known_public_keys=5 all_replicas=4 current_ready=1
hs2,repeat-01,2,bootstrap_heartbeat_receive,1782872206537,hs2/repeat-01/hs2/node-2.log,176,E20260701 02:16:46.537375   137 consensus_manager.cpp:264] CHATAY_HS1_COLD_START heartbeat_receive_enter ts_ms=1782872206537 self=2
hs2,repeat-01,2,bootstrap_heartbeat_receive,1782872206537,hs2/repeat-01/hs2/node-2.log,177,E20260701 02:16:46.537391   131 consensus_manager.cpp:264] CHATAY_HS1_COLD_START heartbeat_receive_enter ts_ms=1782872206537 self=2
hs2,repeat-01,2,bootstrap_heartbeat_receive,1782872206537,hs2/repeat-01/hs2/node-2.log,178,E20260701 02:16:46.537392   133 consensus_manager.cpp:264] CHATAY_HS1_COLD_START heartbeat_receive_enter ts_ms=1782872206537 self=2
hs2,repeat-01,2,bootstrap_heartbeat_receive,1782872206537,hs2/repeat-01/hs2/node-2.log,179,E20260701 02:16:46.537416   135 consensus_manager.cpp:264] CHATAY_HS1_COLD_START heartbeat_receive_enter ts_ms=1782872206537 self=2
hs2,repeat-01,2,bootstrap_heartbeat_receive,1782872206547,hs2/repeat-01/hs2/node-2.log,184,E20260701 02:16:46.547690   138 consensus_manager.cpp:264] CHATAY_HS1_COLD_START heartbeat_receive_enter ts_ms=1782872206547 self=2
hs2,repeat-01,2,bootstrap_heartbeat_receive,1782872206548,hs2/repeat-01/hs2/node-2.log,186,E20260701 02:16:46.548872   149 consensus_manager.cpp:264] CHATAY_HS1_COLD_START heartbeat_receive_enter ts_ms=1782872206548 self=2
hs2,repeat-01,2,bootstrap_heartbeat_receive,1782872206554,hs2/repeat-01/hs2/node-2.log,188,E20260701 02:16:46.554391   149 consensus_manager.cpp:264] CHATAY_HS1_COLD_START heartbeat_receive_enter ts_ms=1782872206554 self=2
hs2,repeat-01,2,bootstrap_heartbeat_receive,1782872206558,hs2/repeat-01/hs2/node-2.log,190,E20260701 02:16:46.558498   137 consensus_manager.cpp:264] CHATAY_HS1_COLD_START heartbeat_receive_enter ts_ms=1782872206558 self=2
hs2,repeat-01,2,bootstrap_heartbeat_receive,1782872206569,hs2/repeat-01/hs2/node-2.log,192,E20260701 02:16:46.569228   147 consensus_manager.cpp:264] CHATAY_HS1_COLD_START heartbeat_receive_enter ts_ms=1782872206569 self=2
hs2,repeat-01,2,bootstrap_heartbeat_receive,1782872206580,hs2/repeat-01/hs2/node-2.log,194,E20260701 02:16:46.580211   142 consensus_manager.cpp:264] CHATAY_HS1_COLD_START heartbeat_receive_enter ts_ms=1782872206580 self=2
hs2,repeat-01,2,bootstrap_heartbeat_receive,1782872206591,hs2/repeat-01/hs2/node-2.log,196,E20260701 02:16:46.591127   136 consensus_manager.cpp:264] CHATAY_HS1_COLD_START heartbeat_receive_enter ts_ms=1782872206591 self=2
hs2,repeat-01,2,bootstrap_heartbeat_receive,1782872207045,hs2/repeat-01/hs2/node-2.log,198,E20260701 02:16:47.045643   151 consensus_manager.cpp:264] CHATAY_HS1_COLD_START heartbeat_receive_enter ts_ms=1782872207045 self=2
hs2,repeat-01,2,hs2_phase2_certified,20260701 02:16:47.208870,hs2/repeat-01/hs2/node-2.log,200,I20260701 02:16:47.208870   137 consensus_manager_hs2.cpp:181] CHATAY_HS2_PIPELINE certified seq=1 view=2 leader=2 block=Ia�u����{u^���|eã��}~$ phase2_voters=3
hs2,repeat-01,2,hs2_phase2_certified,20260701 02:16:47.216775,hs2/repeat-01/hs2/node-2.log,201,I20260701 02:16:47.216775   139 consensus_manager_hs2.cpp:181] CHATAY_HS2_PIPELINE certified seq=1 view=1 leader=2 block=Ia�u����{u^���|eã��}~$ phase2_voters=3
hs2,repeat-01,2,hs2_phase2_certified,20260701 02:16:47.219053,hs2/repeat-01/hs2/node-2.log,203,I20260701 02:16:47.219053   135 consensus_manager_hs2.cpp:181] CHATAY_HS2_PIPELINE certified seq=1 view=1 leader=2 block=Ia�u����{u^���|eã��}~$ phase2_voters=3
hs2,repeat-01,2,hs2_phase2_certified,20260701 02:16:47.219107,hs2/repeat-01/hs2/node-2.log,204,I20260701 02:16:47.219107   131 consensus_manager_hs2.cpp:181] CHATAY_HS2_PIPELINE certified seq=1 view=2 leader=2 block=Ia�u����{u^���|eã��}~$ phase2_voters=3
hs2,repeat-01,2,bootstrap_heartbeat_receive,1782872207547,hs2/repeat-01/hs2/node-2.log,207,E20260701 02:16:47.547623   130 consensus_manager.cpp:264] CHATAY_HS1_COLD_START heartbeat_receive_enter ts_ms=1782872207547 self=2
hs2,repeat-01,2,hs2_phase2_certified,20260701 02:16:48.210528,hs2/repeat-01/hs2/node-2.log,209,I20260701 02:16:48.210528   132 consensus_manager_hs2.cpp:181] CHATAY_HS2_PIPELINE certified seq=2 view=2 leader=2 block=�Ꚃ1p���c�;�Nªޅsu&$)@��
hs2,repeat-01,2,hs2_phase2_certified,20260701 02:16:48.215016,hs2/repeat-01/hs2/node-2.log,211,I20260701 02:16:48.215016   147 consensus_manager_hs2.cpp:181] CHATAY_HS2_PIPELINE certified seq=2 view=2 leader=2 block=�Ꚃ1p���c�;�Nªޅsu&$)@��
hs2,repeat-01,3,config_load,1782872205525,hs2/repeat-01/hs2/node-3.log,2,E20260701 02:16:45.525271   154 resdb_config_utils.cpp:198] CHATAY_HS1_COLD_START generate_resdb_config_start ts_ms=1782872205525 config_file=/work/config/server/server.config private_key_file=/work/cert/node3.key.pri cert_file=/work/cert/cert_3.cert
hs2,repeat-01,3,config_load,1782872205525,hs2/repeat-01/hs2/node-3.log,3,E20260701 02:16:45.525337   154 resdb_config_utils.cpp:133] CHATAY_HS1_COLD_START read_config_start ts_ms=1782872205525 file=/work/config/server/server.config
hs2,repeat-01,3,config_load,1782872205526,hs2/repeat-01/hs2/node-3.log,4,E20260701 02:16:45.526116   154 resdb_config_utils.cpp:154] CHATAY_HS1_COLD_START read_config_finish ts_ms=1782872205526 duration_ms=1 file=/work/config/server/server.config bytes=292 regions=1
hs2,repeat-01,3,key_cert_load,1782872205526,hs2/repeat-01/hs2/node-3.log,5,E20260701 02:16:45.526155   154 resdb_config_utils.cpp:49] CHATAY_HS1_COLD_START read_private_key_start ts_ms=1782872205526 file=/work/cert/node3.key.pri
hs2,repeat-01,3,key_cert_load,1782872205526,hs2/repeat-01/hs2/node-3.log,6,E20260701 02:16:45.526176   154 resdb_config_utils.cpp:71] CHATAY_HS1_COLD_START read_private_key_finish ts_ms=1782872205526 duration_ms=0 file=/work/cert/node3.key.pri bytes=36 hash_type=2
hs2,repeat-01,3,key_cert_load,1782872205526,hs2/repeat-01/hs2/node-3.log,7,E20260701 02:16:45.526180   154 resdb_config_utils.cpp:82] CHATAY_HS1_COLD_START read_cert_start ts_ms=1782872205526 file=/work/cert/cert_3.cert
hs2,repeat-01,3,key_cert_load,1782872205526,hs2/repeat-01/hs2/node-3.log,8,E20260701 02:16:45.526194   154 resdb_config_utils.cpp:104] CHATAY_HS1_COLD_START read_cert_finish ts_ms=1782872205526 duration_ms=0 file=/work/cert/cert_3.cert bytes=167 node_id=3 type=0
hs2,repeat-01,3,key_cert_load,1782872205526,hs2/repeat-01/hs2/node-3.log,9,E20260701 02:16:45.526198   154 resdb_config_utils.cpp:207] CHATAY_HS1_COLD_START key_cert_loaded ts_ms=1782872205526 node_id=3 public_key_hash_type=2 private_key_hash_type=2
hs2,repeat-01,3,config_load,1782872205526,hs2/repeat-01/hs2/node-3.log,10,E20260701 02:16:45.526203   154 resdb_config_utils.cpp:231] CHATAY_HS1_COLD_START generate_resdb_config_finish ts_ms=1782872205526 duration_ms=1 self=3 custom_gen=0
hs2,repeat-01,3,network_start,1782872205531,hs2/repeat-01/hs2/node-3.log,39,E20260701 02:16:45.531629   154 service_network.cpp:50] CHATAY_HS1_COLD_START service_network_ctor_start ts_ms=1782872205531 self=3 port=25213
hs2,repeat-01,3,network_start,1782872205531,hs2/repeat-01/hs2/node-3.log,47,E20260701 02:16:45.531939   154 service_network.cpp:143] CHATAY_HS1_COLD_START service_network_service_started ts_ms=1782872205531 self=3
hs2,repeat-01,3,bootstrap_heartbeat_send,1782872205531,hs2/repeat-01/hs2/node-3.log,50,E20260701 02:16:45.531970   185 consensus_manager.cpp:147] CHATAY_HS1_COLD_START heartbeat_send_start ts_ms=1782872205531 self=3 known_public_keys=1 all_replicas=4 current_ready=0
hs2,repeat-01,3,network_start,1782872205532,hs2/repeat-01/hs2/node-3.log,54,E20260701 02:16:45.532142   154 service_network.cpp:151] CHATAY_HS1_COLD_START service_network_acceptor_run_enter ts_ms=1782872205532 self=3
hs2,repeat-01,3,bootstrap_heartbeat_receive,1782872205533,hs2/repeat-01/hs2/node-3.log,66,E20260701 02:16:45.533690   204 consensus_manager.cpp:264] CHATAY_HS1_COLD_START heartbeat_receive_enter ts_ms=1782872205533 self=3
hs2,repeat-01,3,bootstrap_heartbeat_receive,1782872205533,hs2/repeat-01/hs2/node-3.log,67,E20260701 02:16:45.533699   188 consensus_manager.cpp:264] CHATAY_HS1_COLD_START heartbeat_receive_enter ts_ms=1782872205533 self=3
hs2,repeat-01,3,bootstrap_heartbeat_receive,1782872205533,hs2/repeat-01/hs2/node-3.log,68,E20260701 02:16:45.533716   201 consensus_manager.cpp:264] CHATAY_HS1_COLD_START heartbeat_receive_enter ts_ms=1782872205533 self=3
hs2,repeat-01,3,bootstrap_heartbeat_send,1782872205542,hs2/repeat-01/hs2/node-3.log,70,E20260701 02:16:45.542790   204 consensus_manager.cpp:147] CHATAY_HS1_COLD_START heartbeat_send_start ts_ms=1782872205542 self=3 known_public_keys=3 all_replicas=4 current_ready=0
hs2,repeat-01,3,bootstrap_heartbeat_receive,1782872205543,hs2/repeat-01/hs2/node-3.log,76,E20260701 02:16:45.543327   196 consensus_manager.cpp:264] CHATAY_HS1_COLD_START heartbeat_receive_enter ts_ms=1782872205543 self=3
hs2,repeat-01,3,bootstrap_heartbeat_receive,1782872205544,hs2/repeat-01/hs2/node-3.log,82,E20260701 02:16:45.544081   189 consensus_manager.cpp:264] CHATAY_HS1_COLD_START heartbeat_receive_enter ts_ms=1782872205544 self=3
hs2,repeat-01,3,readiness,1782872205553,hs2/repeat-01/hs2/node-3.log,83,E20260701 02:16:45.553143   204 consensus_manager.cpp:343] CHATAY_HS1_COLD_START readiness_reached ts_ms=1782872205553 self=3 replica_num=3 quorum=3 sender=2
hs2,repeat-01,3,readiness,20260701 02:16:45.553185,hs2/repeat-01/hs2/node-3.log,84,E20260701 02:16:45.553185   204 consensus_manager.cpp:349] ============ Server 3 is ready =====================
hs2,repeat-01,3,bootstrap_heartbeat_send,1782872205553,hs2/repeat-01/hs2/node-3.log,86,E20260701 02:16:45.553493   188 consensus_manager.cpp:147] CHATAY_HS1_COLD_START heartbeat_send_start ts_ms=1782872205553 self=3 known_public_keys=3 all_replicas=4 current_ready=1
hs2,repeat-01,3,bootstrap_heartbeat_receive,1782872205553,hs2/repeat-01/hs2/node-3.log,97,E20260701 02:16:45.553799   190 consensus_manager.cpp:264] CHATAY_HS1_COLD_START heartbeat_receive_enter ts_ms=1782872205553 self=3
hs2,repeat-01,3,bootstrap_heartbeat_send,1782872205564,hs2/repeat-01/hs2/node-3.log,99,E20260701 02:16:45.564157   201 consensus_manager.cpp:147] CHATAY_HS1_COLD_START heartbeat_send_start ts_ms=1782872205564 self=3 known_public_keys=3 all_replicas=4 current_ready=1
hs2,repeat-01,3,bootstrap_heartbeat_receive,1782872205564,hs2/repeat-01/hs2/node-3.log,110,E20260701 02:16:45.564533   195 consensus_manager.cpp:264] CHATAY_HS1_COLD_START heartbeat_receive_enter ts_ms=1782872205564 self=3
hs2,repeat-01,3,bootstrap_heartbeat_receive,1782872206034,hs2/repeat-01/hs2/node-3.log,115,E20260701 02:16:46.034809   200 consensus_manager.cpp:264] CHATAY_HS1_COLD_START heartbeat_receive_enter ts_ms=1782872206034 self=3
hs2,repeat-01,3,bootstrap_heartbeat_send,1782872206034,hs2/repeat-01/hs2/node-3.log,117,E20260701 02:16:46.034916   200 consensus_manager.cpp:147] CHATAY_HS1_COLD_START heartbeat_send_start ts_ms=1782872206034 self=3 known_public_keys=4 all_replicas=4 current_ready=1
hs2,repeat-01,3,bootstrap_heartbeat_receive,1782872206035,hs2/repeat-01/hs2/node-3.log,122,E20260701 02:16:46.035101   196 consensus_manager.cpp:264] CHATAY_HS1_COLD_START heartbeat_receive_enter ts_ms=1782872206035 self=3
hs2,repeat-01,3,bootstrap_heartbeat_receive,1782872206035,hs2/repeat-01/hs2/node-3.log,123,E20260701 02:16:46.035105   203 consensus_manager.cpp:264] CHATAY_HS1_COLD_START heartbeat_receive_enter ts_ms=1782872206035 self=3
hs2,repeat-01,3,bootstrap_heartbeat_receive,1782872206035,hs2/repeat-01/hs2/node-3.log,124,E20260701 02:16:46.035215   199 consensus_manager.cpp:264] CHATAY_HS1_COLD_START heartbeat_receive_enter ts_ms=1782872206035 self=3
hs2,repeat-01,3,bootstrap_heartbeat_receive,1782872206045,hs2/repeat-01/hs2/node-3.log,128,E20260701 02:16:46.045543   203 consensus_manager.cpp:264] CHATAY_HS1_COLD_START heartbeat_receive_enter ts_ms=1782872206045 self=3
hs2,repeat-01,3,bootstrap_heartbeat_receive,1782872206046,hs2/repeat-01/hs2/node-3.log,130,E20260701 02:16:46.046890   204 consensus_manager.cpp:264] CHATAY_HS1_COLD_START heartbeat_receive_enter ts_ms=1782872206046 self=3
hs2,repeat-01,3,bootstrap_heartbeat_receive,1782872206056,hs2/repeat-01/hs2/node-3.log,132,E20260701 02:16:46.056030   199 consensus_manager.cpp:264] CHATAY_HS1_COLD_START heartbeat_receive_enter ts_ms=1782872206056 self=3
hs2,repeat-01,3,bootstrap_heartbeat_receive,1782872206066,hs2/repeat-01/hs2/node-3.log,134,E20260701 02:16:46.066869   188 consensus_manager.cpp:264] CHATAY_HS1_COLD_START heartbeat_receive_enter ts_ms=1782872206066 self=3
hs2,repeat-01,3,bootstrap_heartbeat_receive,1782872206078,hs2/repeat-01/hs2/node-3.log,136,E20260701 02:16:46.078022   202 consensus_manager.cpp:264] CHATAY_HS1_COLD_START heartbeat_receive_enter ts_ms=1782872206078 self=3
hs2,repeat-01,3,bootstrap_heartbeat_receive,1782872206536,hs2/repeat-01/hs2/node-3.log,138,E20260701 02:16:46.536857   198 consensus_manager.cpp:264] CHATAY_HS1_COLD_START heartbeat_receive_enter ts_ms=1782872206536 self=3
hs2,repeat-01,3,bootstrap_heartbeat_send,1782872206536,hs2/repeat-01/hs2/node-3.log,140,E20260701 02:16:46.536991   198 consensus_manager.cpp:147] CHATAY_HS1_COLD_START heartbeat_send_start ts_ms=1782872206536 self=3 known_public_keys=5 all_replicas=4 current_ready=1
hs2,repeat-01,3,bootstrap_heartbeat_receive,1782872206537,hs2/repeat-01/hs2/node-3.log,145,E20260701 02:16:46.537408   196 consensus_manager.cpp:264] CHATAY_HS1_COLD_START heartbeat_receive_enter ts_ms=1782872206537 self=3
hs2,repeat-01,3,bootstrap_heartbeat_receive,1782872206537,hs2/repeat-01/hs2/node-3.log,146,E20260701 02:16:46.537421   189 consensus_manager.cpp:264] CHATAY_HS1_COLD_START heartbeat_receive_enter ts_ms=1782872206537 self=3
hs2,repeat-01,3,bootstrap_heartbeat_receive,1782872206537,hs2/repeat-01/hs2/node-3.log,147,E20260701 02:16:46.537427   201 consensus_manager.cpp:264] CHATAY_HS1_COLD_START heartbeat_receive_enter ts_ms=1782872206537 self=3
hs2,repeat-01,3,bootstrap_heartbeat_receive,1782872206537,hs2/repeat-01/hs2/node-3.log,148,E20260701 02:16:46.537446   192 consensus_manager.cpp:264] CHATAY_HS1_COLD_START heartbeat_receive_enter ts_ms=1782872206537 self=3
hs2,repeat-01,3,bootstrap_heartbeat_receive,1782872206547,hs2/repeat-01/hs2/node-3.log,150,E20260701 02:16:46.547727   196 consensus_manager.cpp:264] CHATAY_HS1_COLD_START heartbeat_receive_enter ts_ms=1782872206547 self=3
hs2,repeat-01,3,bootstrap_heartbeat_send,1782872206548,hs2/repeat-01/hs2/node-3.log,154,E20260701 02:16:46.548640   185 consensus_manager.cpp:147] CHATAY_HS1_COLD_START heartbeat_send_start ts_ms=1782872206548 self=3 known_public_keys=5 all_replicas=4 current_ready=1
hs2,repeat-01,3,bootstrap_heartbeat_receive,1782872206548,hs2/repeat-01/hs2/node-3.log,159,E20260701 02:16:46.548969   205 consensus_manager.cpp:264] CHATAY_HS1_COLD_START heartbeat_receive_enter ts_ms=1782872206548 self=3
hs2,repeat-01,3,bootstrap_heartbeat_receive,1782872206554,hs2/repeat-01/hs2/node-3.log,160,E20260701 02:16:46.554418   198 consensus_manager.cpp:264] CHATAY_HS1_COLD_START heartbeat_receive_enter ts_ms=1782872206554 self=3
hs2,repeat-01,3,bootstrap_heartbeat_receive,1782872206558,hs2/repeat-01/hs2/node-3.log,161,E20260701 02:16:46.558525   200 consensus_manager.cpp:264] CHATAY_HS1_COLD_START heartbeat_receive_enter ts_ms=1782872206558 self=3
hs2,repeat-01,3,bootstrap_heartbeat_receive,1782872206569,hs2/repeat-01/hs2/node-3.log,166,E20260701 02:16:46.569267   188 consensus_manager.cpp:264] CHATAY_HS1_COLD_START heartbeat_receive_enter ts_ms=1782872206569 self=3
hs2,repeat-01,3,bootstrap_heartbeat_receive,1782872206580,hs2/repeat-01/hs2/node-3.log,168,E20260701 02:16:46.580255   196 consensus_manager.cpp:264] CHATAY_HS1_COLD_START heartbeat_receive_enter ts_ms=1782872206580 self=3
hs2,repeat-01,3,bootstrap_heartbeat_receive,1782872206591,hs2/repeat-01/hs2/node-3.log,170,E20260701 02:16:46.591135   195 consensus_manager.cpp:264] CHATAY_HS1_COLD_START heartbeat_receive_enter ts_ms=1782872206591 self=3
hs2,repeat-01,3,bootstrap_heartbeat_receive,1782872207045,hs2/repeat-01/hs2/node-3.log,172,E20260701 02:16:47.045827   195 consensus_manager.cpp:264] CHATAY_HS1_COLD_START heartbeat_receive_enter ts_ms=1782872207045 self=3
hs2,repeat-01,3,hs2_phase2_certified,20260701 02:16:47.217298,hs2/repeat-01/hs2/node-3.log,174,"I20260701 02:16:47.217298   204 consensus_manager_hs2.cpp:181] CHATAY_HS2_PIPELINE certified seq=1 view=1 leader=1 block=kU@��Tk�7K%B4Y�Lc#����"".��r$t phase2_voters=3"
hs2,repeat-01,3,hs2_phase2_certified,20260701 02:16:47.219569,hs2/repeat-01/hs2/node-3.log,175,"I20260701 02:16:47.219569   199 consensus_manager_hs2.cpp:181] CHATAY_HS2_PIPELINE certified seq=1 view=1 leader=2 block=kU@��Tk�7K%B4Y�Lc#����"".��r$t phase2_voters=3"
hs2,repeat-01,3,hs2_phase2_certified,20260701 02:16:47.219615,hs2/repeat-01/hs2/node-3.log,177,"I20260701 02:16:47.219615   204 consensus_manager_hs2.cpp:181] CHATAY_HS2_PIPELINE certified seq=1 view=2 leader=2 block=kU@��Tk�7K%B4Y�Lc#����"".��r$t phase2_voters=3"
hs2,repeat-01,3,bootstrap_heartbeat_receive,1782872207547,hs2/repeat-01/hs2/node-3.log,179,E20260701 02:16:47.547662   205 consensus_manager.cpp:264] CHATAY_HS1_COLD_START heartbeat_receive_enter ts_ms=1782872207547 self=3
hs2,repeat-01,3,hs2_phase2_certified,20260701 02:16:48.215035,hs2/repeat-01/hs2/node-3.log,181,I20260701 02:16:48.215035   201 consensus_manager_hs2.cpp:181] CHATAY_HS2_PIPELINE certified seq=2 view=2 leader=2 block=��!��;գElǟ[����dd�����z
hs2,repeat-01,4,config_load,1782872206028,hs2/repeat-01/hs2/node-4.log,2,E20260701 02:16:46.028048   215 resdb_config_utils.cpp:198] CHATAY_HS1_COLD_START generate_resdb_config_start ts_ms=1782872206028 config_file=/work/config/server/server.config private_key_file=/work/cert/node4.key.pri cert_file=/work/cert/cert_4.cert
hs2,repeat-01,4,config_load,1782872206028,hs2/repeat-01/hs2/node-4.log,3,E20260701 02:16:46.028139   215 resdb_config_utils.cpp:133] CHATAY_HS1_COLD_START read_config_start ts_ms=1782872206028 file=/work/config/server/server.config
hs2,repeat-01,4,config_load,1782872206028,hs2/repeat-01/hs2/node-4.log,4,E20260701 02:16:46.028748   215 resdb_config_utils.cpp:154] CHATAY_HS1_COLD_START read_config_finish ts_ms=1782872206028 duration_ms=0 file=/work/config/server/server.config bytes=292 regions=1
hs2,repeat-01,4,key_cert_load,1782872206028,hs2/repeat-01/hs2/node-4.log,5,E20260701 02:16:46.028764   215 resdb_config_utils.cpp:49] CHATAY_HS1_COLD_START read_private_key_start ts_ms=1782872206028 file=/work/cert/node4.key.pri
hs2,repeat-01,4,key_cert_load,1782872206028,hs2/repeat-01/hs2/node-4.log,6,E20260701 02:16:46.028775   215 resdb_config_utils.cpp:71] CHATAY_HS1_COLD_START read_private_key_finish ts_ms=1782872206028 duration_ms=0 file=/work/cert/node4.key.pri bytes=36 hash_type=2
hs2,repeat-01,4,key_cert_load,1782872206028,hs2/repeat-01/hs2/node-4.log,7,E20260701 02:16:46.028779   215 resdb_config_utils.cpp:82] CHATAY_HS1_COLD_START read_cert_start ts_ms=1782872206028 file=/work/cert/cert_4.cert
hs2,repeat-01,4,key_cert_load,1782872206028,hs2/repeat-01/hs2/node-4.log,8,E20260701 02:16:46.028786   215 resdb_config_utils.cpp:104] CHATAY_HS1_COLD_START read_cert_finish ts_ms=1782872206028 duration_ms=0 file=/work/cert/cert_4.cert bytes=167 node_id=4 type=0
hs2,repeat-01,4,key_cert_load,1782872206028,hs2/repeat-01/hs2/node-4.log,9,E20260701 02:16:46.028789   215 resdb_config_utils.cpp:207] CHATAY_HS1_COLD_START key_cert_loaded ts_ms=1782872206028 node_id=4 public_key_hash_type=2 private_key_hash_type=2
hs2,repeat-01,4,config_load,1782872206028,hs2/repeat-01/hs2/node-4.log,10,E20260701 02:16:46.028793   215 resdb_config_utils.cpp:231] CHATAY_HS1_COLD_START generate_resdb_config_finish ts_ms=1782872206028 duration_ms=0 self=4 custom_gen=0
hs2,repeat-01,4,network_start,1782872206033,hs2/repeat-01/hs2/node-4.log,39,E20260701 02:16:46.033749   215 service_network.cpp:50] CHATAY_HS1_COLD_START service_network_ctor_start ts_ms=1782872206033 self=4 port=25214
hs2,repeat-01,4,network_start,1782872206034,hs2/repeat-01/hs2/node-4.log,47,E20260701 02:16:46.034355   215 service_network.cpp:143] CHATAY_HS1_COLD_START service_network_service_started ts_ms=1782872206034 self=4
hs2,repeat-01,4,network_start,1782872206034,hs2/repeat-01/hs2/node-4.log,49,E20260701 02:16:46.034397   215 service_network.cpp:151] CHATAY_HS1_COLD_START service_network_acceptor_run_enter ts_ms=1782872206034 self=4
hs2,repeat-01,4,bootstrap_heartbeat_send,1782872206034,hs2/repeat-01/hs2/node-4.log,55,E20260701 02:16:46.034458   246 consensus_manager.cpp:147] CHATAY_HS1_COLD_START heartbeat_send_start ts_ms=1782872206034 self=4 known_public_keys=1 all_replicas=4 current_ready=0
hs2,repeat-01,4,bootstrap_heartbeat_receive,1782872206035,hs2/repeat-01/hs2/node-4.log,60,E20260701 02:16:46.035257   249 consensus_manager.cpp:264] CHATAY_HS1_COLD_START heartbeat_receive_enter ts_ms=1782872206035 self=4
hs2,repeat-01,4,bootstrap_heartbeat_receive,1782872206035,hs2/repeat-01/hs2/node-4.log,61,E20260701 02:16:46.035308   264 consensus_manager.cpp:264] CHATAY_HS1_COLD_START heartbeat_receive_enter ts_ms=1782872206035 self=4
hs2,repeat-01,4,bootstrap_heartbeat_receive,1782872206035,hs2/repeat-01/hs2/node-4.log,62,E20260701 02:16:46.035329   254 consensus_manager.cpp:264] CHATAY_HS1_COLD_START heartbeat_receive_enter ts_ms=1782872206035 self=4
hs2,repeat-01,4,bootstrap_heartbeat_receive,1782872206035,hs2/repeat-01/hs2/node-4.log,63,E20260701 02:16:46.035573   260 consensus_manager.cpp:264] CHATAY_HS1_COLD_START heartbeat_receive_enter ts_ms=1782872206035 self=4
hs2,repeat-01,4,bootstrap_heartbeat_send,1782872206045,hs2/repeat-01/hs2/node-4.log,65,E20260701 02:16:46.045173   249 consensus_manager.cpp:147] CHATAY_HS1_COLD_START heartbeat_send_start ts_ms=1782872206045 self=4 known_public_keys=1 all_replicas=4 current_ready=0
hs2,repeat-01,4,bootstrap_heartbeat_receive,1782872206045,hs2/repeat-01/hs2/node-4.log,70,E20260701 02:16:46.045511   263 consensus_manager.cpp:264] CHATAY_HS1_COLD_START heartbeat_receive_enter ts_ms=1782872206045 self=4
hs2,repeat-01,4,bootstrap_heartbeat_receive,1782872206046,hs2/repeat-01/hs2/node-4.log,71,E20260701 02:16:46.046967   253 consensus_manager.cpp:264] CHATAY_HS1_COLD_START heartbeat_receive_enter ts_ms=1782872206046 self=4
hs2,repeat-01,4,bootstrap_heartbeat_send,1782872206055,hs2/repeat-01/hs2/node-4.log,73,E20260701 02:16:46.055758   264 consensus_manager.cpp:147] CHATAY_HS1_COLD_START heartbeat_send_start ts_ms=1782872206055 self=4 known_public_keys=4 all_replicas=4 current_ready=0
hs2,repeat-01,4,bootstrap_heartbeat_receive,1782872206056,hs2/repeat-01/hs2/node-4.log,78,E20260701 02:16:46.056139   261 consensus_manager.cpp:264] CHATAY_HS1_COLD_START heartbeat_receive_enter ts_ms=1782872206056 self=4
hs2,repeat-01,4,readiness,1782872206066,hs2/repeat-01/hs2/node-4.log,79,E20260701 02:16:46.066161   264 consensus_manager.cpp:343] CHATAY_HS1_COLD_START readiness_reached ts_ms=1782872206066 self=4 replica_num=4 quorum=3 sender=1
hs2,repeat-01,4,readiness,20260701 02:16:46.066195,hs2/repeat-01/hs2/node-4.log,80,E20260701 02:16:46.066195   264 consensus_manager.cpp:349] ============ Server 4 is ready =====================
hs2,repeat-01,4,bootstrap_heartbeat_send,1782872206066,hs2/repeat-01/hs2/node-4.log,82,E20260701 02:16:46.066529   254 consensus_manager.cpp:147] CHATAY_HS1_COLD_START heartbeat_send_start ts_ms=1782872206066 self=4 known_public_keys=4 all_replicas=4 current_ready=1
hs2,repeat-01,4,bootstrap_heartbeat_receive,1782872206066,hs2/repeat-01/hs2/node-4.log,87,E20260701 02:16:46.066931   258 consensus_manager.cpp:264] CHATAY_HS1_COLD_START heartbeat_receive_enter ts_ms=1782872206066 self=4
hs2,repeat-01,4,bootstrap_heartbeat_send,1782872206077,hs2/repeat-01/hs2/node-4.log,89,E20260701 02:16:46.077618   260 consensus_manager.cpp:147] CHATAY_HS1_COLD_START heartbeat_send_start ts_ms=1782872206077 self=4 known_public_keys=4 all_replicas=4 current_ready=1
hs2,repeat-01,4,bootstrap_heartbeat_receive,1782872206078,hs2/repeat-01/hs2/node-4.log,94,E20260701 02:16:46.078029   252 consensus_manager.cpp:264] CHATAY_HS1_COLD_START heartbeat_receive_enter ts_ms=1782872206078 self=4
hs2,repeat-01,4,bootstrap_heartbeat_receive,1782872206536,hs2/repeat-01/hs2/node-4.log,100,E20260701 02:16:46.536908   256 consensus_manager.cpp:264] CHATAY_HS1_COLD_START heartbeat_receive_enter ts_ms=1782872206536 self=4
hs2,repeat-01,4,bootstrap_heartbeat_send,1782872206537,hs2/repeat-01/hs2/node-4.log,102,E20260701 02:16:46.537047   256 consensus_manager.cpp:147] CHATAY_HS1_COLD_START heartbeat_send_start ts_ms=1782872206537 self=4 known_public_keys=5 all_replicas=4 current_ready=1
hs2,repeat-01,4,bootstrap_heartbeat_receive,1782872206537,hs2/repeat-01/hs2/node-4.log,107,E20260701 02:16:46.537741   258 consensus_manager.cpp:264] CHATAY_HS1_COLD_START heartbeat_receive_enter ts_ms=1782872206537 self=4
hs2,repeat-01,4,bootstrap_heartbeat_receive,1782872206537,hs2/repeat-01/hs2/node-4.log,108,E20260701 02:16:46.537760   253 consensus_manager.cpp:264] CHATAY_HS1_COLD_START heartbeat_receive_enter ts_ms=1782872206537 self=4
hs2,repeat-01,4,bootstrap_heartbeat_receive,1782872206537,hs2/repeat-01/hs2/node-4.log,109,E20260701 02:16:46.537771   259 consensus_manager.cpp:264] CHATAY_HS1_COLD_START heartbeat_receive_enter ts_ms=1782872206537 self=4
hs2,repeat-01,4,bootstrap_heartbeat_receive,1782872206537,hs2/repeat-01/hs2/node-4.log,110,E20260701 02:16:46.537787   249 consensus_manager.cpp:264] CHATAY_HS1_COLD_START heartbeat_receive_enter ts_ms=1782872206537 self=4
hs2,repeat-01,4,bootstrap_heartbeat_receive,1782872206547,hs2/repeat-01/hs2/node-4.log,112,E20260701 02:16:46.547757   254 consensus_manager.cpp:264] CHATAY_HS1_COLD_START heartbeat_receive_enter ts_ms=1782872206547 self=4
hs2,repeat-01,4,bootstrap_heartbeat_receive,1782872206548,hs2/repeat-01/hs2/node-4.log,116,E20260701 02:16:46.548962   262 consensus_manager.cpp:264] CHATAY_HS1_COLD_START heartbeat_receive_enter ts_ms=1782872206548 self=4
hs2,repeat-01,4,bootstrap_heartbeat_receive,1782872206554,hs2/repeat-01/hs2/node-4.log,119,E20260701 02:16:46.554612   260 consensus_manager.cpp:264] CHATAY_HS1_COLD_START heartbeat_receive_enter ts_ms=1782872206554 self=4
hs2,repeat-01,4,bootstrap_heartbeat_receive,1782872206558,hs2/repeat-01/hs2/node-4.log,121,E20260701 02:16:46.558610   263 consensus_manager.cpp:264] CHATAY_HS1_COLD_START heartbeat_receive_enter ts_ms=1782872206558 self=4
hs2,repeat-01,4,bootstrap_heartbeat_receive,1782872206569,hs2/repeat-01/hs2/node-4.log,123,E20260701 02:16:46.569515   261 consensus_manager.cpp:264] CHATAY_HS1_COLD_START heartbeat_receive_enter ts_ms=1782872206569 self=4
hs2,repeat-01,4,bootstrap_heartbeat_receive,1782872206580,hs2/repeat-01/hs2/node-4.log,125,E20260701 02:16:46.580312   257 consensus_manager.cpp:264] CHATAY_HS1_COLD_START heartbeat_receive_enter ts_ms=1782872206580 self=4
hs2,repeat-01,4,bootstrap_heartbeat_receive,1782872206591,hs2/repeat-01/hs2/node-4.log,127,E20260701 02:16:46.591234   253 consensus_manager.cpp:264] CHATAY_HS1_COLD_START heartbeat_receive_enter ts_ms=1782872206591 self=4
hs2,repeat-01,4,bootstrap_heartbeat_send,1782872207045,hs2/repeat-01/hs2/node-4.log,129,E20260701 02:16:47.045130   246 consensus_manager.cpp:147] CHATAY_HS1_COLD_START heartbeat_send_start ts_ms=1782872207045 self=4 known_public_keys=5 all_replicas=4 current_ready=1
hs2,repeat-01,4,bootstrap_heartbeat_receive,1782872207045,hs2/repeat-01/hs2/node-4.log,134,E20260701 02:16:47.045794   263 consensus_manager.cpp:264] CHATAY_HS1_COLD_START heartbeat_receive_enter ts_ms=1782872207045 self=4
hs2,repeat-01,4,hs2_phase2_certified,20260701 02:16:47.217883,hs2/repeat-01/hs2/node-4.log,136,"I20260701 02:16:47.217883   263 consensus_manager_hs2.cpp:181] CHATAY_HS2_PIPELINE certified seq=1 view=1 leader=1 block=kU@��Tk�7K%B4Y�Lc#����"".��r$t phase2_voters=3"
hs2,repeat-01,4,hs2_phase2_certified,20260701 02:16:47.220156,hs2/repeat-01/hs2/node-4.log,137,"I20260701 02:16:47.220156   254 consensus_manager_hs2.cpp:181] CHATAY_HS2_PIPELINE certified seq=1 view=2 leader=2 block=kU@��Tk�7K%B4Y�Lc#����"".��r$t phase2_voters=3"
hs2,repeat-01,4,hs2_phase2_certified,20260701 02:16:47.220244,hs2/repeat-01/hs2/node-4.log,139,"I20260701 02:16:47.220244   248 consensus_manager_hs2.cpp:181] CHATAY_HS2_PIPELINE certified seq=1 view=1 leader=2 block=kU@��Tk�7K%B4Y�Lc#����"".��r$t phase2_voters=3"
hs2,repeat-01,4,bootstrap_heartbeat_receive,1782872207547,hs2/repeat-01/hs2/node-4.log,141,E20260701 02:16:47.547739   255 consensus_manager.cpp:264] CHATAY_HS1_COLD_START heartbeat_receive_enter ts_ms=1782872207547 self=4
hs2,repeat-01,4,hs2_phase2_certified,20260701 02:16:48.215011,hs2/repeat-01/hs2/node-4.log,143,I20260701 02:16:48.215011   253 consensus_manager_hs2.cpp:181] CHATAY_HS2_PIPELINE certified seq=2 view=2 leader=2 block=��!��;գElǟ[����dd�����z
hs2,repeat-01,5,config_load,1782872206530,hs2/repeat-01/hs2/node-5.log,2,E20260701 02:16:46.530763   278 resdb_config_utils.cpp:198] CHATAY_HS1_COLD_START generate_resdb_config_start ts_ms=1782872206530 config_file=/work/config/server/server.config private_key_file=/work/cert/node5.key.pri cert_file=/work/cert/cert_5.cert
hs2,repeat-01,5,config_load,1782872206530,hs2/repeat-01/hs2/node-5.log,3,E20260701 02:16:46.530805   278 resdb_config_utils.cpp:133] CHATAY_HS1_COLD_START read_config_start ts_ms=1782872206530 file=/work/config/server/server.config
hs2,repeat-01,5,config_load,1782872206531,hs2/repeat-01/hs2/node-5.log,4,E20260701 02:16:46.531332   278 resdb_config_utils.cpp:154] CHATAY_HS1_COLD_START read_config_finish ts_ms=1782872206531 duration_ms=1 file=/work/config/server/server.config bytes=292 regions=1
hs2,repeat-01,5,key_cert_load,1782872206531,hs2/repeat-01/hs2/node-5.log,5,E20260701 02:16:46.531347   278 resdb_config_utils.cpp:49] CHATAY_HS1_COLD_START read_private_key_start ts_ms=1782872206531 file=/work/cert/node5.key.pri
hs2,repeat-01,5,key_cert_load,1782872206531,hs2/repeat-01/hs2/node-5.log,6,E20260701 02:16:46.531356   278 resdb_config_utils.cpp:71] CHATAY_HS1_COLD_START read_private_key_finish ts_ms=1782872206531 duration_ms=0 file=/work/cert/node5.key.pri bytes=36 hash_type=2
hs2,repeat-01,5,key_cert_load,1782872206531,hs2/repeat-01/hs2/node-5.log,7,E20260701 02:16:46.531359   278 resdb_config_utils.cpp:82] CHATAY_HS1_COLD_START read_cert_start ts_ms=1782872206531 file=/work/cert/cert_5.cert
hs2,repeat-01,5,key_cert_load,1782872206531,hs2/repeat-01/hs2/node-5.log,8,E20260701 02:16:46.531368   278 resdb_config_utils.cpp:104] CHATAY_HS1_COLD_START read_cert_finish ts_ms=1782872206531 duration_ms=0 file=/work/cert/cert_5.cert bytes=169 node_id=5 type=1
hs2,repeat-01,5,key_cert_load,1782872206531,hs2/repeat-01/hs2/node-5.log,9,E20260701 02:16:46.531370   278 resdb_config_utils.cpp:207] CHATAY_HS1_COLD_START key_cert_loaded ts_ms=1782872206531 node_id=5 public_key_hash_type=2 private_key_hash_type=2
hs2,repeat-01,5,config_load,1782872206531,hs2/repeat-01/hs2/node-5.log,10,E20260701 02:16:46.531374   278 resdb_config_utils.cpp:231] CHATAY_HS1_COLD_START generate_resdb_config_finish ts_ms=1782872206531 duration_ms=1 self=5 custom_gen=0
hs2,repeat-01,5,network_start,1782872206535,hs2/repeat-01/hs2/node-5.log,39,E20260701 02:16:46.535732   278 service_network.cpp:50] CHATAY_HS1_COLD_START service_network_ctor_start ts_ms=1782872206535 self=5 port=25215
hs2,repeat-01,5,network_start,1782872206536,hs2/repeat-01/hs2/node-5.log,47,E20260701 02:16:46.536099   278 service_network.cpp:143] CHATAY_HS1_COLD_START service_network_service_started ts_ms=1782872206536 self=5
hs2,repeat-01,5,network_start,1782872206536,hs2/repeat-01/hs2/node-5.log,53,E20260701 02:16:46.536247   278 service_network.cpp:151] CHATAY_HS1_COLD_START service_network_acceptor_run_enter ts_ms=1782872206536 self=5
hs2,repeat-01,5,bootstrap_heartbeat_send,1782872206536,hs2/repeat-01/hs2/node-5.log,55,E20260701 02:16:46.536219   309 consensus_manager.cpp:147] CHATAY_HS1_COLD_START heartbeat_send_start ts_ms=1782872206536 self=5 known_public_keys=1 all_replicas=4 current_ready=0
hs2,repeat-01,5,bootstrap_heartbeat_receive,1782872206538,hs2/repeat-01/hs2/node-5.log,60,E20260701 02:16:46.538105   311 consensus_manager.cpp:264] CHATAY_HS1_COLD_START heartbeat_receive_enter ts_ms=1782872206538 self=5
hs2,repeat-01,5,bootstrap_heartbeat_receive,1782872206538,hs2/repeat-01/hs2/node-5.log,61,E20260701 02:16:46.538149   315 consensus_manager.cpp:264] CHATAY_HS1_COLD_START heartbeat_receive_enter ts_ms=1782872206538 self=5
hs2,repeat-01,5,bootstrap_heartbeat_receive,1782872206538,hs2/repeat-01/hs2/node-5.log,62,E20260701 02:16:46.538152   330 consensus_manager.cpp:264] CHATAY_HS1_COLD_START heartbeat_receive_enter ts_ms=1782872206538 self=5
hs2,repeat-01,5,bootstrap_heartbeat_receive,1782872206538,hs2/repeat-01/hs2/node-5.log,63,E20260701 02:16:46.538172   320 consensus_manager.cpp:264] CHATAY_HS1_COLD_START heartbeat_receive_enter ts_ms=1782872206538 self=5
hs2,repeat-01,5,bootstrap_heartbeat_send,1782872206547,hs2/repeat-01/hs2/node-5.log,65,E20260701 02:16:46.547367   311 consensus_manager.cpp:147] CHATAY_HS1_COLD_START heartbeat_send_start ts_ms=1782872206547 self=5 known_public_keys=5 all_replicas=4 current_ready=0
hs2,repeat-01,5,bootstrap_heartbeat_receive,1782872206547,hs2/repeat-01/hs2/node-5.log,70,E20260701 02:16:46.547792   312 consensus_manager.cpp:264] CHATAY_HS1_COLD_START heartbeat_receive_enter ts_ms=1782872206547 self=5
hs2,repeat-01,5,bootstrap_heartbeat_receive,1782872206549,hs2/repeat-01/hs2/node-5.log,71,E20260701 02:16:46.549021   314 consensus_manager.cpp:264] CHATAY_HS1_COLD_START heartbeat_receive_enter ts_ms=1782872206549 self=5
hs2,repeat-01,5,bootstrap_heartbeat_receive,1782872206554,hs2/repeat-01/hs2/node-5.log,72,E20260701 02:16:46.554553   323 consensus_manager.cpp:264] CHATAY_HS1_COLD_START heartbeat_receive_enter ts_ms=1782872206554 self=5
hs2,repeat-01,5,readiness,1782872206557,hs2/repeat-01/hs2/node-5.log,73,E20260701 02:16:46.557761   311 consensus_manager.cpp:343] CHATAY_HS1_COLD_START readiness_reached ts_ms=1782872206557 self=5 replica_num=4 quorum=3 sender=2
hs2,repeat-01,5,readiness,20260701 02:16:46.557775,hs2/repeat-01/hs2/node-5.log,74,E20260701 02:16:46.557775   311 consensus_manager.cpp:349] ============ Server 5 is ready =====================
hs2,repeat-01,5,bootstrap_heartbeat_send,1782872206558,hs2/repeat-01/hs2/node-5.log,76,E20260701 02:16:46.558164   315 consensus_manager.cpp:147] CHATAY_HS1_COLD_START heartbeat_send_start ts_ms=1782872206558 self=5 known_public_keys=5 all_replicas=4 current_ready=1
hs2,repeat-01,5,bootstrap_heartbeat_receive,1782872206558,hs2/repeat-01/hs2/node-5.log,81,E20260701 02:16:46.558660   317 consensus_manager.cpp:264] CHATAY_HS1_COLD_START heartbeat_receive_enter ts_ms=1782872206558 self=5
hs2,repeat-01,5,bootstrap_heartbeat_send,1782872206568,hs2/repeat-01/hs2/node-5.log,83,E20260701 02:16:46.568920   330 consensus_manager.cpp:147] CHATAY_HS1_COLD_START heartbeat_send_start ts_ms=1782872206568 self=5 known_public_keys=5 all_replicas=4 current_ready=1
hs2,repeat-01,5,bootstrap_heartbeat_receive,1782872206569,hs2/repeat-01/hs2/node-5.log,88,E20260701 02:16:46.569526   318 consensus_manager.cpp:264] CHATAY_HS1_COLD_START heartbeat_receive_enter ts_ms=1782872206569 self=5
hs2,repeat-01,5,bootstrap_heartbeat_send,1782872206579,hs2/repeat-01/hs2/node-5.log,90,E20260701 02:16:46.579824   320 consensus_manager.cpp:147] CHATAY_HS1_COLD_START heartbeat_send_start ts_ms=1782872206579 self=5 known_public_keys=5 all_replicas=4 current_ready=1
hs2,repeat-01,5,bootstrap_heartbeat_receive,1782872206580,hs2/repeat-01/hs2/node-5.log,95,E20260701 02:16:46.580366   315 consensus_manager.cpp:264] CHATAY_HS1_COLD_START heartbeat_receive_enter ts_ms=1782872206580 self=5
hs2,repeat-01,5,bootstrap_heartbeat_send,1782872206590,hs2/repeat-01/hs2/node-5.log,97,E20260701 02:16:46.590806   312 consensus_manager.cpp:147] CHATAY_HS1_COLD_START heartbeat_send_start ts_ms=1782872206590 self=5 known_public_keys=5 all_replicas=4 current_ready=1
hs2,repeat-01,5,bootstrap_heartbeat_receive,1782872206591,hs2/repeat-01/hs2/node-5.log,102,E20260701 02:16:46.591188   320 consensus_manager.cpp:264] CHATAY_HS1_COLD_START heartbeat_receive_enter ts_ms=1782872206591 self=5
hs2,repeat-01,5,bootstrap_heartbeat_receive,1782872207045,hs2/repeat-01/hs2/node-5.log,109,E20260701 02:16:47.045899   320 consensus_manager.cpp:264] CHATAY_HS1_COLD_START heartbeat_receive_enter ts_ms=1782872207045 self=5
hs2,repeat-01,5,bootstrap_heartbeat_send,1782872207547,hs2/repeat-01/hs2/node-5.log,145,E20260701 02:16:47.547224   309 consensus_manager.cpp:147] CHATAY_HS1_COLD_START heartbeat_send_start ts_ms=1782872207547 self=5 known_public_keys=5 all_replicas=4 current_ready=1
hs2,repeat-01,5,bootstrap_heartbeat_receive,1782872207547,hs2/repeat-01/hs2/node-5.log,150,E20260701 02:16:47.547735   321 consensus_manager.cpp:264] CHATAY_HS1_COLD_START heartbeat_receive_enter ts_ms=1782872207547 self=5
hs2,repeat-02,client,client_get_ok,,hs2/repeat-02/hs2/client-get-001.log,3,client get value = chatay-hs2-value-20260701T021524Z-runtime-coldstart-hs2-r02-001
hs2,repeat-02,client,client_set_ok,,hs2/repeat-02/hs2/client-set-001.log,3,client set ret = 0
hs2,repeat-02,1,config_load,1782872210939,hs2/repeat-02/hs2/node-1.log,2,E20260701 02:16:50.939626    40 resdb_config_utils.cpp:198] CHATAY_HS1_COLD_START generate_resdb_config_start ts_ms=1782872210939 config_file=/work/config/server/server.config private_key_file=/work/cert/node1.key.pri cert_file=/work/cert/cert_1.cert
hs2,repeat-02,1,config_load,1782872210939,hs2/repeat-02/hs2/node-1.log,3,E20260701 02:16:50.939868    40 resdb_config_utils.cpp:133] CHATAY_HS1_COLD_START read_config_start ts_ms=1782872210939 file=/work/config/server/server.config
hs2,repeat-02,1,config_load,1782872210940,hs2/repeat-02/hs2/node-1.log,4,E20260701 02:16:50.940526    40 resdb_config_utils.cpp:154] CHATAY_HS1_COLD_START read_config_finish ts_ms=1782872210940 duration_ms=1 file=/work/config/server/server.config bytes=292 regions=1
hs2,repeat-02,1,key_cert_load,1782872210940,hs2/repeat-02/hs2/node-1.log,5,E20260701 02:16:50.940548    40 resdb_config_utils.cpp:49] CHATAY_HS1_COLD_START read_private_key_start ts_ms=1782872210940 file=/work/cert/node1.key.pri
hs2,repeat-02,1,key_cert_load,1782872210940,hs2/repeat-02/hs2/node-1.log,6,E20260701 02:16:50.940567    40 resdb_config_utils.cpp:71] CHATAY_HS1_COLD_START read_private_key_finish ts_ms=1782872210940 duration_ms=0 file=/work/cert/node1.key.pri bytes=36 hash_type=2
hs2,repeat-02,1,key_cert_load,1782872210940,hs2/repeat-02/hs2/node-1.log,7,E20260701 02:16:50.940572    40 resdb_config_utils.cpp:82] CHATAY_HS1_COLD_START read_cert_start ts_ms=1782872210940 file=/work/cert/cert_1.cert
hs2,repeat-02,1,key_cert_load,1782872210940,hs2/repeat-02/hs2/node-1.log,8,E20260701 02:16:50.940585    40 resdb_config_utils.cpp:104] CHATAY_HS1_COLD_START read_cert_finish ts_ms=1782872210940 duration_ms=0 file=/work/cert/cert_1.cert bytes=167 node_id=1 type=0
hs2,repeat-02,1,key_cert_load,1782872210940,hs2/repeat-02/hs2/node-1.log,9,E20260701 02:16:50.940588    40 resdb_config_utils.cpp:207] CHATAY_HS1_COLD_START key_cert_loaded ts_ms=1782872210940 node_id=1 public_key_hash_type=2 private_key_hash_type=2
hs2,repeat-02,1,config_load,1782872210940,hs2/repeat-02/hs2/node-1.log,10,E20260701 02:16:50.940593    40 resdb_config_utils.cpp:231] CHATAY_HS1_COLD_START generate_resdb_config_finish ts_ms=1782872210940 duration_ms=1 self=1 custom_gen=0
hs2,repeat-02,1,network_start,1782872210946,hs2/repeat-02/hs2/node-1.log,39,E20260701 02:16:50.946106    40 service_network.cpp:50] CHATAY_HS1_COLD_START service_network_ctor_start ts_ms=1782872210946 self=1 port=25221
hs2,repeat-02,1,network_start,1782872210946,hs2/repeat-02/hs2/node-1.log,47,E20260701 02:16:50.946754    40 service_network.cpp:143] CHATAY_HS1_COLD_START service_network_service_started ts_ms=1782872210946 self=1
hs2,repeat-02,1,bootstrap_heartbeat_send,1782872210946,hs2/repeat-02/hs2/node-1.log,50,E20260701 02:16:50.946806    71 consensus_manager.cpp:147] CHATAY_HS1_COLD_START heartbeat_send_start ts_ms=1782872210946 self=1 known_public_keys=1 all_replicas=4 current_ready=0
hs2,repeat-02,1,network_start,1782872210946,hs2/repeat-02/hs2/node-1.log,53,E20260701 02:16:50.946818    40 service_network.cpp:151] CHATAY_HS1_COLD_START service_network_acceptor_run_enter ts_ms=1782872210946 self=1
hs2,repeat-02,1,bootstrap_heartbeat_receive,1782872210948,hs2/repeat-02/hs2/node-1.log,78,E20260701 02:16:50.948220    91 consensus_manager.cpp:264] CHATAY_HS1_COLD_START heartbeat_receive_enter ts_ms=1782872210948 self=1
hs2,repeat-02,1,bootstrap_heartbeat_send,1782872210957,hs2/repeat-02/hs2/node-1.log,80,E20260701 02:16:50.957450    91 consensus_manager.cpp:147] CHATAY_HS1_COLD_START heartbeat_send_start ts_ms=1782872210957 self=1 known_public_keys=1 all_replicas=4 current_ready=0
hs2,repeat-02,1,bootstrap_heartbeat_receive,1782872210957,hs2/repeat-02/hs2/node-1.log,103,E20260701 02:16:50.957953    82 consensus_manager.cpp:264] CHATAY_HS1_COLD_START heartbeat_receive_enter ts_ms=1782872210957 self=1
hs2,repeat-02,1,bootstrap_heartbeat_receive,1782872211453,hs2/repeat-02/hs2/node-1.log,105,E20260701 02:16:51.453980    86 consensus_manager.cpp:264] CHATAY_HS1_COLD_START heartbeat_receive_enter ts_ms=1782872211453 self=1
hs2,repeat-02,1,bootstrap_heartbeat_send,1782872211454,hs2/repeat-02/hs2/node-1.log,107,E20260701 02:16:51.454095    86 consensus_manager.cpp:147] CHATAY_HS1_COLD_START heartbeat_send_start ts_ms=1782872211454 self=1 known_public_keys=2 all_replicas=4 current_ready=0
hs2,repeat-02,1,bootstrap_heartbeat_receive,1782872211454,hs2/repeat-02/hs2/node-1.log,121,E20260701 02:16:51.454401    80 consensus_manager.cpp:264] CHATAY_HS1_COLD_START heartbeat_receive_enter ts_ms=1782872211454 self=1
hs2,repeat-02,1,bootstrap_heartbeat_receive,1782872211461,hs2/repeat-02/hs2/node-1.log,125,E20260701 02:16:51.461577    76 consensus_manager.cpp:264] CHATAY_HS1_COLD_START heartbeat_receive_enter ts_ms=1782872211461 self=1
hs2,repeat-02,1,bootstrap_heartbeat_receive,1782872211471,hs2/repeat-02/hs2/node-1.log,128,E20260701 02:16:51.471976    90 consensus_manager.cpp:264] CHATAY_HS1_COLD_START heartbeat_receive_enter ts_ms=1782872211471 self=1
hs2,repeat-02,1,bootstrap_heartbeat_receive,1782872211954,hs2/repeat-02/hs2/node-1.log,130,E20260701 02:16:51.954909    78 consensus_manager.cpp:264] CHATAY_HS1_COLD_START heartbeat_receive_enter ts_ms=1782872211954 self=1
hs2,repeat-02,1,bootstrap_heartbeat_send,1782872211955,hs2/repeat-02/hs2/node-1.log,132,E20260701 02:16:51.955093    78 consensus_manager.cpp:147] CHATAY_HS1_COLD_START heartbeat_send_start ts_ms=1782872211955 self=1 known_public_keys=3 all_replicas=4 current_ready=0
hs2,repeat-02,1,bootstrap_heartbeat_receive,1782872211955,hs2/repeat-02/hs2/node-1.log,143,E20260701 02:16:51.955364    83 consensus_manager.cpp:264] CHATAY_HS1_COLD_START heartbeat_receive_enter ts_ms=1782872211955 self=1
hs2,repeat-02,1,bootstrap_heartbeat_receive,1782872211955,hs2/repeat-02/hs2/node-1.log,144,E20260701 02:16:51.955629    81 consensus_manager.cpp:264] CHATAY_HS1_COLD_START heartbeat_receive_enter ts_ms=1782872211955 self=1
hs2,repeat-02,1,bootstrap_heartbeat_receive,1782872211965,hs2/repeat-02/hs2/node-1.log,146,E20260701 02:16:51.965395    88 consensus_manager.cpp:264] CHATAY_HS1_COLD_START heartbeat_receive_enter ts_ms=1782872211965 self=1
hs2,repeat-02,1,readiness,1782872211965,hs2/repeat-02/hs2/node-1.log,147,E20260701 02:16:51.965619    83 consensus_manager.cpp:343] CHATAY_HS1_COLD_START readiness_reached ts_ms=1782872211965 self=1 replica_num=3 quorum=3 sender=1
hs2,repeat-02,1,readiness,20260701 02:16:51.965626,hs2/repeat-02/hs2/node-1.log,148,E20260701 02:16:51.965626    83 consensus_manager.cpp:349] ============ Server 1 is ready =====================
hs2,repeat-02,1,bootstrap_heartbeat_send,1782872211965,hs2/repeat-02/hs2/node-1.log,150,E20260701 02:16:51.965875    71 consensus_manager.cpp:147] CHATAY_HS1_COLD_START heartbeat_send_start ts_ms=1782872211965 self=1 known_public_keys=3 all_replicas=4 current_ready=1
hs2,repeat-02,1,bootstrap_heartbeat_receive,1782872211966,hs2/repeat-02/hs2/node-1.log,161,E20260701 02:16:51.966111    82 consensus_manager.cpp:264] CHATAY_HS1_COLD_START heartbeat_receive_enter ts_ms=1782872211966 self=1
hs2,repeat-02,1,bootstrap_heartbeat_receive,1782872211976,hs2/repeat-02/hs2/node-1.log,162,E20260701 02:16:51.976085    91 consensus_manager.cpp:264] CHATAY_HS1_COLD_START heartbeat_receive_enter ts_ms=1782872211976 self=1
hs2,repeat-02,1,bootstrap_heartbeat_receive,1782872211986,hs2/repeat-02/hs2/node-1.log,166,E20260701 02:16:51.986843    77 consensus_manager.cpp:264] CHATAY_HS1_COLD_START heartbeat_receive_enter ts_ms=1782872211986 self=1
hs2,repeat-02,1,bootstrap_heartbeat_receive,1782872212455,hs2/repeat-02/hs2/node-1.log,168,E20260701 02:16:52.455615    75 consensus_manager.cpp:264] CHATAY_HS1_COLD_START heartbeat_receive_enter ts_ms=1782872212455 self=1
hs2,repeat-02,1,bootstrap_heartbeat_send,1782872212455,hs2/repeat-02/hs2/node-1.log,170,E20260701 02:16:52.455778    75 consensus_manager.cpp:147] CHATAY_HS1_COLD_START heartbeat_send_start ts_ms=1782872212455 self=1 known_public_keys=4 all_replicas=4 current_ready=1
hs2,repeat-02,1,bootstrap_heartbeat_receive,1782872212455,hs2/repeat-02/hs2/node-1.log,174,E20260701 02:16:52.455969    78 consensus_manager.cpp:264] CHATAY_HS1_COLD_START heartbeat_receive_enter ts_ms=1782872212455 self=1
hs2,repeat-02,1,bootstrap_heartbeat_receive,1782872212456,hs2/repeat-02/hs2/node-1.log,175,E20260701 02:16:52.455996    86 consensus_manager.cpp:264] CHATAY_HS1_COLD_START heartbeat_receive_enter ts_ms=1782872212456 self=1
hs2,repeat-02,1,bootstrap_heartbeat_receive,1782872212456,hs2/repeat-02/hs2/node-1.log,177,E20260701 02:16:52.456141    80 consensus_manager.cpp:264] CHATAY_HS1_COLD_START heartbeat_receive_enter ts_ms=1782872212456 self=1
hs2,repeat-02,1,bootstrap_heartbeat_receive,1782872212461,hs2/repeat-02/hs2/node-1.log,178,E20260701 02:16:52.461457    91 consensus_manager.cpp:264] CHATAY_HS1_COLD_START heartbeat_receive_enter ts_ms=1782872212461 self=1
hs2,repeat-02,1,bootstrap_heartbeat_receive,1782872212466,hs2/repeat-02/hs2/node-1.log,179,E20260701 02:16:52.466095    88 consensus_manager.cpp:264] CHATAY_HS1_COLD_START heartbeat_receive_enter ts_ms=1782872212466 self=1
hs2,repeat-02,1,bootstrap_heartbeat_receive,1782872212476,hs2/repeat-02/hs2/node-1.log,185,E20260701 02:16:52.476992    85 consensus_manager.cpp:264] CHATAY_HS1_COLD_START heartbeat_receive_enter ts_ms=1782872212476 self=1
hs2,repeat-02,1,bootstrap_heartbeat_receive,1782872212487,hs2/repeat-02/hs2/node-1.log,187,E20260701 02:16:52.487865    74 consensus_manager.cpp:264] CHATAY_HS1_COLD_START heartbeat_receive_enter ts_ms=1782872212487 self=1
hs2,repeat-02,1,bootstrap_heartbeat_receive,1782872212498,hs2/repeat-02/hs2/node-1.log,189,E20260701 02:16:52.498697    83 consensus_manager.cpp:264] CHATAY_HS1_COLD_START heartbeat_receive_enter ts_ms=1782872212498 self=1
hs2,repeat-02,1,bootstrap_heartbeat_receive,1782872212959,hs2/repeat-02/hs2/node-1.log,191,E20260701 02:16:52.959409    76 consensus_manager.cpp:264] CHATAY_HS1_COLD_START heartbeat_receive_enter ts_ms=1782872212959 self=1
hs2,repeat-02,1,bootstrap_heartbeat_send,1782872212959,hs2/repeat-02/hs2/node-1.log,193,E20260701 02:16:52.959692    76 consensus_manager.cpp:147] CHATAY_HS1_COLD_START heartbeat_send_start ts_ms=1782872212959 self=1 known_public_keys=5 all_replicas=4 current_ready=1
hs2,repeat-02,1,bootstrap_heartbeat_receive,1782872212960,hs2/repeat-02/hs2/node-1.log,198,E20260701 02:16:52.960127    75 consensus_manager.cpp:264] CHATAY_HS1_COLD_START heartbeat_receive_enter ts_ms=1782872212960 self=1
hs2,repeat-02,1,bootstrap_heartbeat_receive,1782872212960,hs2/repeat-02/hs2/node-1.log,199,E20260701 02:16:52.960148    80 consensus_manager.cpp:264] CHATAY_HS1_COLD_START heartbeat_receive_enter ts_ms=1782872212960 self=1
hs2,repeat-02,1,bootstrap_heartbeat_receive,1782872212960,hs2/repeat-02/hs2/node-1.log,200,E20260701 02:16:52.960163    81 consensus_manager.cpp:264] CHATAY_HS1_COLD_START heartbeat_receive_enter ts_ms=1782872212960 self=1
hs2,repeat-02,1,bootstrap_heartbeat_receive,1782872212960,hs2/repeat-02/hs2/node-1.log,201,E20260701 02:16:52.960148    83 consensus_manager.cpp:264] CHATAY_HS1_COLD_START heartbeat_receive_enter ts_ms=1782872212960 self=1
hs2,repeat-02,1,bootstrap_heartbeat_receive,1782872212969,hs2/repeat-02/hs2/node-1.log,202,E20260701 02:16:52.969964    74 consensus_manager.cpp:264] CHATAY_HS1_COLD_START heartbeat_receive_enter ts_ms=1782872212969 self=1
hs2,repeat-02,1,bootstrap_heartbeat_receive,1782872212971,hs2/repeat-02/hs2/node-1.log,208,E20260701 02:16:52.971879    85 consensus_manager.cpp:264] CHATAY_HS1_COLD_START heartbeat_receive_enter ts_ms=1782872212971 self=1
hs2,repeat-02,1,bootstrap_heartbeat_send,1782872212976,hs2/repeat-02/hs2/node-1.log,210,E20260701 02:16:52.976271    71 consensus_manager.cpp:147] CHATAY_HS1_COLD_START heartbeat_send_start ts_ms=1782872212976 self=1 known_public_keys=5 all_replicas=4 current_ready=1
hs2,repeat-02,1,bootstrap_heartbeat_receive,1782872212976,hs2/repeat-02/hs2/node-1.log,215,E20260701 02:16:52.976764    83 consensus_manager.cpp:264] CHATAY_HS1_COLD_START heartbeat_receive_enter ts_ms=1782872212976 self=1
hs2,repeat-02,1,bootstrap_heartbeat_receive,1782872212980,hs2/repeat-02/hs2/node-1.log,216,E20260701 02:16:52.980957    86 consensus_manager.cpp:264] CHATAY_HS1_COLD_START heartbeat_receive_enter ts_ms=1782872212980 self=1
hs2,repeat-02,1,bootstrap_heartbeat_receive,1782872212991,hs2/repeat-02/hs2/node-1.log,219,E20260701 02:16:52.991690    91 consensus_manager.cpp:264] CHATAY_HS1_COLD_START heartbeat_receive_enter ts_ms=1782872212991 self=1
hs2,repeat-02,1,bootstrap_heartbeat_receive,1782872213002,hs2/repeat-02/hs2/node-1.log,221,E20260701 02:16:53.002679    82 consensus_manager.cpp:264] CHATAY_HS1_COLD_START heartbeat_receive_enter ts_ms=1782872213002 self=1
hs2,repeat-02,1,bootstrap_heartbeat_receive,1782872213013,hs2/repeat-02/hs2/node-1.log,223,E20260701 02:16:53.013638    79 consensus_manager.cpp:264] CHATAY_HS1_COLD_START heartbeat_receive_enter ts_ms=1782872213013 self=1
hs2,repeat-02,1,bootstrap_heartbeat_receive,1782872213466,hs2/repeat-02/hs2/node-1.log,225,E20260701 02:16:53.466204    75 consensus_manager.cpp:264] CHATAY_HS1_COLD_START heartbeat_receive_enter ts_ms=1782872213466 self=1
hs2,repeat-02,1,hs2_phase2_certified,20260701 02:16:53.620100,hs2/repeat-02/hs2/node-1.log,227,I20260701 02:16:53.620100    84 consensus_manager_hs2.cpp:181] CHATAY_HS2_PIPELINE certified seq=1 view=1 leader=1 block=��=aL������4R�S�gf����Pf
hs2,repeat-02,1,hs2_phase2_certified,20260701 02:16:53.622064,hs2/repeat-02/hs2/node-1.log,229,I20260701 02:16:53.622064    84 consensus_manager_hs2.cpp:181] CHATAY_HS2_PIPELINE certified seq=1 view=2 leader=2 block=��=aL������4R�S�gf����Pf
hs2,repeat-02,1,hs2_phase2_certified,20260701 02:16:53.626613,hs2/repeat-02/hs2/node-1.log,232,I20260701 02:16:53.626613    91 consensus_manager_hs2.cpp:181] CHATAY_HS2_PIPELINE certified seq=1 view=1 leader=2 block=��=aL������4R�S�gf����Pf
hs2,repeat-02,1,hs2_phase2_certified,20260701 02:16:53.633965,hs2/repeat-02/hs2/node-1.log,235,I20260701 02:16:53.633965    79 consensus_manager_hs2.cpp:181] CHATAY_HS2_PIPELINE certified seq=1 view=1 leader=2 block=��=aL������4R�S�gf����Pf
hs2,repeat-02,1,bootstrap_heartbeat_receive,1782872213969,hs2/repeat-02/hs2/node-1.log,238,E20260701 02:16:53.969842    84 consensus_manager.cpp:264] CHATAY_HS1_COLD_START heartbeat_receive_enter ts_ms=1782872213969 self=1
hs2,repeat-02,1,hs2_phase2_certified,20260701 02:16:54.622542,hs2/repeat-02/hs2/node-1.log,240,"I20260701 02:16:54.622542    90 consensus_manager_hs2.cpp:181] CHATAY_HS2_PIPELINE certified seq=2 view=1 leader=2 block=�K������ �6p�=P�6"
hs2,repeat-02,1,hs2_phase2_certified,20260701 02:16:54.628490,hs2/repeat-02/hs2/node-1.log,242,"I20260701 02:16:54.628490    75 consensus_manager_hs2.cpp:181] CHATAY_HS2_PIPELINE certified seq=2 view=2 leader=2 block=�K������ �6p�=P�6"
hs2,repeat-02,2,config_load,1782872211442,hs2/repeat-02/hs2/node-2.log,2,E20260701 02:16:51.442775    96 resdb_config_utils.cpp:198] CHATAY_HS1_COLD_START generate_resdb_config_start ts_ms=1782872211442 config_file=/work/config/server/server.config private_key_file=/work/cert/node2.key.pri cert_file=/work/cert/cert_2.cert
hs2,repeat-02,2,config_load,1782872211442,hs2/repeat-02/hs2/node-2.log,3,E20260701 02:16:51.442932    96 resdb_config_utils.cpp:133] CHATAY_HS1_COLD_START read_config_start ts_ms=1782872211442 file=/work/config/server/server.config
hs2,repeat-02,2,config_load,1782872211443,hs2/repeat-02/hs2/node-2.log,4,E20260701 02:16:51.443830    96 resdb_config_utils.cpp:154] CHATAY_HS1_COLD_START read_config_finish ts_ms=1782872211443 duration_ms=1 file=/work/config/server/server.config bytes=292 regions=1
hs2,repeat-02,2,key_cert_load,1782872211443,hs2/repeat-02/hs2/node-2.log,5,E20260701 02:16:51.443861    96 resdb_config_utils.cpp:49] CHATAY_HS1_COLD_START read_private_key_start ts_ms=1782872211443 file=/work/cert/node2.key.pri
hs2,repeat-02,2,key_cert_load,1782872211443,hs2/repeat-02/hs2/node-2.log,6,E20260701 02:16:51.443877    96 resdb_config_utils.cpp:71] CHATAY_HS1_COLD_START read_private_key_finish ts_ms=1782872211443 duration_ms=0 file=/work/cert/node2.key.pri bytes=36 hash_type=2
hs2,repeat-02,2,key_cert_load,1782872211443,hs2/repeat-02/hs2/node-2.log,7,E20260701 02:16:51.443881    96 resdb_config_utils.cpp:82] CHATAY_HS1_COLD_START read_cert_start ts_ms=1782872211443 file=/work/cert/cert_2.cert
hs2,repeat-02,2,key_cert_load,1782872211443,hs2/repeat-02/hs2/node-2.log,8,E20260701 02:16:51.443894    96 resdb_config_utils.cpp:104] CHATAY_HS1_COLD_START read_cert_finish ts_ms=1782872211443 duration_ms=0 file=/work/cert/cert_2.cert bytes=167 node_id=2 type=0
hs2,repeat-02,2,key_cert_load,1782872211443,hs2/repeat-02/hs2/node-2.log,9,E20260701 02:16:51.443899    96 resdb_config_utils.cpp:207] CHATAY_HS1_COLD_START key_cert_loaded ts_ms=1782872211443 node_id=2 public_key_hash_type=2 private_key_hash_type=2
hs2,repeat-02,2,config_load,1782872211443,hs2/repeat-02/hs2/node-2.log,10,E20260701 02:16:51.443904    96 resdb_config_utils.cpp:231] CHATAY_HS1_COLD_START generate_resdb_config_finish ts_ms=1782872211443 duration_ms=1 self=2 custom_gen=0
hs2,repeat-02,2,network_start,1782872211449,hs2/repeat-02/hs2/node-2.log,39,E20260701 02:16:51.449934    96 service_network.cpp:50] CHATAY_HS1_COLD_START service_network_ctor_start ts_ms=1782872211449 self=2 port=25222
hs2,repeat-02,2,network_start,1782872211450,hs2/repeat-02/hs2/node-2.log,47,E20260701 02:16:51.450331    96 service_network.cpp:143] CHATAY_HS1_COLD_START service_network_service_started ts_ms=1782872211450 self=2
hs2,repeat-02,2,bootstrap_heartbeat_send,1782872211450,hs2/repeat-02/hs2/node-2.log,50,E20260701 02:16:51.450382   127 consensus_manager.cpp:147] CHATAY_HS1_COLD_START heartbeat_send_start ts_ms=1782872211450 self=2 known_public_keys=1 all_replicas=4 current_ready=0
hs2,repeat-02,2,network_start,1782872211450,hs2/repeat-02/hs2/node-2.log,54,E20260701 02:16:51.450409    96 service_network.cpp:151] CHATAY_HS1_COLD_START service_network_acceptor_run_enter ts_ms=1782872211450 self=2
hs2,repeat-02,2,bootstrap_heartbeat_receive,1782872211451,hs2/repeat-02/hs2/node-2.log,72,E20260701 02:16:51.451571   141 consensus_manager.cpp:264] CHATAY_HS1_COLD_START heartbeat_receive_enter ts_ms=1782872211451 self=2
hs2,repeat-02,2,bootstrap_heartbeat_receive,1782872211454,hs2/repeat-02/hs2/node-2.log,73,E20260701 02:16:51.454413   132 consensus_manager.cpp:264] CHATAY_HS1_COLD_START heartbeat_receive_enter ts_ms=1782872211454 self=2
hs2,repeat-02,2,bootstrap_heartbeat_send,1782872211461,hs2/repeat-02/hs2/node-2.log,75,E20260701 02:16:51.461100   141 consensus_manager.cpp:147] CHATAY_HS1_COLD_START heartbeat_send_start ts_ms=1782872211461 self=2 known_public_keys=1 all_replicas=4 current_ready=0
hs2,repeat-02,2,bootstrap_heartbeat_receive,1782872211461,hs2/repeat-02/hs2/node-2.log,92,E20260701 02:16:51.461589   140 consensus_manager.cpp:264] CHATAY_HS1_COLD_START heartbeat_receive_enter ts_ms=1782872211461 self=2
hs2,repeat-02,2,bootstrap_heartbeat_send,1782872211471,hs2/repeat-02/hs2/node-2.log,94,E20260701 02:16:51.471671   132 consensus_manager.cpp:147] CHATAY_HS1_COLD_START heartbeat_send_start ts_ms=1782872211471 self=2 known_public_keys=2 all_replicas=4 current_ready=0
hs2,repeat-02,2,bootstrap_heartbeat_receive,1782872211472,hs2/repeat-02/hs2/node-2.log,104,E20260701 02:16:51.472013   137 consensus_manager.cpp:264] CHATAY_HS1_COLD_START heartbeat_receive_enter ts_ms=1782872211472 self=2
hs2,repeat-02,2,bootstrap_heartbeat_receive,1782872211955,hs2/repeat-02/hs2/node-2.log,114,E20260701 02:16:51.955034   140 consensus_manager.cpp:264] CHATAY_HS1_COLD_START heartbeat_receive_enter ts_ms=1782872211955 self=2
hs2,repeat-02,2,bootstrap_heartbeat_send,1782872211955,hs2/repeat-02/hs2/node-2.log,116,E20260701 02:16:51.955190   140 consensus_manager.cpp:147] CHATAY_HS1_COLD_START heartbeat_send_start ts_ms=1782872211955 self=2 known_public_keys=3 all_replicas=4 current_ready=0
hs2,repeat-02,2,bootstrap_heartbeat_receive,1782872211955,hs2/repeat-02/hs2/node-2.log,124,E20260701 02:16:51.955418   132 consensus_manager.cpp:264] CHATAY_HS1_COLD_START heartbeat_receive_enter ts_ms=1782872211955 self=2
hs2,repeat-02,2,bootstrap_heartbeat_receive,1782872211955,hs2/repeat-02/hs2/node-2.log,125,E20260701 02:16:51.955426   138 consensus_manager.cpp:264] CHATAY_HS1_COLD_START heartbeat_receive_enter ts_ms=1782872211955 self=2
hs2,repeat-02,2,bootstrap_heartbeat_receive,1782872211965,hs2/repeat-02/hs2/node-2.log,129,E20260701 02:16:51.965471   135 consensus_manager.cpp:264] CHATAY_HS1_COLD_START heartbeat_receive_enter ts_ms=1782872211965 self=2
hs2,repeat-02,2,readiness,1782872211965,hs2/repeat-02/hs2/node-2.log,132,E20260701 02:16:51.965866   138 consensus_manager.cpp:343] CHATAY_HS1_COLD_START readiness_reached ts_ms=1782872211965 self=2 replica_num=3 quorum=3 sender=2
hs2,repeat-02,2,readiness,20260701 02:16:51.965873,hs2/repeat-02/hs2/node-2.log,133,E20260701 02:16:51.965873   138 consensus_manager.cpp:349] ============ Server 2 is ready =====================
hs2,repeat-02,2,bootstrap_heartbeat_receive,1782872211966,hs2/repeat-02/hs2/node-2.log,135,E20260701 02:16:51.966104   142 consensus_manager.cpp:264] CHATAY_HS1_COLD_START heartbeat_receive_enter ts_ms=1782872211966 self=2
hs2,repeat-02,2,bootstrap_heartbeat_receive,1782872211976,hs2/repeat-02/hs2/node-2.log,137,E20260701 02:16:51.976106   130 consensus_manager.cpp:264] CHATAY_HS1_COLD_START heartbeat_receive_enter ts_ms=1782872211976 self=2
hs2,repeat-02,2,bootstrap_heartbeat_receive,1782872211986,hs2/repeat-02/hs2/node-2.log,139,E20260701 02:16:51.986850   130 consensus_manager.cpp:264] CHATAY_HS1_COLD_START heartbeat_receive_enter ts_ms=1782872211986 self=2
hs2,repeat-02,2,bootstrap_heartbeat_receive,1782872212455,hs2/repeat-02/hs2/node-2.log,141,E20260701 02:16:52.455694   134 consensus_manager.cpp:264] CHATAY_HS1_COLD_START heartbeat_receive_enter ts_ms=1782872212455 self=2
hs2,repeat-02,2,bootstrap_heartbeat_send,1782872212455,hs2/repeat-02/hs2/node-2.log,143,E20260701 02:16:52.455832   134 consensus_manager.cpp:147] CHATAY_HS1_COLD_START heartbeat_send_start ts_ms=1782872212455 self=2 known_public_keys=4 all_replicas=4 current_ready=1
hs2,repeat-02,2,bootstrap_heartbeat_receive,1782872212456,hs2/repeat-02/hs2/node-2.log,148,E20260701 02:16:52.456171   140 consensus_manager.cpp:264] CHATAY_HS1_COLD_START heartbeat_receive_enter ts_ms=1782872212456 self=2
hs2,repeat-02,2,bootstrap_heartbeat_receive,1782872212456,hs2/repeat-02/hs2/node-2.log,149,E20260701 02:16:52.456169   135 consensus_manager.cpp:264] CHATAY_HS1_COLD_START heartbeat_receive_enter ts_ms=1782872212456 self=2
hs2,repeat-02,2,bootstrap_heartbeat_receive,1782872212456,hs2/repeat-02/hs2/node-2.log,151,E20260701 02:16:52.456171   133 consensus_manager.cpp:264] CHATAY_HS1_COLD_START heartbeat_receive_enter ts_ms=1782872212456 self=2
hs2,repeat-02,2,bootstrap_heartbeat_send,1782872212461,hs2/repeat-02/hs2/node-2.log,154,E20260701 02:16:52.461040   127 consensus_manager.cpp:147] CHATAY_HS1_COLD_START heartbeat_send_start ts_ms=1782872212461 self=2 known_public_keys=4 all_replicas=4 current_ready=1
hs2,repeat-02,2,bootstrap_heartbeat_receive,1782872212461,hs2/repeat-02/hs2/node-2.log,159,E20260701 02:16:52.461473   146 consensus_manager.cpp:264] CHATAY_HS1_COLD_START heartbeat_receive_enter ts_ms=1782872212461 self=2
hs2,repeat-02,2,bootstrap_heartbeat_receive,1782872212466,hs2/repeat-02/hs2/node-2.log,160,E20260701 02:16:52.466097   136 consensus_manager.cpp:264] CHATAY_HS1_COLD_START heartbeat_receive_enter ts_ms=1782872212466 self=2
hs2,repeat-02,2,bootstrap_heartbeat_receive,1782872212477,hs2/repeat-02/hs2/node-2.log,163,E20260701 02:16:52.476997   139 consensus_manager.cpp:264] CHATAY_HS1_COLD_START heartbeat_receive_enter ts_ms=1782872212477 self=2
hs2,repeat-02,2,bootstrap_heartbeat_receive,1782872212487,hs2/repeat-02/hs2/node-2.log,165,E20260701 02:16:52.487814   146 consensus_manager.cpp:264] CHATAY_HS1_COLD_START heartbeat_receive_enter ts_ms=1782872212487 self=2
hs2,repeat-02,2,bootstrap_heartbeat_receive,1782872212498,hs2/repeat-02/hs2/node-2.log,167,E20260701 02:16:52.498728   134 consensus_manager.cpp:264] CHATAY_HS1_COLD_START heartbeat_receive_enter ts_ms=1782872212498 self=2
hs2,repeat-02,2,bootstrap_heartbeat_receive,1782872212959,hs2/repeat-02/hs2/node-2.log,169,E20260701 02:16:52.959403   138 consensus_manager.cpp:264] CHATAY_HS1_COLD_START heartbeat_receive_enter ts_ms=1782872212959 self=2
hs2,repeat-02,2,bootstrap_heartbeat_send,1782872212959,hs2/repeat-02/hs2/node-2.log,171,E20260701 02:16:52.959673   138 consensus_manager.cpp:147] CHATAY_HS1_COLD_START heartbeat_send_start ts_ms=1782872212959 self=2 known_public_keys=5 all_replicas=4 current_ready=1
hs2,repeat-02,2,bootstrap_heartbeat_receive,1782872212960,hs2/repeat-02/hs2/node-2.log,176,E20260701 02:16:52.960093   136 consensus_manager.cpp:264] CHATAY_HS1_COLD_START heartbeat_receive_enter ts_ms=1782872212960 self=2
hs2,repeat-02,2,bootstrap_heartbeat_receive,1782872212960,hs2/repeat-02/hs2/node-2.log,177,E20260701 02:16:52.960110   132 consensus_manager.cpp:264] CHATAY_HS1_COLD_START heartbeat_receive_enter ts_ms=1782872212960 self=2
hs2,repeat-02,2,bootstrap_heartbeat_receive,1782872212960,hs2/repeat-02/hs2/node-2.log,178,E20260701 02:16:52.960328   135 consensus_manager.cpp:264] CHATAY_HS1_COLD_START heartbeat_receive_enter ts_ms=1782872212960 self=2
hs2,repeat-02,2,bootstrap_heartbeat_receive,1782872212960,hs2/repeat-02/hs2/node-2.log,179,E20260701 02:16:52.960350   139 consensus_manager.cpp:264] CHATAY_HS1_COLD_START heartbeat_receive_enter ts_ms=1782872212960 self=2
hs2,repeat-02,2,bootstrap_heartbeat_receive,1782872212969,hs2/repeat-02/hs2/node-2.log,184,E20260701 02:16:52.969947   146 consensus_manager.cpp:264] CHATAY_HS1_COLD_START heartbeat_receive_enter ts_ms=1782872212969 self=2
hs2,repeat-02,2,bootstrap_heartbeat_receive,1782872212971,hs2/repeat-02/hs2/node-2.log,186,E20260701 02:16:52.971860   136 consensus_manager.cpp:264] CHATAY_HS1_COLD_START heartbeat_receive_enter ts_ms=1782872212971 self=2
hs2,repeat-02,2,bootstrap_heartbeat_receive,1782872212976,hs2/repeat-02/hs2/node-2.log,188,E20260701 02:16:52.976763   142 consensus_manager.cpp:264] CHATAY_HS1_COLD_START heartbeat_receive_enter ts_ms=1782872212976 self=2
hs2,repeat-02,2,bootstrap_heartbeat_receive,1782872212980,hs2/repeat-02/hs2/node-2.log,190,E20260701 02:16:52.980948   131 consensus_manager.cpp:264] CHATAY_HS1_COLD_START heartbeat_receive_enter ts_ms=1782872212980 self=2
hs2,repeat-02,2,bootstrap_heartbeat_receive,1782872212991,hs2/repeat-02/hs2/node-2.log,192,E20260701 02:16:52.991705   146 consensus_manager.cpp:264] CHATAY_HS1_COLD_START heartbeat_receive_enter ts_ms=1782872212991 self=2
hs2,repeat-02,2,bootstrap_heartbeat_receive,1782872213002,hs2/repeat-02/hs2/node-2.log,194,E20260701 02:16:53.002667   130 consensus_manager.cpp:264] CHATAY_HS1_COLD_START heartbeat_receive_enter ts_ms=1782872213002 self=2
hs2,repeat-02,2,bootstrap_heartbeat_receive,1782872213013,hs2/repeat-02/hs2/node-2.log,196,E20260701 02:16:53.013613   136 consensus_manager.cpp:264] CHATAY_HS1_COLD_START heartbeat_receive_enter ts_ms=1782872213013 self=2
hs2,repeat-02,2,bootstrap_heartbeat_receive,1782872213466,hs2/repeat-02/hs2/node-2.log,198,E20260701 02:16:53.466202   138 consensus_manager.cpp:264] CHATAY_HS1_COLD_START heartbeat_receive_enter ts_ms=1782872213466 self=2
hs2,repeat-02,2,hs2_phase2_certified,20260701 02:16:53.620460,hs2/repeat-02/hs2/node-2.log,200,"I20260701 02:16:53.620460   134 consensus_manager_hs2.cpp:181] CHATAY_HS2_PIPELINE certified seq=1 view=2 leader=2 block=t�O�E���n1׎��G�����O�#0 �,��� phase2_voters=3"
hs2,repeat-02,2,hs2_phase2_certified,20260701 02:16:53.622637,hs2/repeat-02/hs2/node-2.log,201,"I20260701 02:16:53.622637   132 consensus_manager_hs2.cpp:181] CHATAY_HS2_PIPELINE certified seq=1 view=2 leader=2 block=t�O�E���n1׎��G�����O�#0 �,��� phase2_voters=3"
hs2,repeat-02,2,hs2_phase2_certified,20260701 02:16:53.627137,hs2/repeat-02/hs2/node-2.log,203,"I20260701 02:16:53.627137   134 consensus_manager_hs2.cpp:181] CHATAY_HS2_PIPELINE certified seq=1 view=1 leader=2 block=t�O�E���n1׎��G�����O�#0 �,��� phase2_voters=3"
hs2,repeat-02,2,hs2_phase2_certified,20260701 02:16:53.633759,hs2/repeat-02/hs2/node-2.log,205,"I20260701 02:16:53.633759   141 consensus_manager_hs2.cpp:181] CHATAY_HS2_PIPELINE certified seq=1 view=1 leader=2 block=t�O�E���n1׎��G�����O�#0 �,��� phase2_voters=3"
hs2,repeat-02,2,bootstrap_heartbeat_receive,1782872213969,hs2/repeat-02/hs2/node-2.log,207,E20260701 02:16:53.969846   136 consensus_manager.cpp:264] CHATAY_HS1_COLD_START heartbeat_receive_enter ts_ms=1782872213969 self=2
hs2,repeat-02,2,hs2_phase2_certified,20260701 02:16:54.623306,hs2/repeat-02/hs2/node-2.log,209,I20260701 02:16:54.623306   138 consensus_manager_hs2.cpp:181] CHATAY_HS2_PIPELINE certified seq=2 view=2 leader=2 block=
hs2,repeat-02,2,hs2_phase2_certified,20260701 02:16:54.628551,hs2/repeat-02/hs2/node-2.log,212,I20260701 02:16:54.628551   143 consensus_manager_hs2.cpp:181] CHATAY_HS2_PIPELINE certified seq=2 view=2 leader=2 block=
hs2,repeat-02,3,config_load,1782872211946,hs2/repeat-02/hs2/node-3.log,2,E20260701 02:16:51.946053   154 resdb_config_utils.cpp:198] CHATAY_HS1_COLD_START generate_resdb_config_start ts_ms=1782872211946 config_file=/work/config/server/server.config private_key_file=/work/cert/node3.key.pri cert_file=/work/cert/cert_3.cert
hs2,repeat-02,3,config_load,1782872211946,hs2/repeat-02/hs2/node-3.log,3,E20260701 02:16:51.946137   154 resdb_config_utils.cpp:133] CHATAY_HS1_COLD_START read_config_start ts_ms=1782872211946 file=/work/config/server/server.config
hs2,repeat-02,3,config_load,1782872211946,hs2/repeat-02/hs2/node-3.log,4,E20260701 02:16:51.946976   154 resdb_config_utils.cpp:154] CHATAY_HS1_COLD_START read_config_finish ts_ms=1782872211946 duration_ms=0 file=/work/config/server/server.config bytes=292 regions=1
hs2,repeat-02,3,key_cert_load,1782872211947,hs2/repeat-02/hs2/node-3.log,5,E20260701 02:16:51.947005   154 resdb_config_utils.cpp:49] CHATAY_HS1_COLD_START read_private_key_start ts_ms=1782872211947 file=/work/cert/node3.key.pri
hs2,repeat-02,3,key_cert_load,1782872211947,hs2/repeat-02/hs2/node-3.log,6,E20260701 02:16:51.947024   154 resdb_config_utils.cpp:71] CHATAY_HS1_COLD_START read_private_key_finish ts_ms=1782872211947 duration_ms=0 file=/work/cert/node3.key.pri bytes=36 hash_type=2
hs2,repeat-02,3,key_cert_load,1782872211947,hs2/repeat-02/hs2/node-3.log,7,E20260701 02:16:51.947029   154 resdb_config_utils.cpp:82] CHATAY_HS1_COLD_START read_cert_start ts_ms=1782872211947 file=/work/cert/cert_3.cert
hs2,repeat-02,3,key_cert_load,1782872211947,hs2/repeat-02/hs2/node-3.log,8,E20260701 02:16:51.947041   154 resdb_config_utils.cpp:104] CHATAY_HS1_COLD_START read_cert_finish ts_ms=1782872211947 duration_ms=0 file=/work/cert/cert_3.cert bytes=167 node_id=3 type=0
hs2,repeat-02,3,key_cert_load,1782872211947,hs2/repeat-02/hs2/node-3.log,9,E20260701 02:16:51.947045   154 resdb_config_utils.cpp:207] CHATAY_HS1_COLD_START key_cert_loaded ts_ms=1782872211947 node_id=3 public_key_hash_type=2 private_key_hash_type=2
hs2,repeat-02,3,config_load,1782872211947,hs2/repeat-02/hs2/node-3.log,10,E20260701 02:16:51.947052   154 resdb_config_utils.cpp:231] CHATAY_HS1_COLD_START generate_resdb_config_finish ts_ms=1782872211947 duration_ms=1 self=3 custom_gen=0
hs2,repeat-02,3,network_start,1782872211953,hs2/repeat-02/hs2/node-3.log,39,E20260701 02:16:51.953552   154 service_network.cpp:50] CHATAY_HS1_COLD_START service_network_ctor_start ts_ms=1782872211953 self=3 port=25223
hs2,repeat-02,3,network_start,1782872211954,hs2/repeat-02/hs2/node-3.log,47,E20260701 02:16:51.954236   154 service_network.cpp:143] CHATAY_HS1_COLD_START service_network_service_started ts_ms=1782872211954 self=3
hs2,repeat-02,3,network_start,1782872211954,hs2/repeat-02/hs2/node-3.log,53,E20260701 02:16:51.954377   154 service_network.cpp:151] CHATAY_HS1_COLD_START service_network_acceptor_run_enter ts_ms=1782872211954 self=3
hs2,repeat-02,3,bootstrap_heartbeat_send,1782872211954,hs2/repeat-02/hs2/node-3.log,55,E20260701 02:16:51.954437   185 consensus_manager.cpp:147] CHATAY_HS1_COLD_START heartbeat_send_start ts_ms=1782872211954 self=3 known_public_keys=1 all_replicas=4 current_ready=0
hs2,repeat-02,3,bootstrap_heartbeat_receive,1782872211955,hs2/repeat-02/hs2/node-3.log,66,E20260701 02:16:51.955374   192 consensus_manager.cpp:264] CHATAY_HS1_COLD_START heartbeat_receive_enter ts_ms=1782872211955 self=3
hs2,repeat-02,3,bootstrap_heartbeat_receive,1782872211955,hs2/repeat-02/hs2/node-3.log,67,E20260701 02:16:51.955642   193 consensus_manager.cpp:264] CHATAY_HS1_COLD_START heartbeat_receive_enter ts_ms=1782872211955 self=3
hs2,repeat-02,3,bootstrap_heartbeat_receive,1782872211955,hs2/repeat-02/hs2/node-3.log,68,E20260701 02:16:51.955654   191 consensus_manager.cpp:264] CHATAY_HS1_COLD_START heartbeat_receive_enter ts_ms=1782872211955 self=3
hs2,repeat-02,3,bootstrap_heartbeat_send,1782872211965,hs2/repeat-02/hs2/node-3.log,70,E20260701 02:16:51.965099   192 consensus_manager.cpp:147] CHATAY_HS1_COLD_START heartbeat_send_start ts_ms=1782872211965 self=3 known_public_keys=1 all_replicas=4 current_ready=0
hs2,repeat-02,3,bootstrap_heartbeat_receive,1782872211965,hs2/repeat-02/hs2/node-3.log,81,E20260701 02:16:51.965482   198 consensus_manager.cpp:264] CHATAY_HS1_COLD_START heartbeat_receive_enter ts_ms=1782872211965 self=3
hs2,repeat-02,3,bootstrap_heartbeat_receive,1782872211966,hs2/repeat-02/hs2/node-3.log,82,E20260701 02:16:51.966142   188 consensus_manager.cpp:264] CHATAY_HS1_COLD_START heartbeat_receive_enter ts_ms=1782872211966 self=3
hs2,repeat-02,3,bootstrap_heartbeat_send,1782872211975,hs2/repeat-02/hs2/node-3.log,84,E20260701 02:16:51.975684   193 consensus_manager.cpp:147] CHATAY_HS1_COLD_START heartbeat_send_start ts_ms=1782872211975 self=3 known_public_keys=3 all_replicas=4 current_ready=0
hs2,repeat-02,3,bootstrap_heartbeat_receive,1782872211976,hs2/repeat-02/hs2/node-3.log,95,E20260701 02:16:51.976168   202 consensus_manager.cpp:264] CHATAY_HS1_COLD_START heartbeat_receive_enter ts_ms=1782872211976 self=3
hs2,repeat-02,3,readiness,1782872211986,hs2/repeat-02/hs2/node-3.log,96,E20260701 02:16:51.986054   193 consensus_manager.cpp:343] CHATAY_HS1_COLD_START readiness_reached ts_ms=1782872211986 self=3 replica_num=3 quorum=3 sender=1
hs2,repeat-02,3,readiness,20260701 02:16:51.986085,hs2/repeat-02/hs2/node-3.log,97,E20260701 02:16:51.986085   193 consensus_manager.cpp:349] ============ Server 3 is ready =====================
hs2,repeat-02,3,bootstrap_heartbeat_send,1782872211986,hs2/repeat-02/hs2/node-3.log,99,E20260701 02:16:51.986485   191 consensus_manager.cpp:147] CHATAY_HS1_COLD_START heartbeat_send_start ts_ms=1782872211986 self=3 known_public_keys=3 all_replicas=4 current_ready=1
hs2,repeat-02,3,bootstrap_heartbeat_receive,1782872211986,hs2/repeat-02/hs2/node-3.log,108,E20260701 02:16:51.986843   193 consensus_manager.cpp:264] CHATAY_HS1_COLD_START heartbeat_receive_enter ts_ms=1782872211986 self=3
hs2,repeat-02,3,bootstrap_heartbeat_receive,1782872212455,hs2/repeat-02/hs2/node-3.log,115,E20260701 02:16:52.455790   203 consensus_manager.cpp:264] CHATAY_HS1_COLD_START heartbeat_receive_enter ts_ms=1782872212455 self=3
hs2,repeat-02,3,bootstrap_heartbeat_send,1782872212455,hs2/repeat-02/hs2/node-3.log,117,E20260701 02:16:52.455917   203 consensus_manager.cpp:147] CHATAY_HS1_COLD_START heartbeat_send_start ts_ms=1782872212455 self=3 known_public_keys=4 all_replicas=4 current_ready=1
hs2,repeat-02,3,bootstrap_heartbeat_receive,1782872212456,hs2/repeat-02/hs2/node-3.log,122,E20260701 02:16:52.456203   196 consensus_manager.cpp:264] CHATAY_HS1_COLD_START heartbeat_receive_enter ts_ms=1782872212456 self=3
hs2,repeat-02,3,bootstrap_heartbeat_receive,1782872212456,hs2/repeat-02/hs2/node-3.log,123,E20260701 02:16:52.456209   194 consensus_manager.cpp:264] CHATAY_HS1_COLD_START heartbeat_receive_enter ts_ms=1782872212456 self=3
hs2,repeat-02,3,bootstrap_heartbeat_receive,1782872212456,hs2/repeat-02/hs2/node-3.log,125,E20260701 02:16:52.456339   203 consensus_manager.cpp:264] CHATAY_HS1_COLD_START heartbeat_receive_enter ts_ms=1782872212456 self=3
hs2,repeat-02,3,bootstrap_heartbeat_receive,1782872212461,hs2/repeat-02/hs2/node-3.log,128,E20260701 02:16:52.461464   195 consensus_manager.cpp:264] CHATAY_HS1_COLD_START heartbeat_receive_enter ts_ms=1782872212461 self=3
hs2,repeat-02,3,bootstrap_heartbeat_receive,1782872212466,hs2/repeat-02/hs2/node-3.log,130,E20260701 02:16:52.466099   203 consensus_manager.cpp:264] CHATAY_HS1_COLD_START heartbeat_receive_enter ts_ms=1782872212466 self=3
hs2,repeat-02,3,bootstrap_heartbeat_receive,1782872212476,hs2/repeat-02/hs2/node-3.log,132,E20260701 02:16:52.476987   203 consensus_manager.cpp:264] CHATAY_HS1_COLD_START heartbeat_receive_enter ts_ms=1782872212476 self=3
hs2,repeat-02,3,bootstrap_heartbeat_receive,1782872212487,hs2/repeat-02/hs2/node-3.log,134,E20260701 02:16:52.487843   191 consensus_manager.cpp:264] CHATAY_HS1_COLD_START heartbeat_receive_enter ts_ms=1782872212487 self=3
hs2,repeat-02,3,bootstrap_heartbeat_receive,1782872212498,hs2/repeat-02/hs2/node-3.log,136,E20260701 02:16:52.498721   200 consensus_manager.cpp:264] CHATAY_HS1_COLD_START heartbeat_receive_enter ts_ms=1782872212498 self=3
hs2,repeat-02,3,bootstrap_heartbeat_receive,1782872212959,hs2/repeat-02/hs2/node-3.log,138,E20260701 02:16:52.959502   195 consensus_manager.cpp:264] CHATAY_HS1_COLD_START heartbeat_receive_enter ts_ms=1782872212959 self=3
hs2,repeat-02,3,bootstrap_heartbeat_send,1782872212959,hs2/repeat-02/hs2/node-3.log,140,E20260701 02:16:52.959679   195 consensus_manager.cpp:147] CHATAY_HS1_COLD_START heartbeat_send_start ts_ms=1782872212959 self=3 known_public_keys=5 all_replicas=4 current_ready=1
hs2,repeat-02,3,bootstrap_heartbeat_receive,1782872212960,hs2/repeat-02/hs2/node-3.log,145,E20260701 02:16:52.960286   193 consensus_manager.cpp:264] CHATAY_HS1_COLD_START heartbeat_receive_enter ts_ms=1782872212960 self=3
hs2,repeat-02,3,bootstrap_heartbeat_receive,1782872212960,hs2/repeat-02/hs2/node-3.log,146,E20260701 02:16:52.960304   191 consensus_manager.cpp:264] CHATAY_HS1_COLD_START heartbeat_receive_enter ts_ms=1782872212960 self=3
hs2,repeat-02,3,bootstrap_heartbeat_receive,1782872212960,hs2/repeat-02/hs2/node-3.log,147,E20260701 02:16:52.960316   188 consensus_manager.cpp:264] CHATAY_HS1_COLD_START heartbeat_receive_enter ts_ms=1782872212960 self=3
hs2,repeat-02,3,bootstrap_heartbeat_receive,1782872212960,hs2/repeat-02/hs2/node-3.log,148,E20260701 02:16:52.960331   196 consensus_manager.cpp:264] CHATAY_HS1_COLD_START heartbeat_receive_enter ts_ms=1782872212960 self=3
hs2,repeat-02,3,bootstrap_heartbeat_receive,1782872212970,hs2/repeat-02/hs2/node-3.log,150,E20260701 02:16:52.970080   190 consensus_manager.cpp:264] CHATAY_HS1_COLD_START heartbeat_receive_enter ts_ms=1782872212970 self=3
hs2,repeat-02,3,bootstrap_heartbeat_send,1782872212971,hs2/repeat-02/hs2/node-3.log,154,E20260701 02:16:52.971614   185 consensus_manager.cpp:147] CHATAY_HS1_COLD_START heartbeat_send_start ts_ms=1782872212971 self=3 known_public_keys=5 all_replicas=4 current_ready=1
hs2,repeat-02,3,bootstrap_heartbeat_receive,1782872212971,hs2/repeat-02/hs2/node-3.log,159,E20260701 02:16:52.971951   196 consensus_manager.cpp:264] CHATAY_HS1_COLD_START heartbeat_receive_enter ts_ms=1782872212971 self=3
hs2,repeat-02,3,bootstrap_heartbeat_receive,1782872212976,hs2/repeat-02/hs2/node-3.log,160,E20260701 02:16:52.976840   202 consensus_manager.cpp:264] CHATAY_HS1_COLD_START heartbeat_receive_enter ts_ms=1782872212976 self=3
hs2,repeat-02,3,bootstrap_heartbeat_receive,1782872212980,hs2/repeat-02/hs2/node-3.log,161,E20260701 02:16:52.980960   198 consensus_manager.cpp:264] CHATAY_HS1_COLD_START heartbeat_receive_enter ts_ms=1782872212980 self=3
hs2,repeat-02,3,bootstrap_heartbeat_receive,1782872212991,hs2/repeat-02/hs2/node-3.log,166,E20260701 02:16:52.991725   198 consensus_manager.cpp:264] CHATAY_HS1_COLD_START heartbeat_receive_enter ts_ms=1782872212991 self=3
hs2,repeat-02,3,bootstrap_heartbeat_receive,1782872213002,hs2/repeat-02/hs2/node-3.log,168,E20260701 02:16:53.002673   200 consensus_manager.cpp:264] CHATAY_HS1_COLD_START heartbeat_receive_enter ts_ms=1782872213002 self=3
hs2,repeat-02,3,bootstrap_heartbeat_receive,1782872213013,hs2/repeat-02/hs2/node-3.log,170,E20260701 02:16:53.013628   198 consensus_manager.cpp:264] CHATAY_HS1_COLD_START heartbeat_receive_enter ts_ms=1782872213013 self=3
hs2,repeat-02,3,bootstrap_heartbeat_receive,1782872213466,hs2/repeat-02/hs2/node-3.log,172,E20260701 02:16:53.466224   188 consensus_manager.cpp:264] CHATAY_HS1_COLD_START heartbeat_receive_enter ts_ms=1782872213466 self=3
hs2,repeat-02,3,hs2_phase2_certified,20260701 02:16:53.623476,hs2/repeat-02/hs2/node-3.log,174,"I20260701 02:16:53.623476   188 consensus_manager_hs2.cpp:181] CHATAY_HS2_PIPELINE certified seq=1 view=2 leader=2 block=t�O�E���n1׎��G�����O�#0 �,��� phase2_voters=3"
hs2,repeat-02,3,hs2_phase2_certified,20260701 02:16:53.627921,hs2/repeat-02/hs2/node-3.log,175,"I20260701 02:16:53.627921   198 consensus_manager_hs2.cpp:181] CHATAY_HS2_PIPELINE certified seq=1 view=1 leader=2 block=t�O�E���n1׎��G�����O�#0 �,��� phase2_voters=3"
hs2,repeat-02,3,hs2_phase2_certified,20260701 02:16:53.633761,hs2/repeat-02/hs2/node-3.log,177,"I20260701 02:16:53.633761   196 consensus_manager_hs2.cpp:181] CHATAY_HS2_PIPELINE certified seq=1 view=1 leader=2 block=t�O�E���n1׎��G�����O�#0 �,��� phase2_voters=3"
hs2,repeat-02,3,bootstrap_heartbeat_receive,1782872213969,hs2/repeat-02/hs2/node-3.log,179,E20260701 02:16:53.969852   198 consensus_manager.cpp:264] CHATAY_HS1_COLD_START heartbeat_receive_enter ts_ms=1782872213969 self=3
hs2,repeat-02,3,hs2_phase2_certified,20260701 02:16:54.628805,hs2/repeat-02/hs2/node-3.log,181,I20260701 02:16:54.628805   187 consensus_manager_hs2.cpp:181] CHATAY_HS2_PIPELINE certified seq=2 view=2 leader=2 block=
hs2,repeat-02,4,config_load,1782872212448,hs2/repeat-02/hs2/node-4.log,2,E20260701 02:16:52.448364   215 resdb_config_utils.cpp:198] CHATAY_HS1_COLD_START generate_resdb_config_start ts_ms=1782872212448 config_file=/work/config/server/server.config private_key_file=/work/cert/node4.key.pri cert_file=/work/cert/cert_4.cert
hs2,repeat-02,4,config_load,1782872212448,hs2/repeat-02/hs2/node-4.log,3,E20260701 02:16:52.448417   215 resdb_config_utils.cpp:133] CHATAY_HS1_COLD_START read_config_start ts_ms=1782872212448 file=/work/config/server/server.config
hs2,repeat-02,4,config_load,1782872212448,hs2/repeat-02/hs2/node-4.log,4,E20260701 02:16:52.448980   215 resdb_config_utils.cpp:154] CHATAY_HS1_COLD_START read_config_finish ts_ms=1782872212448 duration_ms=0 file=/work/config/server/server.config bytes=292 regions=1
hs2,repeat-02,4,key_cert_load,1782872212448,hs2/repeat-02/hs2/node-4.log,5,E20260701 02:16:52.448997   215 resdb_config_utils.cpp:49] CHATAY_HS1_COLD_START read_private_key_start ts_ms=1782872212448 file=/work/cert/node4.key.pri
hs2,repeat-02,4,key_cert_load,1782872212449,hs2/repeat-02/hs2/node-4.log,6,E20260701 02:16:52.449007   215 resdb_config_utils.cpp:71] CHATAY_HS1_COLD_START read_private_key_finish ts_ms=1782872212449 duration_ms=1 file=/work/cert/node4.key.pri bytes=36 hash_type=2
hs2,repeat-02,4,key_cert_load,1782872212449,hs2/repeat-02/hs2/node-4.log,7,E20260701 02:16:52.449010   215 resdb_config_utils.cpp:82] CHATAY_HS1_COLD_START read_cert_start ts_ms=1782872212449 file=/work/cert/cert_4.cert
hs2,repeat-02,4,key_cert_load,1782872212449,hs2/repeat-02/hs2/node-4.log,8,E20260701 02:16:52.449019   215 resdb_config_utils.cpp:104] CHATAY_HS1_COLD_START read_cert_finish ts_ms=1782872212449 duration_ms=0 file=/work/cert/cert_4.cert bytes=167 node_id=4 type=0
hs2,repeat-02,4,key_cert_load,1782872212449,hs2/repeat-02/hs2/node-4.log,9,E20260701 02:16:52.449023   215 resdb_config_utils.cpp:207] CHATAY_HS1_COLD_START key_cert_loaded ts_ms=1782872212449 node_id=4 public_key_hash_type=2 private_key_hash_type=2
hs2,repeat-02,4,config_load,1782872212449,hs2/repeat-02/hs2/node-4.log,10,E20260701 02:16:52.449026   215 resdb_config_utils.cpp:231] CHATAY_HS1_COLD_START generate_resdb_config_finish ts_ms=1782872212449 duration_ms=1 self=4 custom_gen=0
hs2,repeat-02,4,network_start,1782872212454,hs2/repeat-02/hs2/node-4.log,39,E20260701 02:16:52.454173   215 service_network.cpp:50] CHATAY_HS1_COLD_START service_network_ctor_start ts_ms=1782872212454 self=4 port=25224
hs2,repeat-02,4,network_start,1782872212454,hs2/repeat-02/hs2/node-4.log,47,E20260701 02:16:52.454480   215 service_network.cpp:143] CHATAY_HS1_COLD_START service_network_service_started ts_ms=1782872212454 self=4
hs2,repeat-02,4,network_start,1782872212454,hs2/repeat-02/hs2/node-4.log,52,E20260701 02:16:52.454625   215 service_network.cpp:151] CHATAY_HS1_COLD_START service_network_acceptor_run_enter ts_ms=1782872212454 self=4
hs2,repeat-02,4,bootstrap_heartbeat_send,1782872212454,hs2/repeat-02/hs2/node-4.log,54,E20260701 02:16:52.454595   246 consensus_manager.cpp:147] CHATAY_HS1_COLD_START heartbeat_send_start ts_ms=1782872212454 self=4 known_public_keys=1 all_replicas=4 current_ready=0
hs2,repeat-02,4,bootstrap_heartbeat_receive,1782872212456,hs2/repeat-02/hs2/node-4.log,60,E20260701 02:16:52.456018   260 consensus_manager.cpp:264] CHATAY_HS1_COLD_START heartbeat_receive_enter ts_ms=1782872212456 self=4
hs2,repeat-02,4,bootstrap_heartbeat_receive,1782872212456,hs2/repeat-02/hs2/node-4.log,61,E20260701 02:16:52.456303   248 consensus_manager.cpp:264] CHATAY_HS1_COLD_START heartbeat_receive_enter ts_ms=1782872212456 self=4
hs2,repeat-02,4,bootstrap_heartbeat_receive,1782872212456,hs2/repeat-02/hs2/node-4.log,62,E20260701 02:16:52.456350   255 consensus_manager.cpp:264] CHATAY_HS1_COLD_START heartbeat_receive_enter ts_ms=1782872212456 self=4
hs2,repeat-02,4,bootstrap_heartbeat_receive,1782872212456,hs2/repeat-02/hs2/node-4.log,63,E20260701 02:16:52.456351   259 consensus_manager.cpp:264] CHATAY_HS1_COLD_START heartbeat_receive_enter ts_ms=1782872212456 self=4
hs2,repeat-02,4,bootstrap_heartbeat_receive,1782872212461,hs2/repeat-02/hs2/node-4.log,64,E20260701 02:16:52.461697   258 consensus_manager.cpp:264] CHATAY_HS1_COLD_START heartbeat_receive_enter ts_ms=1782872212461 self=4
hs2,repeat-02,4,bootstrap_heartbeat_send,1782872212465,hs2/repeat-02/hs2/node-4.log,66,E20260701 02:16:52.465798   260 consensus_manager.cpp:147] CHATAY_HS1_COLD_START heartbeat_send_start ts_ms=1782872212465 self=4 known_public_keys=1 all_replicas=4 current_ready=0
hs2,repeat-02,4,bootstrap_heartbeat_receive,1782872212466,hs2/repeat-02/hs2/node-4.log,71,E20260701 02:16:52.466179   256 consensus_manager.cpp:264] CHATAY_HS1_COLD_START heartbeat_receive_enter ts_ms=1782872212466 self=4
hs2,repeat-02,4,bootstrap_heartbeat_send,1782872212476,hs2/repeat-02/hs2/node-4.log,73,E20260701 02:16:52.476649   248 consensus_manager.cpp:147] CHATAY_HS1_COLD_START heartbeat_send_start ts_ms=1782872212476 self=4 known_public_keys=4 all_replicas=4 current_ready=0
hs2,repeat-02,4,bootstrap_heartbeat_receive,1782872212477,hs2/repeat-02/hs2/node-4.log,78,E20260701 02:16:52.477023   249 consensus_manager.cpp:264] CHATAY_HS1_COLD_START heartbeat_receive_enter ts_ms=1782872212477 self=4
hs2,repeat-02,4,readiness,1782872212487,hs2/repeat-02/hs2/node-4.log,79,E20260701 02:16:52.487128   248 consensus_manager.cpp:343] CHATAY_HS1_COLD_START readiness_reached ts_ms=1782872212487 self=4 replica_num=4 quorum=3 sender=2
hs2,repeat-02,4,readiness,20260701 02:16:52.487147,hs2/repeat-02/hs2/node-4.log,80,E20260701 02:16:52.487147   248 consensus_manager.cpp:349] ============ Server 4 is ready =====================
hs2,repeat-02,4,bootstrap_heartbeat_send,1782872212487,hs2/repeat-02/hs2/node-4.log,82,E20260701 02:16:52.487510   255 consensus_manager.cpp:147] CHATAY_HS1_COLD_START heartbeat_send_start ts_ms=1782872212487 self=4 known_public_keys=4 all_replicas=4 current_ready=1
hs2,repeat-02,4,bootstrap_heartbeat_receive,1782872212487,hs2/repeat-02/hs2/node-4.log,87,E20260701 02:16:52.487869   253 consensus_manager.cpp:264] CHATAY_HS1_COLD_START heartbeat_receive_enter ts_ms=1782872212487 self=4
hs2,repeat-02,4,bootstrap_heartbeat_send,1782872212498,hs2/repeat-02/hs2/node-4.log,89,E20260701 02:16:52.498354   259 consensus_manager.cpp:147] CHATAY_HS1_COLD_START heartbeat_send_start ts_ms=1782872212498 self=4 known_public_keys=4 all_replicas=4 current_ready=1
hs2,repeat-02,4,bootstrap_heartbeat_receive,1782872212498,hs2/repeat-02/hs2/node-4.log,94,E20260701 02:16:52.498708   261 consensus_manager.cpp:264] CHATAY_HS1_COLD_START heartbeat_receive_enter ts_ms=1782872212498 self=4
hs2,repeat-02,4,bootstrap_heartbeat_receive,1782872212959,hs2/repeat-02/hs2/node-4.log,100,E20260701 02:16:52.959867   261 consensus_manager.cpp:264] CHATAY_HS1_COLD_START heartbeat_receive_enter ts_ms=1782872212959 self=4
hs2,repeat-02,4,bootstrap_heartbeat_send,1782872212959,hs2/repeat-02/hs2/node-4.log,102,E20260701 02:16:52.959987   261 consensus_manager.cpp:147] CHATAY_HS1_COLD_START heartbeat_send_start ts_ms=1782872212959 self=4 known_public_keys=5 all_replicas=4 current_ready=1
hs2,repeat-02,4,bootstrap_heartbeat_receive,1782872212960,hs2/repeat-02/hs2/node-4.log,106,E20260701 02:16:52.960074   258 consensus_manager.cpp:264] CHATAY_HS1_COLD_START heartbeat_receive_enter ts_ms=1782872212960 self=4
hs2,repeat-02,4,bootstrap_heartbeat_receive,1782872212960,hs2/repeat-02/hs2/node-4.log,107,E20260701 02:16:52.960078   248 consensus_manager.cpp:264] CHATAY_HS1_COLD_START heartbeat_receive_enter ts_ms=1782872212960 self=4
hs2,repeat-02,4,bootstrap_heartbeat_receive,1782872212960,hs2/repeat-02/hs2/node-4.log,108,E20260701 02:16:52.960096   263 consensus_manager.cpp:264] CHATAY_HS1_COLD_START heartbeat_receive_enter ts_ms=1782872212960 self=4
hs2,repeat-02,4,bootstrap_heartbeat_receive,1782872212960,hs2/repeat-02/hs2/node-4.log,110,E20260701 02:16:52.960348   250 consensus_manager.cpp:264] CHATAY_HS1_COLD_START heartbeat_receive_enter ts_ms=1782872212960 self=4
hs2,repeat-02,4,bootstrap_heartbeat_receive,1782872212970,hs2/repeat-02/hs2/node-4.log,115,E20260701 02:16:52.970028   254 consensus_manager.cpp:264] CHATAY_HS1_COLD_START heartbeat_receive_enter ts_ms=1782872212970 self=4
hs2,repeat-02,4,bootstrap_heartbeat_receive,1782872212971,hs2/repeat-02/hs2/node-4.log,117,E20260701 02:16:52.971921   254 consensus_manager.cpp:264] CHATAY_HS1_COLD_START heartbeat_receive_enter ts_ms=1782872212971 self=4
hs2,repeat-02,4,bootstrap_heartbeat_receive,1782872212976,hs2/repeat-02/hs2/node-4.log,119,E20260701 02:16:52.976773   254 consensus_manager.cpp:264] CHATAY_HS1_COLD_START heartbeat_receive_enter ts_ms=1782872212976 self=4
hs2,repeat-02,4,bootstrap_heartbeat_receive,1782872212981,hs2/repeat-02/hs2/node-4.log,121,E20260701 02:16:52.981016   249 consensus_manager.cpp:264] CHATAY_HS1_COLD_START heartbeat_receive_enter ts_ms=1782872212981 self=4
hs2,repeat-02,4,bootstrap_heartbeat_receive,1782872212991,hs2/repeat-02/hs2/node-4.log,123,E20260701 02:16:52.991796   260 consensus_manager.cpp:264] CHATAY_HS1_COLD_START heartbeat_receive_enter ts_ms=1782872212991 self=4
hs2,repeat-02,4,bootstrap_heartbeat_receive,1782872213002,hs2/repeat-02/hs2/node-4.log,125,E20260701 02:16:53.002673   256 consensus_manager.cpp:264] CHATAY_HS1_COLD_START heartbeat_receive_enter ts_ms=1782872213002 self=4
hs2,repeat-02,4,bootstrap_heartbeat_receive,1782872213013,hs2/repeat-02/hs2/node-4.log,127,E20260701 02:16:53.013679   254 consensus_manager.cpp:264] CHATAY_HS1_COLD_START heartbeat_receive_enter ts_ms=1782872213013 self=4
hs2,repeat-02,4,bootstrap_heartbeat_send,1782872213465,hs2/repeat-02/hs2/node-4.log,129,E20260701 02:16:53.465878   246 consensus_manager.cpp:147] CHATAY_HS1_COLD_START heartbeat_send_start ts_ms=1782872213465 self=4 known_public_keys=5 all_replicas=4 current_ready=1
hs2,repeat-02,4,bootstrap_heartbeat_receive,1782872213466,hs2/repeat-02/hs2/node-4.log,134,E20260701 02:16:53.466254   253 consensus_manager.cpp:264] CHATAY_HS1_COLD_START heartbeat_receive_enter ts_ms=1782872213466 self=4
hs2,repeat-02,4,hs2_phase2_certified,20260701 02:16:53.623962,hs2/repeat-02/hs2/node-4.log,136,"I20260701 02:16:53.623962   253 consensus_manager_hs2.cpp:181] CHATAY_HS2_PIPELINE certified seq=1 view=2 leader=2 block=t�O�E���n1׎��G�����O�#0 �,��� phase2_voters=3"
hs2,repeat-02,4,hs2_phase2_certified,20260701 02:16:53.628680,hs2/repeat-02/hs2/node-4.log,137,"I20260701 02:16:53.628680   253 consensus_manager_hs2.cpp:181] CHATAY_HS2_PIPELINE certified seq=1 view=1 leader=2 block=t�O�E���n1׎��G�����O�#0 �,��� phase2_voters=3"
hs2,repeat-02,4,hs2_phase2_certified,20260701 02:16:53.633755,hs2/repeat-02/hs2/node-4.log,139,"I20260701 02:16:53.633755   262 consensus_manager_hs2.cpp:181] CHATAY_HS2_PIPELINE certified seq=1 view=1 leader=2 block=t�O�E���n1׎��G�����O�#0 �,��� phase2_voters=3"
hs2,repeat-02,4,bootstrap_heartbeat_receive,1782872213969,hs2/repeat-02/hs2/node-4.log,141,E20260701 02:16:53.969944   248 consensus_manager.cpp:264] CHATAY_HS1_COLD_START heartbeat_receive_enter ts_ms=1782872213969 self=4
hs2,repeat-02,4,hs2_phase2_certified,20260701 02:16:54.629683,hs2/repeat-02/hs2/node-4.log,143,I20260701 02:16:54.629683   254 consensus_manager_hs2.cpp:181] CHATAY_HS2_PIPELINE certified seq=2 view=2 leader=2 block=
hs2,repeat-02,5,config_load,1782872212950,hs2/repeat-02/hs2/node-5.log,2,E20260701 02:16:52.950969   278 resdb_config_utils.cpp:198] CHATAY_HS1_COLD_START generate_resdb_config_start ts_ms=1782872212950 config_file=/work/config/server/server.config private_key_file=/work/cert/node5.key.pri cert_file=/work/cert/cert_5.cert
hs2,repeat-02,5,config_load,1782872212951,hs2/repeat-02/hs2/node-5.log,3,E20260701 02:16:52.951043   278 resdb_config_utils.cpp:133] CHATAY_HS1_COLD_START read_config_start ts_ms=1782872212951 file=/work/config/server/server.config
hs2,repeat-02,5,config_load,1782872212951,hs2/repeat-02/hs2/node-5.log,4,E20260701 02:16:52.951669   278 resdb_config_utils.cpp:154] CHATAY_HS1_COLD_START read_config_finish ts_ms=1782872212951 duration_ms=0 file=/work/config/server/server.config bytes=292 regions=1
hs2,repeat-02,5,key_cert_load,1782872212951,hs2/repeat-02/hs2/node-5.log,5,E20260701 02:16:52.951689   278 resdb_config_utils.cpp:49] CHATAY_HS1_COLD_START read_private_key_start ts_ms=1782872212951 file=/work/cert/node5.key.pri
hs2,repeat-02,5,key_cert_load,1782872212951,hs2/repeat-02/hs2/node-5.log,6,E20260701 02:16:52.951700   278 resdb_config_utils.cpp:71] CHATAY_HS1_COLD_START read_private_key_finish ts_ms=1782872212951 duration_ms=0 file=/work/cert/node5.key.pri bytes=36 hash_type=2
hs2,repeat-02,5,key_cert_load,1782872212951,hs2/repeat-02/hs2/node-5.log,7,E20260701 02:16:52.951704   278 resdb_config_utils.cpp:82] CHATAY_HS1_COLD_START read_cert_start ts_ms=1782872212951 file=/work/cert/cert_5.cert
hs2,repeat-02,5,key_cert_load,1782872212951,hs2/repeat-02/hs2/node-5.log,8,E20260701 02:16:52.951712   278 resdb_config_utils.cpp:104] CHATAY_HS1_COLD_START read_cert_finish ts_ms=1782872212951 duration_ms=0 file=/work/cert/cert_5.cert bytes=169 node_id=5 type=1
hs2,repeat-02,5,key_cert_load,1782872212951,hs2/repeat-02/hs2/node-5.log,9,E20260701 02:16:52.951715   278 resdb_config_utils.cpp:207] CHATAY_HS1_COLD_START key_cert_loaded ts_ms=1782872212951 node_id=5 public_key_hash_type=2 private_key_hash_type=2
hs2,repeat-02,5,config_load,1782872212951,hs2/repeat-02/hs2/node-5.log,10,E20260701 02:16:52.951718   278 resdb_config_utils.cpp:231] CHATAY_HS1_COLD_START generate_resdb_config_finish ts_ms=1782872212951 duration_ms=1 self=5 custom_gen=0
hs2,repeat-02,5,network_start,1782872212957,hs2/repeat-02/hs2/node-5.log,39,E20260701 02:16:52.957706   278 service_network.cpp:50] CHATAY_HS1_COLD_START service_network_ctor_start ts_ms=1782872212957 self=5 port=25225
hs2,repeat-02,5,network_start,1782872212958,hs2/repeat-02/hs2/node-5.log,47,E20260701 02:16:52.958101   278 service_network.cpp:143] CHATAY_HS1_COLD_START service_network_service_started ts_ms=1782872212958 self=5
hs2,repeat-02,5,network_start,1782872212958,hs2/repeat-02/hs2/node-5.log,51,E20260701 02:16:52.958231   278 service_network.cpp:151] CHATAY_HS1_COLD_START service_network_acceptor_run_enter ts_ms=1782872212958 self=5
hs2,repeat-02,5,bootstrap_heartbeat_send,1782872212958,hs2/repeat-02/hs2/node-5.log,53,E20260701 02:16:52.958196   309 consensus_manager.cpp:147] CHATAY_HS1_COLD_START heartbeat_send_start ts_ms=1782872212958 self=5 known_public_keys=1 all_replicas=4 current_ready=0
hs2,repeat-02,5,bootstrap_heartbeat_receive,1782872212960,hs2/repeat-02/hs2/node-5.log,60,E20260701 02:16:52.960129   327 consensus_manager.cpp:264] CHATAY_HS1_COLD_START heartbeat_receive_enter ts_ms=1782872212960 self=5
hs2,repeat-02,5,bootstrap_heartbeat_receive,1782872212960,hs2/repeat-02/hs2/node-5.log,61,E20260701 02:16:52.960286   318 consensus_manager.cpp:264] CHATAY_HS1_COLD_START heartbeat_receive_enter ts_ms=1782872212960 self=5
hs2,repeat-02,5,bootstrap_heartbeat_receive,1782872212960,hs2/repeat-02/hs2/node-5.log,62,E20260701 02:16:52.960320   312 consensus_manager.cpp:264] CHATAY_HS1_COLD_START heartbeat_receive_enter ts_ms=1782872212960 self=5
hs2,repeat-02,5,bootstrap_heartbeat_receive,1782872212960,hs2/repeat-02/hs2/node-5.log,63,E20260701 02:16:52.960328   320 consensus_manager.cpp:264] CHATAY_HS1_COLD_START heartbeat_receive_enter ts_ms=1782872212960 self=5
hs2,repeat-02,5,bootstrap_heartbeat_send,1782872212969,hs2/repeat-02/hs2/node-5.log,65,E20260701 02:16:52.969678   327 consensus_manager.cpp:147] CHATAY_HS1_COLD_START heartbeat_send_start ts_ms=1782872212969 self=5 known_public_keys=5 all_replicas=4 current_ready=0
hs2,repeat-02,5,bootstrap_heartbeat_receive,1782872212970,hs2/repeat-02/hs2/node-5.log,70,E20260701 02:16:52.970137   321 consensus_manager.cpp:264] CHATAY_HS1_COLD_START heartbeat_receive_enter ts_ms=1782872212970 self=5
hs2,repeat-02,5,bootstrap_heartbeat_receive,1782872212971,hs2/repeat-02/hs2/node-5.log,71,E20260701 02:16:52.971990   314 consensus_manager.cpp:264] CHATAY_HS1_COLD_START heartbeat_receive_enter ts_ms=1782872212971 self=5
hs2,repeat-02,5,bootstrap_heartbeat_receive,1782872212976,hs2/repeat-02/hs2/node-5.log,72,E20260701 02:16:52.976874   324 consensus_manager.cpp:264] CHATAY_HS1_COLD_START heartbeat_receive_enter ts_ms=1782872212976 self=5
hs2,repeat-02,5,readiness,1782872212980,hs2/repeat-02/hs2/node-5.log,73,E20260701 02:16:52.980187   327 consensus_manager.cpp:343] CHATAY_HS1_COLD_START readiness_reached ts_ms=1782872212980 self=5 replica_num=4 quorum=3 sender=2
hs2,repeat-02,5,readiness,20260701 02:16:52.980199,hs2/repeat-02/hs2/node-5.log,74,E20260701 02:16:52.980199   327 consensus_manager.cpp:349] ============ Server 5 is ready =====================
hs2,repeat-02,5,bootstrap_heartbeat_send,1782872212980,hs2/repeat-02/hs2/node-5.log,76,E20260701 02:16:52.980674   318 consensus_manager.cpp:147] CHATAY_HS1_COLD_START heartbeat_send_start ts_ms=1782872212980 self=5 known_public_keys=5 all_replicas=4 current_ready=1
hs2,repeat-02,5,bootstrap_heartbeat_receive,1782872212981,hs2/repeat-02/hs2/node-5.log,81,E20260701 02:16:52.981281   311 consensus_manager.cpp:264] CHATAY_HS1_COLD_START heartbeat_receive_enter ts_ms=1782872212981 self=5
hs2,repeat-02,5,bootstrap_heartbeat_send,1782872212991,hs2/repeat-02/hs2/node-5.log,83,E20260701 02:16:52.991462   312 consensus_manager.cpp:147] CHATAY_HS1_COLD_START heartbeat_send_start ts_ms=1782872212991 self=5 known_public_keys=5 all_replicas=4 current_ready=1
hs2,repeat-02,5,bootstrap_heartbeat_receive,1782872212991,hs2/repeat-02/hs2/node-5.log,88,E20260701 02:16:52.991793   327 consensus_manager.cpp:264] CHATAY_HS1_COLD_START heartbeat_receive_enter ts_ms=1782872212991 self=5
hs2,repeat-02,5,bootstrap_heartbeat_send,1782872213002,hs2/repeat-02/hs2/node-5.log,90,E20260701 02:16:53.002277   320 consensus_manager.cpp:147] CHATAY_HS1_COLD_START heartbeat_send_start ts_ms=1782872213002 self=5 known_public_keys=5 all_replicas=4 current_ready=1
hs2,repeat-02,5,bootstrap_heartbeat_receive,1782872213002,hs2/repeat-02/hs2/node-5.log,95,E20260701 02:16:53.002717   315 consensus_manager.cpp:264] CHATAY_HS1_COLD_START heartbeat_receive_enter ts_ms=1782872213002 self=5
hs2,repeat-02,5,bootstrap_heartbeat_send,1782872213013,hs2/repeat-02/hs2/node-5.log,97,E20260701 02:16:53.013305   321 consensus_manager.cpp:147] CHATAY_HS1_COLD_START heartbeat_send_start ts_ms=1782872213013 self=5 known_public_keys=5 all_replicas=4 current_ready=1
hs2,repeat-02,5,bootstrap_heartbeat_receive,1782872213013,hs2/repeat-02/hs2/node-5.log,102,E20260701 02:16:53.013643   316 consensus_manager.cpp:264] CHATAY_HS1_COLD_START heartbeat_receive_enter ts_ms=1782872213013 self=5
hs2,repeat-02,5,bootstrap_heartbeat_receive,1782872213466,hs2/repeat-02/hs2/node-5.log,109,E20260701 02:16:53.466305   328 consensus_manager.cpp:264] CHATAY_HS1_COLD_START heartbeat_receive_enter ts_ms=1782872213466 self=5
hs2,repeat-02,5,bootstrap_heartbeat_send,1782872213969,hs2/repeat-02/hs2/node-5.log,145,E20260701 02:16:53.969452   309 consensus_manager.cpp:147] CHATAY_HS1_COLD_START heartbeat_send_start ts_ms=1782872213969 self=5 known_public_keys=5 all_replicas=4 current_ready=1
hs2,repeat-02,5,bootstrap_heartbeat_receive,1782872213970,hs2/repeat-02/hs2/node-5.log,150,E20260701 02:16:53.970055   320 consensus_manager.cpp:264] CHATAY_HS1_COLD_START heartbeat_receive_enter ts_ms=1782872213970 self=5
hs2,repeat-03,client,client_get_ok,,hs2/repeat-03/hs2/client-get-001.log,3,client get value = chatay-hs2-value-20260701T021524Z-runtime-coldstart-hs2-r03-001
hs2,repeat-03,client,client_set_ok,,hs2/repeat-03/hs2/client-set-001.log,3,client set ret = 0
hs2,repeat-03,1,config_load,1782872217263,hs2/repeat-03/hs2/node-1.log,2,E20260701 02:16:57.263029    40 resdb_config_utils.cpp:198] CHATAY_HS1_COLD_START generate_resdb_config_start ts_ms=1782872217263 config_file=/work/config/server/server.config private_key_file=/work/cert/node1.key.pri cert_file=/work/cert/cert_1.cert
hs2,repeat-03,1,config_load,1782872217263,hs2/repeat-03/hs2/node-1.log,3,E20260701 02:16:57.263212    40 resdb_config_utils.cpp:133] CHATAY_HS1_COLD_START read_config_start ts_ms=1782872217263 file=/work/config/server/server.config
hs2,repeat-03,1,config_load,1782872217263,hs2/repeat-03/hs2/node-1.log,4,E20260701 02:16:57.263809    40 resdb_config_utils.cpp:154] CHATAY_HS1_COLD_START read_config_finish ts_ms=1782872217263 duration_ms=0 file=/work/config/server/server.config bytes=292 regions=1
hs2,repeat-03,1,key_cert_load,1782872217263,hs2/repeat-03/hs2/node-1.log,5,E20260701 02:16:57.263825    40 resdb_config_utils.cpp:49] CHATAY_HS1_COLD_START read_private_key_start ts_ms=1782872217263 file=/work/cert/node1.key.pri
hs2,repeat-03,1,key_cert_load,1782872217263,hs2/repeat-03/hs2/node-1.log,6,E20260701 02:16:57.263837    40 resdb_config_utils.cpp:71] CHATAY_HS1_COLD_START read_private_key_finish ts_ms=1782872217263 duration_ms=0 file=/work/cert/node1.key.pri bytes=36 hash_type=2
hs2,repeat-03,1,key_cert_load,1782872217263,hs2/repeat-03/hs2/node-1.log,7,E20260701 02:16:57.263840    40 resdb_config_utils.cpp:82] CHATAY_HS1_COLD_START read_cert_start ts_ms=1782872217263 file=/work/cert/cert_1.cert
hs2,repeat-03,1,key_cert_load,1782872217263,hs2/repeat-03/hs2/node-1.log,8,E20260701 02:16:57.263849    40 resdb_config_utils.cpp:104] CHATAY_HS1_COLD_START read_cert_finish ts_ms=1782872217263 duration_ms=0 file=/work/cert/cert_1.cert bytes=167 node_id=1 type=0
hs2,repeat-03,1,key_cert_load,1782872217263,hs2/repeat-03/hs2/node-1.log,9,E20260701 02:16:57.263852    40 resdb_config_utils.cpp:207] CHATAY_HS1_COLD_START key_cert_loaded ts_ms=1782872217263 node_id=1 public_key_hash_type=2 private_key_hash_type=2
hs2,repeat-03,1,config_load,1782872217263,hs2/repeat-03/hs2/node-1.log,10,E20260701 02:16:57.263856    40 resdb_config_utils.cpp:231] CHATAY_HS1_COLD_START generate_resdb_config_finish ts_ms=1782872217263 duration_ms=0 self=1 custom_gen=0
hs2,repeat-03,1,network_start,1782872217268,hs2/repeat-03/hs2/node-1.log,39,E20260701 02:16:57.268468    40 service_network.cpp:50] CHATAY_HS1_COLD_START service_network_ctor_start ts_ms=1782872217268 self=1 port=25231
hs2,repeat-03,1,network_start,1782872217268,hs2/repeat-03/hs2/node-1.log,47,E20260701 02:16:57.268901    40 service_network.cpp:143] CHATAY_HS1_COLD_START service_network_service_started ts_ms=1782872217268 self=1
hs2,repeat-03,1,network_start,1782872217268,hs2/repeat-03/hs2/node-1.log,49,E20260701 02:16:57.268937    40 service_network.cpp:151] CHATAY_HS1_COLD_START service_network_acceptor_run_enter ts_ms=1782872217268 self=1
hs2,repeat-03,1,bootstrap_heartbeat_send,1782872217269,hs2/repeat-03/hs2/node-1.log,53,E20260701 02:16:57.269059    71 consensus_manager.cpp:147] CHATAY_HS1_COLD_START heartbeat_send_start ts_ms=1782872217269 self=1 known_public_keys=1 all_replicas=4 current_ready=0
hs2,repeat-03,1,bootstrap_heartbeat_receive,1782872217270,hs2/repeat-03/hs2/node-1.log,78,E20260701 02:16:57.270929    89 consensus_manager.cpp:264] CHATAY_HS1_COLD_START heartbeat_receive_enter ts_ms=1782872217270 self=1
hs2,repeat-03,1,bootstrap_heartbeat_send,1782872217279,hs2/repeat-03/hs2/node-1.log,80,E20260701 02:16:57.279803    89 consensus_manager.cpp:147] CHATAY_HS1_COLD_START heartbeat_send_start ts_ms=1782872217279 self=1 known_public_keys=1 all_replicas=4 current_ready=0
hs2,repeat-03,1,bootstrap_heartbeat_receive,1782872217280,hs2/repeat-03/hs2/node-1.log,103,E20260701 02:16:57.280297    75 consensus_manager.cpp:264] CHATAY_HS1_COLD_START heartbeat_receive_enter ts_ms=1782872217280 self=1
hs2,repeat-03,1,bootstrap_heartbeat_receive,1782872217775,hs2/repeat-03/hs2/node-1.log,105,E20260701 02:16:57.775408    89 consensus_manager.cpp:264] CHATAY_HS1_COLD_START heartbeat_receive_enter ts_ms=1782872217775 self=1
hs2,repeat-03,1,bootstrap_heartbeat_send,1782872217775,hs2/repeat-03/hs2/node-1.log,107,E20260701 02:16:57.775599    89 consensus_manager.cpp:147] CHATAY_HS1_COLD_START heartbeat_send_start ts_ms=1782872217775 self=1 known_public_keys=2 all_replicas=4 current_ready=0
hs2,repeat-03,1,bootstrap_heartbeat_receive,1782872217776,hs2/repeat-03/hs2/node-1.log,124,E20260701 02:16:57.776165    77 consensus_manager.cpp:264] CHATAY_HS1_COLD_START heartbeat_receive_enter ts_ms=1782872217776 self=1
hs2,repeat-03,1,bootstrap_heartbeat_receive,1782872217786,hs2/repeat-03/hs2/node-1.log,126,E20260701 02:16:57.786743    79 consensus_manager.cpp:264] CHATAY_HS1_COLD_START heartbeat_receive_enter ts_ms=1782872217786 self=1
hs2,repeat-03,1,bootstrap_heartbeat_receive,1782872217797,hs2/repeat-03/hs2/node-1.log,128,E20260701 02:16:57.797263    78 consensus_manager.cpp:264] CHATAY_HS1_COLD_START heartbeat_receive_enter ts_ms=1782872217797 self=1
hs2,repeat-03,1,bootstrap_heartbeat_receive,1782872218278,hs2/repeat-03/hs2/node-1.log,130,E20260701 02:16:58.278368    85 consensus_manager.cpp:264] CHATAY_HS1_COLD_START heartbeat_receive_enter ts_ms=1782872218278 self=1
hs2,repeat-03,1,bootstrap_heartbeat_send,1782872218278,hs2/repeat-03/hs2/node-1.log,132,E20260701 02:16:58.278488    85 consensus_manager.cpp:147] CHATAY_HS1_COLD_START heartbeat_send_start ts_ms=1782872218278 self=1 known_public_keys=3 all_replicas=4 current_ready=0
hs2,repeat-03,1,bootstrap_heartbeat_receive,1782872218278,hs2/repeat-03/hs2/node-1.log,140,E20260701 02:16:58.278720    89 consensus_manager.cpp:264] CHATAY_HS1_COLD_START heartbeat_receive_enter ts_ms=1782872218278 self=1
hs2,repeat-03,1,bootstrap_heartbeat_receive,1782872218278,hs2/repeat-03/hs2/node-1.log,144,E20260701 02:16:58.278975    84 consensus_manager.cpp:264] CHATAY_HS1_COLD_START heartbeat_receive_enter ts_ms=1782872218278 self=1
hs2,repeat-03,1,bootstrap_heartbeat_receive,1782872218288,hs2/repeat-03/hs2/node-1.log,146,E20260701 02:16:58.288932    77 consensus_manager.cpp:264] CHATAY_HS1_COLD_START heartbeat_receive_enter ts_ms=1782872218288 self=1
hs2,repeat-03,1,readiness,1782872218289,hs2/repeat-03/hs2/node-1.log,147,E20260701 02:16:58.289152    89 consensus_manager.cpp:343] CHATAY_HS1_COLD_START readiness_reached ts_ms=1782872218289 self=1 replica_num=3 quorum=3 sender=1
hs2,repeat-03,1,readiness,20260701 02:16:58.289158,hs2/repeat-03/hs2/node-1.log,148,E20260701 02:16:58.289158    89 consensus_manager.cpp:349] ============ Server 1 is ready =====================
hs2,repeat-03,1,bootstrap_heartbeat_send,1782872218289,hs2/repeat-03/hs2/node-1.log,150,E20260701 02:16:58.289506    71 consensus_manager.cpp:147] CHATAY_HS1_COLD_START heartbeat_send_start ts_ms=1782872218289 self=1 known_public_keys=3 all_replicas=4 current_ready=1
hs2,repeat-03,1,bootstrap_heartbeat_receive,1782872218289,hs2/repeat-03/hs2/node-1.log,158,E20260701 02:16:58.289814    80 consensus_manager.cpp:264] CHATAY_HS1_COLD_START heartbeat_receive_enter ts_ms=1782872218289 self=1
hs2,repeat-03,1,bootstrap_heartbeat_receive,1782872218299,hs2/repeat-03/hs2/node-1.log,162,E20260701 02:16:58.299680    82 consensus_manager.cpp:264] CHATAY_HS1_COLD_START heartbeat_receive_enter ts_ms=1782872218299 self=1
hs2,repeat-03,1,bootstrap_heartbeat_receive,1782872218310,hs2/repeat-03/hs2/node-1.log,166,E20260701 02:16:58.310952    81 consensus_manager.cpp:264] CHATAY_HS1_COLD_START heartbeat_receive_enter ts_ms=1782872218310 self=1
hs2,repeat-03,1,bootstrap_heartbeat_receive,1782872218781,hs2/repeat-03/hs2/node-1.log,168,E20260701 02:16:58.781543    78 consensus_manager.cpp:264] CHATAY_HS1_COLD_START heartbeat_receive_enter ts_ms=1782872218781 self=1
hs2,repeat-03,1,bootstrap_heartbeat_send,1782872218781,hs2/repeat-03/hs2/node-1.log,170,E20260701 02:16:58.781695    78 consensus_manager.cpp:147] CHATAY_HS1_COLD_START heartbeat_send_start ts_ms=1782872218781 self=1 known_public_keys=4 all_replicas=4 current_ready=1
hs2,repeat-03,1,bootstrap_heartbeat_receive,1782872218782,hs2/repeat-03/hs2/node-1.log,175,E20260701 02:16:58.782035    77 consensus_manager.cpp:264] CHATAY_HS1_COLD_START heartbeat_receive_enter ts_ms=1782872218782 self=1
hs2,repeat-03,1,bootstrap_heartbeat_receive,1782872218782,hs2/repeat-03/hs2/node-1.log,176,E20260701 02:16:58.782045    76 consensus_manager.cpp:264] CHATAY_HS1_COLD_START heartbeat_receive_enter ts_ms=1782872218782 self=1
hs2,repeat-03,1,bootstrap_heartbeat_receive,1782872218782,hs2/repeat-03/hs2/node-1.log,177,E20260701 02:16:58.782181    88 consensus_manager.cpp:264] CHATAY_HS1_COLD_START heartbeat_receive_enter ts_ms=1782872218782 self=1
hs2,repeat-03,1,bootstrap_heartbeat_receive,1782872218792,hs2/repeat-03/hs2/node-1.log,179,E20260701 02:16:58.792057    78 consensus_manager.cpp:264] CHATAY_HS1_COLD_START heartbeat_receive_enter ts_ms=1782872218792 self=1
hs2,repeat-03,1,bootstrap_heartbeat_receive,1782872218793,hs2/repeat-03/hs2/node-1.log,183,E20260701 02:16:58.793511    82 consensus_manager.cpp:264] CHATAY_HS1_COLD_START heartbeat_receive_enter ts_ms=1782872218793 self=1
hs2,repeat-03,1,bootstrap_heartbeat_receive,1782872218802,hs2/repeat-03/hs2/node-1.log,185,E20260701 02:16:58.802802    82 consensus_manager.cpp:264] CHATAY_HS1_COLD_START heartbeat_receive_enter ts_ms=1782872218802 self=1
hs2,repeat-03,1,bootstrap_heartbeat_receive,1782872218813,hs2/repeat-03/hs2/node-1.log,187,E20260701 02:16:58.813462    89 consensus_manager.cpp:264] CHATAY_HS1_COLD_START heartbeat_receive_enter ts_ms=1782872218813 self=1
hs2,repeat-03,1,bootstrap_heartbeat_receive,1782872218824,hs2/repeat-03/hs2/node-1.log,189,E20260701 02:16:58.824285    85 consensus_manager.cpp:264] CHATAY_HS1_COLD_START heartbeat_receive_enter ts_ms=1782872218824 self=1
hs2,repeat-03,1,bootstrap_heartbeat_receive,1782872219281,hs2/repeat-03/hs2/node-1.log,191,E20260701 02:16:59.281138    87 consensus_manager.cpp:264] CHATAY_HS1_COLD_START heartbeat_receive_enter ts_ms=1782872219281 self=1
hs2,repeat-03,1,bootstrap_heartbeat_send,1782872219281,hs2/repeat-03/hs2/node-1.log,193,E20260701 02:16:59.281286    87 consensus_manager.cpp:147] CHATAY_HS1_COLD_START heartbeat_send_start ts_ms=1782872219281 self=1 known_public_keys=5 all_replicas=4 current_ready=1
hs2,repeat-03,1,bootstrap_heartbeat_receive,1782872219281,hs2/repeat-03/hs2/node-1.log,198,E20260701 02:16:59.281646    77 consensus_manager.cpp:264] CHATAY_HS1_COLD_START heartbeat_receive_enter ts_ms=1782872219281 self=1
hs2,repeat-03,1,bootstrap_heartbeat_receive,1782872219281,hs2/repeat-03/hs2/node-1.log,199,E20260701 02:16:59.281668    76 consensus_manager.cpp:264] CHATAY_HS1_COLD_START heartbeat_receive_enter ts_ms=1782872219281 self=1
hs2,repeat-03,1,bootstrap_heartbeat_receive,1782872219281,hs2/repeat-03/hs2/node-1.log,200,E20260701 02:16:59.281646    78 consensus_manager.cpp:264] CHATAY_HS1_COLD_START heartbeat_receive_enter ts_ms=1782872219281 self=1
hs2,repeat-03,1,bootstrap_heartbeat_receive,1782872219282,hs2/repeat-03/hs2/node-1.log,201,E20260701 02:16:59.282137    85 consensus_manager.cpp:264] CHATAY_HS1_COLD_START heartbeat_receive_enter ts_ms=1782872219282 self=1
hs2,repeat-03,1,bootstrap_heartbeat_receive,1782872219291,hs2/repeat-03/hs2/node-1.log,203,E20260701 02:16:59.291829    86 consensus_manager.cpp:264] CHATAY_HS1_COLD_START heartbeat_receive_enter ts_ms=1782872219291 self=1
hs2,repeat-03,1,bootstrap_heartbeat_receive,1782872219293,hs2/repeat-03/hs2/node-1.log,208,E20260701 02:16:59.293680    86 consensus_manager.cpp:264] CHATAY_HS1_COLD_START heartbeat_receive_enter ts_ms=1782872219293 self=1
hs2,repeat-03,1,bootstrap_heartbeat_send,1782872219299,hs2/repeat-03/hs2/node-1.log,210,E20260701 02:16:59.299959    71 consensus_manager.cpp:147] CHATAY_HS1_COLD_START heartbeat_send_start ts_ms=1782872219299 self=1 known_public_keys=5 all_replicas=4 current_ready=1
hs2,repeat-03,1,bootstrap_heartbeat_receive,1782872219300,hs2/repeat-03/hs2/node-1.log,215,E20260701 02:16:59.300254    84 consensus_manager.cpp:264] CHATAY_HS1_COLD_START heartbeat_receive_enter ts_ms=1782872219300 self=1
hs2,repeat-03,1,bootstrap_heartbeat_receive,1782872219302,hs2/repeat-03/hs2/node-1.log,216,E20260701 02:16:59.302618    86 consensus_manager.cpp:264] CHATAY_HS1_COLD_START heartbeat_receive_enter ts_ms=1782872219302 self=1
hs2,repeat-03,1,bootstrap_heartbeat_receive,1782872219313,hs2/repeat-03/hs2/node-1.log,219,E20260701 02:16:59.313355    85 consensus_manager.cpp:264] CHATAY_HS1_COLD_START heartbeat_receive_enter ts_ms=1782872219313 self=1
hs2,repeat-03,1,bootstrap_heartbeat_receive,1782872219324,hs2/repeat-03/hs2/node-1.log,221,E20260701 02:16:59.324188    89 consensus_manager.cpp:264] CHATAY_HS1_COLD_START heartbeat_receive_enter ts_ms=1782872219324 self=1
hs2,repeat-03,1,bootstrap_heartbeat_receive,1782872219335,hs2/repeat-03/hs2/node-1.log,223,E20260701 02:16:59.335085    83 consensus_manager.cpp:264] CHATAY_HS1_COLD_START heartbeat_receive_enter ts_ms=1782872219335 self=1
hs2,repeat-03,1,bootstrap_heartbeat_receive,1782872219791,hs2/repeat-03/hs2/node-1.log,225,E20260701 02:16:59.791949    81 consensus_manager.cpp:264] CHATAY_HS1_COLD_START heartbeat_receive_enter ts_ms=1782872219791 self=1
hs2,repeat-03,1,hs2_phase2_certified,20260701 02:16:59.944322,hs2/repeat-03/hs2/node-1.log,227,I20260701 02:16:59.944322    74 consensus_manager_hs2.cpp:181] CHATAY_HS2_PIPELINE certified seq=1 view=1 leader=1 block=�}}ɡ�w� 
hs2,repeat-03,1,hs2_phase2_certified,20260701 02:16:59.952049,hs2/repeat-03/hs2/node-1.log,233,I20260701 02:16:59.952049    79 consensus_manager_hs2.cpp:181] CHATAY_HS2_PIPELINE certified seq=1 view=1 leader=1 block=�}}ɡ�w� 
hs2,repeat-03,1,hs2_phase2_certified,20260701 02:16:59.952342,hs2/repeat-03/hs2/node-1.log,240,I20260701 02:16:59.952342    87 consensus_manager_hs2.cpp:181] CHATAY_HS2_PIPELINE certified seq=1 view=2 leader=2 block=�}}ɡ�w� 
hs2,repeat-03,1,hs2_phase2_certified,20260701 02:16:59.964298,hs2/repeat-03/hs2/node-1.log,247,I20260701 02:16:59.964298    87 consensus_manager_hs2.cpp:181] CHATAY_HS2_PIPELINE certified seq=1 view=1 leader=2 block=�}}ɡ�w� 
hs2,repeat-03,1,bootstrap_heartbeat_receive,1782872220291,hs2/repeat-03/hs2/node-1.log,254,E20260701 02:17:00.291903    87 consensus_manager.cpp:264] CHATAY_HS1_COLD_START heartbeat_receive_enter ts_ms=1782872220291 self=1
hs2,repeat-03,1,hs2_phase2_certified,20260701 02:17:00.947116,hs2/repeat-03/hs2/node-1.log,256,I20260701 02:17:00.947116    88 consensus_manager_hs2.cpp:181] CHATAY_HS2_PIPELINE certified seq=2 view=1 leader=2 block=
hs2,repeat-03,1,hs2_phase2_certified,20260701 02:17:00.949728,hs2/repeat-03/hs2/node-1.log,260,I20260701 02:17:00.949728    84 consensus_manager_hs2.cpp:181] CHATAY_HS2_PIPELINE certified seq=2 view=2 leader=2 block=
hs2,repeat-03,2,config_load,1782872217766,hs2/repeat-03/hs2/node-2.log,2,E20260701 02:16:57.766302    96 resdb_config_utils.cpp:198] CHATAY_HS1_COLD_START generate_resdb_config_start ts_ms=1782872217766 config_file=/work/config/server/server.config private_key_file=/work/cert/node2.key.pri cert_file=/work/cert/cert_2.cert
hs2,repeat-03,2,config_load,1782872217766,hs2/repeat-03/hs2/node-2.log,3,E20260701 02:16:57.766356    96 resdb_config_utils.cpp:133] CHATAY_HS1_COLD_START read_config_start ts_ms=1782872217766 file=/work/config/server/server.config
hs2,repeat-03,2,config_load,1782872217766,hs2/repeat-03/hs2/node-2.log,4,E20260701 02:16:57.766944    96 resdb_config_utils.cpp:154] CHATAY_HS1_COLD_START read_config_finish ts_ms=1782872217766 duration_ms=0 file=/work/config/server/server.config bytes=292 regions=1
hs2,repeat-03,2,key_cert_load,1782872217766,hs2/repeat-03/hs2/node-2.log,5,E20260701 02:16:57.766961    96 resdb_config_utils.cpp:49] CHATAY_HS1_COLD_START read_private_key_start ts_ms=1782872217766 file=/work/cert/node2.key.pri
hs2,repeat-03,2,key_cert_load,1782872217766,hs2/repeat-03/hs2/node-2.log,6,E20260701 02:16:57.766973    96 resdb_config_utils.cpp:71] CHATAY_HS1_COLD_START read_private_key_finish ts_ms=1782872217766 duration_ms=0 file=/work/cert/node2.key.pri bytes=36 hash_type=2
hs2,repeat-03,2,key_cert_load,1782872217766,hs2/repeat-03/hs2/node-2.log,7,E20260701 02:16:57.766976    96 resdb_config_utils.cpp:82] CHATAY_HS1_COLD_START read_cert_start ts_ms=1782872217766 file=/work/cert/cert_2.cert
hs2,repeat-03,2,key_cert_load,1782872217766,hs2/repeat-03/hs2/node-2.log,8,E20260701 02:16:57.766985    96 resdb_config_utils.cpp:104] CHATAY_HS1_COLD_START read_cert_finish ts_ms=1782872217766 duration_ms=0 file=/work/cert/cert_2.cert bytes=167 node_id=2 type=0
hs2,repeat-03,2,key_cert_load,1782872217766,hs2/repeat-03/hs2/node-2.log,9,E20260701 02:16:57.766988    96 resdb_config_utils.cpp:207] CHATAY_HS1_COLD_START key_cert_loaded ts_ms=1782872217766 node_id=2 public_key_hash_type=2 private_key_hash_type=2
hs2,repeat-03,2,config_load,1782872217766,hs2/repeat-03/hs2/node-2.log,10,E20260701 02:16:57.766992    96 resdb_config_utils.cpp:231] CHATAY_HS1_COLD_START generate_resdb_config_finish ts_ms=1782872217766 duration_ms=0 self=2 custom_gen=0
hs2,repeat-03,2,network_start,1782872217773,hs2/repeat-03/hs2/node-2.log,39,E20260701 02:16:57.773411    96 service_network.cpp:50] CHATAY_HS1_COLD_START service_network_ctor_start ts_ms=1782872217773 self=2 port=25232
hs2,repeat-03,2,network_start,1782872217774,hs2/repeat-03/hs2/node-2.log,47,E20260701 02:16:57.774344    96 service_network.cpp:143] CHATAY_HS1_COLD_START service_network_service_started ts_ms=1782872217774 self=2
hs2,repeat-03,2,bootstrap_heartbeat_send,1782872217774,hs2/repeat-03/hs2/node-2.log,50,E20260701 02:16:57.774456   127 consensus_manager.cpp:147] CHATAY_HS1_COLD_START heartbeat_send_start ts_ms=1782872217774 self=2 known_public_keys=1 all_replicas=4 current_ready=0
hs2,repeat-03,2,network_start,1782872217775,hs2/repeat-03/hs2/node-2.log,54,E20260701 02:16:57.775094    96 service_network.cpp:151] CHATAY_HS1_COLD_START service_network_acceptor_run_enter ts_ms=1782872217775 self=2
hs2,repeat-03,2,bootstrap_heartbeat_receive,1782872217777,hs2/repeat-03/hs2/node-2.log,72,E20260701 02:16:57.777034   146 consensus_manager.cpp:264] CHATAY_HS1_COLD_START heartbeat_receive_enter ts_ms=1782872217777 self=2
hs2,repeat-03,2,bootstrap_heartbeat_receive,1782872217777,hs2/repeat-03/hs2/node-2.log,73,E20260701 02:16:57.777045   130 consensus_manager.cpp:264] CHATAY_HS1_COLD_START heartbeat_receive_enter ts_ms=1782872217777 self=2
hs2,repeat-03,2,bootstrap_heartbeat_send,1782872217786,hs2/repeat-03/hs2/node-2.log,75,E20260701 02:16:57.786284   146 consensus_manager.cpp:147] CHATAY_HS1_COLD_START heartbeat_send_start ts_ms=1782872217786 self=2 known_public_keys=1 all_replicas=4 current_ready=0
hs2,repeat-03,2,bootstrap_heartbeat_receive,1782872217786,hs2/repeat-03/hs2/node-2.log,92,E20260701 02:16:57.786742   136 consensus_manager.cpp:264] CHATAY_HS1_COLD_START heartbeat_receive_enter ts_ms=1782872217786 self=2
hs2,repeat-03,2,bootstrap_heartbeat_send,1782872217796,hs2/repeat-03/hs2/node-2.log,94,E20260701 02:16:57.796916   130 consensus_manager.cpp:147] CHATAY_HS1_COLD_START heartbeat_send_start ts_ms=1782872217796 self=2 known_public_keys=2 all_replicas=4 current_ready=0
hs2,repeat-03,2,bootstrap_heartbeat_receive,1782872217797,hs2/repeat-03/hs2/node-2.log,111,E20260701 02:16:57.797288   137 consensus_manager.cpp:264] CHATAY_HS1_COLD_START heartbeat_receive_enter ts_ms=1782872217797 self=2
hs2,repeat-03,2,bootstrap_heartbeat_receive,1782872218278,hs2/repeat-03/hs2/node-2.log,114,E20260701 02:16:58.278357   134 consensus_manager.cpp:264] CHATAY_HS1_COLD_START heartbeat_receive_enter ts_ms=1782872218278 self=2
hs2,repeat-03,2,bootstrap_heartbeat_send,1782872218278,hs2/repeat-03/hs2/node-2.log,116,E20260701 02:16:58.278520   134 consensus_manager.cpp:147] CHATAY_HS1_COLD_START heartbeat_send_start ts_ms=1782872218278 self=2 known_public_keys=3 all_replicas=4 current_ready=0
hs2,repeat-03,2,bootstrap_heartbeat_receive,1782872218278,hs2/repeat-03/hs2/node-2.log,120,E20260701 02:16:58.278786   130 consensus_manager.cpp:264] CHATAY_HS1_COLD_START heartbeat_receive_enter ts_ms=1782872218278 self=2
hs2,repeat-03,2,bootstrap_heartbeat_receive,1782872218278,hs2/repeat-03/hs2/node-2.log,128,E20260701 02:16:58.278993   143 consensus_manager.cpp:264] CHATAY_HS1_COLD_START heartbeat_receive_enter ts_ms=1782872218278 self=2
hs2,repeat-03,2,bootstrap_heartbeat_receive,1782872218289,hs2/repeat-03/hs2/node-2.log,129,E20260701 02:16:58.289001   131 consensus_manager.cpp:264] CHATAY_HS1_COLD_START heartbeat_receive_enter ts_ms=1782872218289 self=2
hs2,repeat-03,2,readiness,1782872218289,hs2/repeat-03/hs2/node-2.log,131,E20260701 02:16:58.289229   130 consensus_manager.cpp:343] CHATAY_HS1_COLD_START readiness_reached ts_ms=1782872218289 self=2 replica_num=3 quorum=3 sender=1
hs2,repeat-03,2,readiness,20260701 02:16:58.289232,hs2/repeat-03/hs2/node-2.log,132,E20260701 02:16:58.289232   130 consensus_manager.cpp:349] ============ Server 2 is ready =====================
hs2,repeat-03,2,bootstrap_heartbeat_receive,1782872218289,hs2/repeat-03/hs2/node-2.log,135,E20260701 02:16:58.289808   133 consensus_manager.cpp:264] CHATAY_HS1_COLD_START heartbeat_receive_enter ts_ms=1782872218289 self=2
hs2,repeat-03,2,bootstrap_heartbeat_receive,1782872218299,hs2/repeat-03/hs2/node-2.log,137,E20260701 02:16:58.299672   133 consensus_manager.cpp:264] CHATAY_HS1_COLD_START heartbeat_receive_enter ts_ms=1782872218299 self=2
hs2,repeat-03,2,bootstrap_heartbeat_receive,1782872218310,hs2/repeat-03/hs2/node-2.log,139,E20260701 02:16:58.310894   136 consensus_manager.cpp:264] CHATAY_HS1_COLD_START heartbeat_receive_enter ts_ms=1782872218310 self=2
hs2,repeat-03,2,bootstrap_heartbeat_receive,1782872218781,hs2/repeat-03/hs2/node-2.log,141,E20260701 02:16:58.781564   136 consensus_manager.cpp:264] CHATAY_HS1_COLD_START heartbeat_receive_enter ts_ms=1782872218781 self=2
hs2,repeat-03,2,bootstrap_heartbeat_send,1782872218781,hs2/repeat-03/hs2/node-2.log,143,E20260701 02:16:58.781699   136 consensus_manager.cpp:147] CHATAY_HS1_COLD_START heartbeat_send_start ts_ms=1782872218781 self=2 known_public_keys=4 all_replicas=4 current_ready=1
hs2,repeat-03,2,bootstrap_heartbeat_receive,1782872218781,hs2/repeat-03/hs2/node-2.log,148,E20260701 02:16:58.781941   143 consensus_manager.cpp:264] CHATAY_HS1_COLD_START heartbeat_receive_enter ts_ms=1782872218781 self=2
hs2,repeat-03,2,bootstrap_heartbeat_receive,1782872218781,hs2/repeat-03/hs2/node-2.log,149,E20260701 02:16:58.781955   135 consensus_manager.cpp:264] CHATAY_HS1_COLD_START heartbeat_receive_enter ts_ms=1782872218781 self=2
hs2,repeat-03,2,bootstrap_heartbeat_receive,1782872218782,hs2/repeat-03/hs2/node-2.log,150,E20260701 02:16:58.782182   130 consensus_manager.cpp:264] CHATAY_HS1_COLD_START heartbeat_receive_enter ts_ms=1782872218782 self=2
hs2,repeat-03,2,bootstrap_heartbeat_receive,1782872218792,hs2/repeat-03/hs2/node-2.log,152,E20260701 02:16:58.792218   138 consensus_manager.cpp:264] CHATAY_HS1_COLD_START heartbeat_receive_enter ts_ms=1782872218792 self=2
hs2,repeat-03,2,bootstrap_heartbeat_send,1782872218793,hs2/repeat-03/hs2/node-2.log,155,E20260701 02:16:58.793143   127 consensus_manager.cpp:147] CHATAY_HS1_COLD_START heartbeat_send_start ts_ms=1782872218793 self=2 known_public_keys=4 all_replicas=4 current_ready=1
hs2,repeat-03,2,bootstrap_heartbeat_receive,1782872218793,hs2/repeat-03/hs2/node-2.log,160,E20260701 02:16:58.793538   146 consensus_manager.cpp:264] CHATAY_HS1_COLD_START heartbeat_receive_enter ts_ms=1782872218793 self=2
hs2,repeat-03,2,bootstrap_heartbeat_receive,1782872218802,hs2/repeat-03/hs2/node-2.log,161,E20260701 02:16:58.802794   133 consensus_manager.cpp:264] CHATAY_HS1_COLD_START heartbeat_receive_enter ts_ms=1782872218802 self=2
hs2,repeat-03,2,bootstrap_heartbeat_receive,1782872218813,hs2/repeat-03/hs2/node-2.log,165,E20260701 02:16:58.813473   142 consensus_manager.cpp:264] CHATAY_HS1_COLD_START heartbeat_receive_enter ts_ms=1782872218813 self=2
hs2,repeat-03,2,bootstrap_heartbeat_receive,1782872218824,hs2/repeat-03/hs2/node-2.log,167,E20260701 02:16:58.824285   132 consensus_manager.cpp:264] CHATAY_HS1_COLD_START heartbeat_receive_enter ts_ms=1782872218824 self=2
hs2,repeat-03,2,bootstrap_heartbeat_receive,1782872219281,hs2/repeat-03/hs2/node-2.log,169,E20260701 02:16:59.281189   144 consensus_manager.cpp:264] CHATAY_HS1_COLD_START heartbeat_receive_enter ts_ms=1782872219281 self=2
hs2,repeat-03,2,bootstrap_heartbeat_send,1782872219281,hs2/repeat-03/hs2/node-2.log,171,E20260701 02:16:59.281322   144 consensus_manager.cpp:147] CHATAY_HS1_COLD_START heartbeat_send_start ts_ms=1782872219281 self=2 known_public_keys=5 all_replicas=4 current_ready=1
hs2,repeat-03,2,bootstrap_heartbeat_receive,1782872219281,hs2/repeat-03/hs2/node-2.log,175,E20260701 02:16:59.281495   137 consensus_manager.cpp:264] CHATAY_HS1_COLD_START heartbeat_receive_enter ts_ms=1782872219281 self=2
hs2,repeat-03,2,bootstrap_heartbeat_receive,1782872219281,hs2/repeat-03/hs2/node-2.log,176,E20260701 02:16:59.281520   130 consensus_manager.cpp:264] CHATAY_HS1_COLD_START heartbeat_receive_enter ts_ms=1782872219281 self=2
hs2,repeat-03,2,bootstrap_heartbeat_receive,1782872219281,hs2/repeat-03/hs2/node-2.log,177,E20260701 02:16:59.281519   138 consensus_manager.cpp:264] CHATAY_HS1_COLD_START heartbeat_receive_enter ts_ms=1782872219281 self=2
hs2,repeat-03,2,bootstrap_heartbeat_receive,1782872219281,hs2/repeat-03/hs2/node-2.log,179,E20260701 02:16:59.281828   133 consensus_manager.cpp:264] CHATAY_HS1_COLD_START heartbeat_receive_enter ts_ms=1782872219281 self=2
hs2,repeat-03,2,bootstrap_heartbeat_receive,1782872219291,hs2/repeat-03/hs2/node-2.log,181,E20260701 02:16:59.291865   132 consensus_manager.cpp:264] CHATAY_HS1_COLD_START heartbeat_receive_enter ts_ms=1782872219291 self=2
hs2,repeat-03,2,bootstrap_heartbeat_receive,1782872219293,hs2/repeat-03/hs2/node-2.log,186,E20260701 02:16:59.293702   136 consensus_manager.cpp:264] CHATAY_HS1_COLD_START heartbeat_receive_enter ts_ms=1782872219293 self=2
hs2,repeat-03,2,bootstrap_heartbeat_receive,1782872219300,hs2/repeat-03/hs2/node-2.log,188,E20260701 02:16:59.300246   139 consensus_manager.cpp:264] CHATAY_HS1_COLD_START heartbeat_receive_enter ts_ms=1782872219300 self=2
hs2,repeat-03,2,bootstrap_heartbeat_receive,1782872219302,hs2/repeat-03/hs2/node-2.log,190,E20260701 02:16:59.302636   136 consensus_manager.cpp:264] CHATAY_HS1_COLD_START heartbeat_receive_enter ts_ms=1782872219302 self=2
hs2,repeat-03,2,bootstrap_heartbeat_receive,1782872219313,hs2/repeat-03/hs2/node-2.log,192,E20260701 02:16:59.313362   134 consensus_manager.cpp:264] CHATAY_HS1_COLD_START heartbeat_receive_enter ts_ms=1782872219313 self=2
hs2,repeat-03,2,bootstrap_heartbeat_receive,1782872219324,hs2/repeat-03/hs2/node-2.log,194,E20260701 02:16:59.324195   132 consensus_manager.cpp:264] CHATAY_HS1_COLD_START heartbeat_receive_enter ts_ms=1782872219324 self=2
hs2,repeat-03,2,bootstrap_heartbeat_receive,1782872219335,hs2/repeat-03/hs2/node-2.log,196,E20260701 02:16:59.335085   143 consensus_manager.cpp:264] CHATAY_HS1_COLD_START heartbeat_receive_enter ts_ms=1782872219335 self=2
hs2,repeat-03,2,bootstrap_heartbeat_receive,1782872219791,hs2/repeat-03/hs2/node-2.log,198,E20260701 02:16:59.791957   139 consensus_manager.cpp:264] CHATAY_HS1_COLD_START heartbeat_receive_enter ts_ms=1782872219791 self=2
hs2,repeat-03,2,hs2_phase2_certified,20260701 02:16:59.944625,hs2/repeat-03/hs2/node-2.log,200,I20260701 02:16:59.944625   146 consensus_manager_hs2.cpp:181] CHATAY_HS2_PIPELINE certified seq=1 view=2 leader=2 block=L�/
hs2,repeat-03,2,hs2_phase2_certified,20260701 02:16:59.953143,hs2/repeat-03/hs2/node-2.log,202,I20260701 02:16:59.953143   131 consensus_manager_hs2.cpp:181] CHATAY_HS2_PIPELINE certified seq=1 view=1 leader=2 block=L�/
hs2,repeat-03,2,hs2_phase2_certified,20260701 02:16:59.953613,hs2/repeat-03/hs2/node-2.log,205,I20260701 02:16:59.953613   137 consensus_manager_hs2.cpp:181] CHATAY_HS2_PIPELINE certified seq=1 view=2 leader=2 block=L�/
hs2,repeat-03,2,hs2_phase2_certified,20260701 02:16:59.964310,hs2/repeat-03/hs2/node-2.log,208,I20260701 02:16:59.964310   133 consensus_manager_hs2.cpp:181] CHATAY_HS2_PIPELINE certified seq=1 view=1 leader=2 block=L�/
hs2,repeat-03,2,bootstrap_heartbeat_receive,1782872220291,hs2/repeat-03/hs2/node-2.log,211,E20260701 02:17:00.291932   139 consensus_manager.cpp:264] CHATAY_HS1_COLD_START heartbeat_receive_enter ts_ms=1782872220291 self=2
hs2,repeat-03,2,hs2_phase2_certified,20260701 02:17:00.947481,hs2/repeat-03/hs2/node-2.log,213,"I20260701 02:17:00.947481   132 consensus_manager_hs2.cpp:181] CHATAY_HS2_PIPELINE certified seq=2 view=2 leader=2 block==�6Ȋ�n��R4 pi&���c ��R""�y���� phase2_voters=3"
hs2,repeat-03,2,hs2_phase2_certified,20260701 02:17:00.949753,hs2/repeat-03/hs2/node-2.log,214,"I20260701 02:17:00.949753   142 consensus_manager_hs2.cpp:181] CHATAY_HS2_PIPELINE certified seq=2 view=2 leader=2 block==�6Ȋ�n��R4 pi&���c ��R""�y���� phase2_voters=3"
hs2,repeat-03,3,config_load,1782872218269,hs2/repeat-03/hs2/node-3.log,2,E20260701 02:16:58.269623   154 resdb_config_utils.cpp:198] CHATAY_HS1_COLD_START generate_resdb_config_start ts_ms=1782872218269 config_file=/work/config/server/server.config private_key_file=/work/cert/node3.key.pri cert_file=/work/cert/cert_3.cert
hs2,repeat-03,3,config_load,1782872218269,hs2/repeat-03/hs2/node-3.log,3,E20260701 02:16:58.269673   154 resdb_config_utils.cpp:133] CHATAY_HS1_COLD_START read_config_start ts_ms=1782872218269 file=/work/config/server/server.config
hs2,repeat-03,3,config_load,1782872218270,hs2/repeat-03/hs2/node-3.log,4,E20260701 02:16:58.270304   154 resdb_config_utils.cpp:154] CHATAY_HS1_COLD_START read_config_finish ts_ms=1782872218270 duration_ms=1 file=/work/config/server/server.config bytes=292 regions=1
hs2,repeat-03,3,key_cert_load,1782872218270,hs2/repeat-03/hs2/node-3.log,5,E20260701 02:16:58.270324   154 resdb_config_utils.cpp:49] CHATAY_HS1_COLD_START read_private_key_start ts_ms=1782872218270 file=/work/cert/node3.key.pri
hs2,repeat-03,3,key_cert_load,1782872218270,hs2/repeat-03/hs2/node-3.log,6,E20260701 02:16:58.270339   154 resdb_config_utils.cpp:71] CHATAY_HS1_COLD_START read_private_key_finish ts_ms=1782872218270 duration_ms=0 file=/work/cert/node3.key.pri bytes=36 hash_type=2
hs2,repeat-03,3,key_cert_load,1782872218270,hs2/repeat-03/hs2/node-3.log,7,E20260701 02:16:58.270344   154 resdb_config_utils.cpp:82] CHATAY_HS1_COLD_START read_cert_start ts_ms=1782872218270 file=/work/cert/cert_3.cert
hs2,repeat-03,3,key_cert_load,1782872218270,hs2/repeat-03/hs2/node-3.log,8,E20260701 02:16:58.270355   154 resdb_config_utils.cpp:104] CHATAY_HS1_COLD_START read_cert_finish ts_ms=1782872218270 duration_ms=0 file=/work/cert/cert_3.cert bytes=167 node_id=3 type=0
hs2,repeat-03,3,key_cert_load,1782872218270,hs2/repeat-03/hs2/node-3.log,9,E20260701 02:16:58.270358   154 resdb_config_utils.cpp:207] CHATAY_HS1_COLD_START key_cert_loaded ts_ms=1782872218270 node_id=3 public_key_hash_type=2 private_key_hash_type=2
hs2,repeat-03,3,config_load,1782872218270,hs2/repeat-03/hs2/node-3.log,10,E20260701 02:16:58.270364   154 resdb_config_utils.cpp:231] CHATAY_HS1_COLD_START generate_resdb_config_finish ts_ms=1782872218270 duration_ms=1 self=3 custom_gen=0
hs2,repeat-03,3,network_start,1782872218275,hs2/repeat-03/hs2/node-3.log,39,E20260701 02:16:58.275724   154 service_network.cpp:50] CHATAY_HS1_COLD_START service_network_ctor_start ts_ms=1782872218275 self=3 port=25233
hs2,repeat-03,3,network_start,1782872218276,hs2/repeat-03/hs2/node-3.log,47,E20260701 02:16:58.276898   154 service_network.cpp:143] CHATAY_HS1_COLD_START service_network_service_started ts_ms=1782872218276 self=3
hs2,repeat-03,3,network_start,1782872218276,hs2/repeat-03/hs2/node-3.log,49,E20260701 02:16:58.276957   154 service_network.cpp:151] CHATAY_HS1_COLD_START service_network_acceptor_run_enter ts_ms=1782872218276 self=3
hs2,repeat-03,3,bootstrap_heartbeat_send,1782872218277,hs2/repeat-03/hs2/node-3.log,55,E20260701 02:16:58.277145   185 consensus_manager.cpp:147] CHATAY_HS1_COLD_START heartbeat_send_start ts_ms=1782872218277 self=3 known_public_keys=1 all_replicas=4 current_ready=0
hs2,repeat-03,3,bootstrap_heartbeat_receive,1782872218279,hs2/repeat-03/hs2/node-3.log,66,E20260701 02:16:58.279215   204 consensus_manager.cpp:264] CHATAY_HS1_COLD_START heartbeat_receive_enter ts_ms=1782872218279 self=3
hs2,repeat-03,3,bootstrap_heartbeat_receive,1782872218279,hs2/repeat-03/hs2/node-3.log,67,E20260701 02:16:58.279251   187 consensus_manager.cpp:264] CHATAY_HS1_COLD_START heartbeat_receive_enter ts_ms=1782872218279 self=3
hs2,repeat-03,3,bootstrap_heartbeat_receive,1782872218279,hs2/repeat-03/hs2/node-3.log,68,E20260701 02:16:58.279263   188 consensus_manager.cpp:264] CHATAY_HS1_COLD_START heartbeat_receive_enter ts_ms=1782872218279 self=3
hs2,repeat-03,3,bootstrap_heartbeat_send,1782872218288,hs2/repeat-03/hs2/node-3.log,70,E20260701 02:16:58.288616   204 consensus_manager.cpp:147] CHATAY_HS1_COLD_START heartbeat_send_start ts_ms=1782872218288 self=3 known_public_keys=1 all_replicas=4 current_ready=0
hs2,repeat-03,3,bootstrap_heartbeat_receive,1782872218288,hs2/repeat-03/hs2/node-3.log,78,E20260701 02:16:58.288956   190 consensus_manager.cpp:264] CHATAY_HS1_COLD_START heartbeat_receive_enter ts_ms=1782872218288 self=3
hs2,repeat-03,3,bootstrap_heartbeat_receive,1782872218289,hs2/repeat-03/hs2/node-3.log,82,E20260701 02:16:58.289884   198 consensus_manager.cpp:264] CHATAY_HS1_COLD_START heartbeat_receive_enter ts_ms=1782872218289 self=3
hs2,repeat-03,3,bootstrap_heartbeat_send,1782872218299,hs2/repeat-03/hs2/node-3.log,84,E20260701 02:16:58.299347   187 consensus_manager.cpp:147] CHATAY_HS1_COLD_START heartbeat_send_start ts_ms=1782872218299 self=3 known_public_keys=3 all_replicas=4 current_ready=0
hs2,repeat-03,3,bootstrap_heartbeat_receive,1782872218299,hs2/repeat-03/hs2/node-3.log,95,E20260701 02:16:58.299687   201 consensus_manager.cpp:264] CHATAY_HS1_COLD_START heartbeat_receive_enter ts_ms=1782872218299 self=3
hs2,repeat-03,3,readiness,1782872218310,hs2/repeat-03/hs2/node-3.log,96,E20260701 02:16:58.310022   187 consensus_manager.cpp:343] CHATAY_HS1_COLD_START readiness_reached ts_ms=1782872218310 self=3 replica_num=3 quorum=3 sender=1
hs2,repeat-03,3,readiness,20260701 02:16:58.310120,hs2/repeat-03/hs2/node-3.log,97,E20260701 02:16:58.310120   187 consensus_manager.cpp:349] ============ Server 3 is ready =====================
hs2,repeat-03,3,bootstrap_heartbeat_send,1782872218310,hs2/repeat-03/hs2/node-3.log,99,E20260701 02:16:58.310555   188 consensus_manager.cpp:147] CHATAY_HS1_COLD_START heartbeat_send_start ts_ms=1782872218310 self=3 known_public_keys=3 all_replicas=4 current_ready=1
hs2,repeat-03,3,bootstrap_heartbeat_receive,1782872218310,hs2/repeat-03/hs2/node-3.log,110,E20260701 02:16:58.310918   192 consensus_manager.cpp:264] CHATAY_HS1_COLD_START heartbeat_receive_enter ts_ms=1782872218310 self=3
hs2,repeat-03,3,bootstrap_heartbeat_receive,1782872218781,hs2/repeat-03/hs2/node-3.log,115,E20260701 02:16:58.781796   187 consensus_manager.cpp:264] CHATAY_HS1_COLD_START heartbeat_receive_enter ts_ms=1782872218781 self=3
hs2,repeat-03,3,bootstrap_heartbeat_send,1782872218781,hs2/repeat-03/hs2/node-3.log,117,E20260701 02:16:58.781925   187 consensus_manager.cpp:147] CHATAY_HS1_COLD_START heartbeat_send_start ts_ms=1782872218781 self=3 known_public_keys=4 all_replicas=4 current_ready=1
hs2,repeat-03,3,bootstrap_heartbeat_receive,1782872218782,hs2/repeat-03/hs2/node-3.log,121,E20260701 02:16:58.782013   200 consensus_manager.cpp:264] CHATAY_HS1_COLD_START heartbeat_receive_enter ts_ms=1782872218782 self=3
hs2,repeat-03,3,bootstrap_heartbeat_receive,1782872218782,hs2/repeat-03/hs2/node-3.log,122,E20260701 02:16:58.782034   194 consensus_manager.cpp:264] CHATAY_HS1_COLD_START heartbeat_receive_enter ts_ms=1782872218782 self=3
hs2,repeat-03,3,bootstrap_heartbeat_receive,1782872218782,hs2/repeat-03/hs2/node-3.log,124,E20260701 02:16:58.782202   191 consensus_manager.cpp:264] CHATAY_HS1_COLD_START heartbeat_receive_enter ts_ms=1782872218782 self=3
hs2,repeat-03,3,bootstrap_heartbeat_receive,1782872218792,hs2/repeat-03/hs2/node-3.log,126,E20260701 02:16:58.792217   199 consensus_manager.cpp:264] CHATAY_HS1_COLD_START heartbeat_receive_enter ts_ms=1782872218792 self=3
hs2,repeat-03,3,bootstrap_heartbeat_receive,1782872218793,hs2/repeat-03/hs2/node-3.log,130,E20260701 02:16:58.793557   190 consensus_manager.cpp:264] CHATAY_HS1_COLD_START heartbeat_receive_enter ts_ms=1782872218793 self=3
hs2,repeat-03,3,bootstrap_heartbeat_receive,1782872218802,hs2/repeat-03/hs2/node-3.log,132,E20260701 02:16:58.802838   194 consensus_manager.cpp:264] CHATAY_HS1_COLD_START heartbeat_receive_enter ts_ms=1782872218802 self=3
hs2,repeat-03,3,bootstrap_heartbeat_receive,1782872218813,hs2/repeat-03/hs2/node-3.log,134,E20260701 02:16:58.813515   202 consensus_manager.cpp:264] CHATAY_HS1_COLD_START heartbeat_receive_enter ts_ms=1782872218813 self=3
hs2,repeat-03,3,bootstrap_heartbeat_receive,1782872218824,hs2/repeat-03/hs2/node-3.log,136,E20260701 02:16:58.824340   202 consensus_manager.cpp:264] CHATAY_HS1_COLD_START heartbeat_receive_enter ts_ms=1782872218824 self=3
hs2,repeat-03,3,bootstrap_heartbeat_receive,1782872219281,hs2/repeat-03/hs2/node-3.log,138,E20260701 02:16:59.281239   188 consensus_manager.cpp:264] CHATAY_HS1_COLD_START heartbeat_receive_enter ts_ms=1782872219281 self=3
hs2,repeat-03,3,bootstrap_heartbeat_send,1782872219281,hs2/repeat-03/hs2/node-3.log,140,E20260701 02:16:59.281329   188 consensus_manager.cpp:147] CHATAY_HS1_COLD_START heartbeat_send_start ts_ms=1782872219281 self=3 known_public_keys=5 all_replicas=4 current_ready=1
hs2,repeat-03,3,bootstrap_heartbeat_receive,1782872219281,hs2/repeat-03/hs2/node-3.log,145,E20260701 02:16:59.281633   191 consensus_manager.cpp:264] CHATAY_HS1_COLD_START heartbeat_receive_enter ts_ms=1782872219281 self=3
hs2,repeat-03,3,bootstrap_heartbeat_receive,1782872219281,hs2/repeat-03/hs2/node-3.log,146,E20260701 02:16:59.281654   199 consensus_manager.cpp:264] CHATAY_HS1_COLD_START heartbeat_receive_enter ts_ms=1782872219281 self=3
hs2,repeat-03,3,bootstrap_heartbeat_receive,1782872219281,hs2/repeat-03/hs2/node-3.log,147,E20260701 02:16:59.281675   193 consensus_manager.cpp:264] CHATAY_HS1_COLD_START heartbeat_receive_enter ts_ms=1782872219281 self=3
hs2,repeat-03,3,bootstrap_heartbeat_receive,1782872219281,hs2/repeat-03/hs2/node-3.log,148,E20260701 02:16:59.281867   204 consensus_manager.cpp:264] CHATAY_HS1_COLD_START heartbeat_receive_enter ts_ms=1782872219281 self=3
hs2,repeat-03,3,bootstrap_heartbeat_receive,1782872219291,hs2/repeat-03/hs2/node-3.log,150,E20260701 02:16:59.291891   197 consensus_manager.cpp:264] CHATAY_HS1_COLD_START heartbeat_receive_enter ts_ms=1782872219291 self=3
hs2,repeat-03,3,bootstrap_heartbeat_send,1782872219293,hs2/repeat-03/hs2/node-3.log,154,E20260701 02:16:59.293411   185 consensus_manager.cpp:147] CHATAY_HS1_COLD_START heartbeat_send_start ts_ms=1782872219293 self=3 known_public_keys=5 all_replicas=4 current_ready=1
hs2,repeat-03,3,bootstrap_heartbeat_receive,1782872219293,hs2/repeat-03/hs2/node-3.log,159,E20260701 02:16:59.293738   191 consensus_manager.cpp:264] CHATAY_HS1_COLD_START heartbeat_receive_enter ts_ms=1782872219293 self=3
hs2,repeat-03,3,bootstrap_heartbeat_receive,1782872219300,hs2/repeat-03/hs2/node-3.log,160,E20260701 02:16:59.300282   203 consensus_manager.cpp:264] CHATAY_HS1_COLD_START heartbeat_receive_enter ts_ms=1782872219300 self=3
hs2,repeat-03,3,bootstrap_heartbeat_receive,1782872219302,hs2/repeat-03/hs2/node-3.log,161,E20260701 02:16:59.302623   192 consensus_manager.cpp:264] CHATAY_HS1_COLD_START heartbeat_receive_enter ts_ms=1782872219302 self=3
hs2,repeat-03,3,bootstrap_heartbeat_receive,1782872219313,hs2/repeat-03/hs2/node-3.log,166,E20260701 02:16:59.313380   188 consensus_manager.cpp:264] CHATAY_HS1_COLD_START heartbeat_receive_enter ts_ms=1782872219313 self=3
hs2,repeat-03,3,bootstrap_heartbeat_receive,1782872219324,hs2/repeat-03/hs2/node-3.log,168,E20260701 02:16:59.324180   193 consensus_manager.cpp:264] CHATAY_HS1_COLD_START heartbeat_receive_enter ts_ms=1782872219324 self=3
hs2,repeat-03,3,bootstrap_heartbeat_receive,1782872219335,hs2/repeat-03/hs2/node-3.log,170,E20260701 02:16:59.335090   188 consensus_manager.cpp:264] CHATAY_HS1_COLD_START heartbeat_receive_enter ts_ms=1782872219335 self=3
hs2,repeat-03,3,bootstrap_heartbeat_receive,1782872219792,hs2/repeat-03/hs2/node-3.log,172,E20260701 02:16:59.792021   200 consensus_manager.cpp:264] CHATAY_HS1_COLD_START heartbeat_receive_enter ts_ms=1782872219792 self=3
hs2,repeat-03,3,hs2_phase2_certified,20260701 02:16:59.953114,hs2/repeat-03/hs2/node-3.log,174,I20260701 02:16:59.953114   204 consensus_manager_hs2.cpp:181] CHATAY_HS2_PIPELINE certified seq=1 view=1 leader=1 block=�}}ɡ�w� 
hs2,repeat-03,3,hs2_phase2_certified,20260701 02:16:59.953683,hs2/repeat-03/hs2/node-3.log,180,I20260701 02:16:59.953683   193 consensus_manager_hs2.cpp:181] CHATAY_HS2_PIPELINE certified seq=1 view=2 leader=2 block=�}}ɡ�w� 
hs2,repeat-03,3,hs2_phase2_certified,20260701 02:16:59.964314,hs2/repeat-03/hs2/node-3.log,187,I20260701 02:16:59.964314   192 consensus_manager_hs2.cpp:181] CHATAY_HS2_PIPELINE certified seq=1 view=1 leader=2 block=�}}ɡ�w� 
hs2,repeat-03,3,bootstrap_heartbeat_receive,1782872220292,hs2/repeat-03/hs2/node-3.log,194,E20260701 02:17:00.292029   197 consensus_manager.cpp:264] CHATAY_HS1_COLD_START heartbeat_receive_enter ts_ms=1782872220292 self=3
hs2,repeat-03,3,hs2_phase2_certified,20260701 02:17:00.950048,hs2/repeat-03/hs2/node-3.log,196,I20260701 02:17:00.950048   188 consensus_manager_hs2.cpp:181] CHATAY_HS2_PIPELINE certified seq=2 view=2 leader=2 block=
hs2,repeat-03,4,config_load,1782872218772,hs2/repeat-03/hs2/node-4.log,2,E20260701 02:16:58.772754   215 resdb_config_utils.cpp:198] CHATAY_HS1_COLD_START generate_resdb_config_start ts_ms=1782872218772 config_file=/work/config/server/server.config private_key_file=/work/cert/node4.key.pri cert_file=/work/cert/cert_4.cert
hs2,repeat-03,4,config_load,1782872218772,hs2/repeat-03/hs2/node-4.log,3,E20260701 02:16:58.772847   215 resdb_config_utils.cpp:133] CHATAY_HS1_COLD_START read_config_start ts_ms=1782872218772 file=/work/config/server/server.config
hs2,repeat-03,4,config_load,1782872218773,hs2/repeat-03/hs2/node-4.log,4,E20260701 02:16:58.773434   215 resdb_config_utils.cpp:154] CHATAY_HS1_COLD_START read_config_finish ts_ms=1782872218773 duration_ms=1 file=/work/config/server/server.config bytes=292 regions=1
hs2,repeat-03,4,key_cert_load,1782872218773,hs2/repeat-03/hs2/node-4.log,5,E20260701 02:16:58.773455   215 resdb_config_utils.cpp:49] CHATAY_HS1_COLD_START read_private_key_start ts_ms=1782872218773 file=/work/cert/node4.key.pri
hs2,repeat-03,4,key_cert_load,1782872218773,hs2/repeat-03/hs2/node-4.log,6,E20260701 02:16:58.773468   215 resdb_config_utils.cpp:71] CHATAY_HS1_COLD_START read_private_key_finish ts_ms=1782872218773 duration_ms=0 file=/work/cert/node4.key.pri bytes=36 hash_type=2
hs2,repeat-03,4,key_cert_load,1782872218773,hs2/repeat-03/hs2/node-4.log,7,E20260701 02:16:58.773471   215 resdb_config_utils.cpp:82] CHATAY_HS1_COLD_START read_cert_start ts_ms=1782872218773 file=/work/cert/cert_4.cert
hs2,repeat-03,4,key_cert_load,1782872218773,hs2/repeat-03/hs2/node-4.log,8,E20260701 02:16:58.773480   215 resdb_config_utils.cpp:104] CHATAY_HS1_COLD_START read_cert_finish ts_ms=1782872218773 duration_ms=0 file=/work/cert/cert_4.cert bytes=167 node_id=4 type=0
hs2,repeat-03,4,key_cert_load,1782872218773,hs2/repeat-03/hs2/node-4.log,9,E20260701 02:16:58.773483   215 resdb_config_utils.cpp:207] CHATAY_HS1_COLD_START key_cert_loaded ts_ms=1782872218773 node_id=4 public_key_hash_type=2 private_key_hash_type=2
hs2,repeat-03,4,config_load,1782872218773,hs2/repeat-03/hs2/node-4.log,10,E20260701 02:16:58.773486   215 resdb_config_utils.cpp:231] CHATAY_HS1_COLD_START generate_resdb_config_finish ts_ms=1782872218773 duration_ms=1 self=4 custom_gen=0
hs2,repeat-03,4,network_start,1782872218779,hs2/repeat-03/hs2/node-4.log,39,E20260701 02:16:58.779930   215 service_network.cpp:50] CHATAY_HS1_COLD_START service_network_ctor_start ts_ms=1782872218779 self=4 port=25234
hs2,repeat-03,4,network_start,1782872218780,hs2/repeat-03/hs2/node-4.log,47,E20260701 02:16:58.780750   215 service_network.cpp:143] CHATAY_HS1_COLD_START service_network_service_started ts_ms=1782872218780 self=4
hs2,repeat-03,4,bootstrap_heartbeat_send,1782872218780,hs2/repeat-03/hs2/node-4.log,50,E20260701 02:16:58.780807   246 consensus_manager.cpp:147] CHATAY_HS1_COLD_START heartbeat_send_start ts_ms=1782872218780 self=4 known_public_keys=1 all_replicas=4 current_ready=0
hs2,repeat-03,4,network_start,1782872218781,hs2/repeat-03/hs2/node-4.log,54,E20260701 02:16:58.781270   215 service_network.cpp:151] CHATAY_HS1_COLD_START service_network_acceptor_run_enter ts_ms=1782872218781 self=4
hs2,repeat-03,4,bootstrap_heartbeat_receive,1782872218782,hs2/repeat-03/hs2/node-4.log,60,E20260701 02:16:58.782778   255 consensus_manager.cpp:264] CHATAY_HS1_COLD_START heartbeat_receive_enter ts_ms=1782872218782 self=4
hs2,repeat-03,4,bootstrap_heartbeat_receive,1782872218782,hs2/repeat-03/hs2/node-4.log,61,E20260701 02:16:58.782790   249 consensus_manager.cpp:264] CHATAY_HS1_COLD_START heartbeat_receive_enter ts_ms=1782872218782 self=4
hs2,repeat-03,4,bootstrap_heartbeat_receive,1782872218782,hs2/repeat-03/hs2/node-4.log,62,E20260701 02:16:58.782821   266 consensus_manager.cpp:264] CHATAY_HS1_COLD_START heartbeat_receive_enter ts_ms=1782872218782 self=4
hs2,repeat-03,4,bootstrap_heartbeat_receive,1782872218782,hs2/repeat-03/hs2/node-4.log,63,E20260701 02:16:58.782886   256 consensus_manager.cpp:264] CHATAY_HS1_COLD_START heartbeat_receive_enter ts_ms=1782872218782 self=4
hs2,repeat-03,4,bootstrap_heartbeat_send,1782872218791,hs2/repeat-03/hs2/node-4.log,65,E20260701 02:16:58.791745   255 consensus_manager.cpp:147] CHATAY_HS1_COLD_START heartbeat_send_start ts_ms=1782872218791 self=4 known_public_keys=1 all_replicas=4 current_ready=0
hs2,repeat-03,4,bootstrap_heartbeat_receive,1782872218792,hs2/repeat-03/hs2/node-4.log,70,E20260701 02:16:58.792341   252 consensus_manager.cpp:264] CHATAY_HS1_COLD_START heartbeat_receive_enter ts_ms=1782872218792 self=4
hs2,repeat-03,4,bootstrap_heartbeat_receive,1782872218793,hs2/repeat-03/hs2/node-4.log,71,E20260701 02:16:58.793609   253 consensus_manager.cpp:264] CHATAY_HS1_COLD_START heartbeat_receive_enter ts_ms=1782872218793 self=4
hs2,repeat-03,4,bootstrap_heartbeat_send,1782872218802,hs2/repeat-03/hs2/node-4.log,73,E20260701 02:16:58.802464   249 consensus_manager.cpp:147] CHATAY_HS1_COLD_START heartbeat_send_start ts_ms=1782872218802 self=4 known_public_keys=4 all_replicas=4 current_ready=0
hs2,repeat-03,4,bootstrap_heartbeat_receive,1782872218802,hs2/repeat-03/hs2/node-4.log,78,E20260701 02:16:58.802948   260 consensus_manager.cpp:264] CHATAY_HS1_COLD_START heartbeat_receive_enter ts_ms=1782872218802 self=4
hs2,repeat-03,4,readiness,1782872218812,hs2/repeat-03/hs2/node-4.log,79,E20260701 02:16:58.812776   249 consensus_manager.cpp:343] CHATAY_HS1_COLD_START readiness_reached ts_ms=1782872218812 self=4 replica_num=4 quorum=3 sender=2
hs2,repeat-03,4,readiness,20260701 02:16:58.812816,hs2/repeat-03/hs2/node-4.log,80,E20260701 02:16:58.812816   249 consensus_manager.cpp:349] ============ Server 4 is ready =====================
hs2,repeat-03,4,bootstrap_heartbeat_send,1782872218813,hs2/repeat-03/hs2/node-4.log,82,E20260701 02:16:58.813159   266 consensus_manager.cpp:147] CHATAY_HS1_COLD_START heartbeat_send_start ts_ms=1782872218813 self=4 known_public_keys=4 all_replicas=4 current_ready=1
hs2,repeat-03,4,bootstrap_heartbeat_receive,1782872218813,hs2/repeat-03/hs2/node-4.log,87,E20260701 02:16:58.813537   254 consensus_manager.cpp:264] CHATAY_HS1_COLD_START heartbeat_receive_enter ts_ms=1782872218813 self=4
hs2,repeat-03,4,bootstrap_heartbeat_send,1782872218823,hs2/repeat-03/hs2/node-4.log,89,E20260701 02:16:58.823956   256 consensus_manager.cpp:147] CHATAY_HS1_COLD_START heartbeat_send_start ts_ms=1782872218823 self=4 known_public_keys=4 all_replicas=4 current_ready=1
hs2,repeat-03,4,bootstrap_heartbeat_receive,1782872218824,hs2/repeat-03/hs2/node-4.log,94,E20260701 02:16:58.824354   258 consensus_manager.cpp:264] CHATAY_HS1_COLD_START heartbeat_receive_enter ts_ms=1782872218824 self=4
hs2,repeat-03,4,bootstrap_heartbeat_receive,1782872219281,hs2/repeat-03/hs2/node-4.log,100,E20260701 02:16:59.281405   259 consensus_manager.cpp:264] CHATAY_HS1_COLD_START heartbeat_receive_enter ts_ms=1782872219281 self=4
hs2,repeat-03,4,bootstrap_heartbeat_send,1782872219281,hs2/repeat-03/hs2/node-4.log,102,E20260701 02:16:59.281538   259 consensus_manager.cpp:147] CHATAY_HS1_COLD_START heartbeat_send_start ts_ms=1782872219281 self=4 known_public_keys=5 all_replicas=4 current_ready=1
hs2,repeat-03,4,bootstrap_heartbeat_receive,1782872219281,hs2/repeat-03/hs2/node-4.log,107,E20260701 02:16:59.281826   250 consensus_manager.cpp:264] CHATAY_HS1_COLD_START heartbeat_receive_enter ts_ms=1782872219281 self=4
hs2,repeat-03,4,bootstrap_heartbeat_receive,1782872219281,hs2/repeat-03/hs2/node-4.log,108,E20260701 02:16:59.281847   266 consensus_manager.cpp:264] CHATAY_HS1_COLD_START heartbeat_receive_enter ts_ms=1782872219281 self=4
hs2,repeat-03,4,bootstrap_heartbeat_receive,1782872219281,hs2/repeat-03/hs2/node-4.log,109,E20260701 02:16:59.281850   263 consensus_manager.cpp:264] CHATAY_HS1_COLD_START heartbeat_receive_enter ts_ms=1782872219281 self=4
hs2,repeat-03,4,bootstrap_heartbeat_receive,1782872219281,hs2/repeat-03/hs2/node-4.log,110,E20260701 02:16:59.281829   256 consensus_manager.cpp:264] CHATAY_HS1_COLD_START heartbeat_receive_enter ts_ms=1782872219281 self=4
hs2,repeat-03,4,bootstrap_heartbeat_receive,1782872219291,hs2/repeat-03/hs2/node-4.log,115,E20260701 02:16:59.291975   262 consensus_manager.cpp:264] CHATAY_HS1_COLD_START heartbeat_receive_enter ts_ms=1782872219291 self=4
hs2,repeat-03,4,bootstrap_heartbeat_receive,1782872219293,hs2/repeat-03/hs2/node-4.log,117,E20260701 02:16:59.293812   255 consensus_manager.cpp:264] CHATAY_HS1_COLD_START heartbeat_receive_enter ts_ms=1782872219293 self=4
hs2,repeat-03,4,bootstrap_heartbeat_receive,1782872219300,hs2/repeat-03/hs2/node-4.log,119,E20260701 02:16:59.300347   256 consensus_manager.cpp:264] CHATAY_HS1_COLD_START heartbeat_receive_enter ts_ms=1782872219300 self=4
hs2,repeat-03,4,bootstrap_heartbeat_receive,1782872219302,hs2/repeat-03/hs2/node-4.log,121,E20260701 02:16:59.302632   266 consensus_manager.cpp:264] CHATAY_HS1_COLD_START heartbeat_receive_enter ts_ms=1782872219302 self=4
hs2,repeat-03,4,bootstrap_heartbeat_receive,1782872219313,hs2/repeat-03/hs2/node-4.log,123,E20260701 02:16:59.313473   254 consensus_manager.cpp:264] CHATAY_HS1_COLD_START heartbeat_receive_enter ts_ms=1782872219313 self=4
hs2,repeat-03,4,bootstrap_heartbeat_receive,1782872219324,hs2/repeat-03/hs2/node-4.log,125,E20260701 02:16:59.324273   253 consensus_manager.cpp:264] CHATAY_HS1_COLD_START heartbeat_receive_enter ts_ms=1782872219324 self=4
hs2,repeat-03,4,bootstrap_heartbeat_receive,1782872219335,hs2/repeat-03/hs2/node-4.log,127,E20260701 02:16:59.335134   253 consensus_manager.cpp:264] CHATAY_HS1_COLD_START heartbeat_receive_enter ts_ms=1782872219335 self=4
hs2,repeat-03,4,bootstrap_heartbeat_send,1782872219791,hs2/repeat-03/hs2/node-4.log,129,E20260701 02:16:59.791642   246 consensus_manager.cpp:147] CHATAY_HS1_COLD_START heartbeat_send_start ts_ms=1782872219791 self=4 known_public_keys=5 all_replicas=4 current_ready=1
hs2,repeat-03,4,bootstrap_heartbeat_receive,1782872219792,hs2/repeat-03/hs2/node-4.log,134,E20260701 02:16:59.792155   251 consensus_manager.cpp:264] CHATAY_HS1_COLD_START heartbeat_receive_enter ts_ms=1782872219792 self=4
hs2,repeat-03,4,hs2_phase2_certified,20260701 02:16:59.953676,hs2/repeat-03/hs2/node-4.log,136,I20260701 02:16:59.953676   260 consensus_manager_hs2.cpp:181] CHATAY_HS2_PIPELINE certified seq=1 view=1 leader=1 block=�}}ɡ�w� 
hs2,repeat-03,4,hs2_phase2_certified,20260701 02:16:59.954231,hs2/repeat-03/hs2/node-4.log,142,I20260701 02:16:59.954231   260 consensus_manager_hs2.cpp:181] CHATAY_HS2_PIPELINE certified seq=1 view=2 leader=2 block=�}}ɡ�w� 
hs2,repeat-03,4,hs2_phase2_certified,20260701 02:16:59.964289,hs2/repeat-03/hs2/node-4.log,149,I20260701 02:16:59.964289   261 consensus_manager_hs2.cpp:181] CHATAY_HS2_PIPELINE certified seq=1 view=1 leader=2 block=�}}ɡ�w� 
hs2,repeat-03,4,bootstrap_heartbeat_receive,1782872220292,hs2/repeat-03/hs2/node-4.log,156,E20260701 02:17:00.292174   252 consensus_manager.cpp:264] CHATAY_HS1_COLD_START heartbeat_receive_enter ts_ms=1782872220292 self=4
hs2,repeat-03,4,hs2_phase2_certified,20260701 02:17:00.950362,hs2/repeat-03/hs2/node-4.log,158,I20260701 02:17:00.950362   255 consensus_manager_hs2.cpp:181] CHATAY_HS2_PIPELINE certified seq=2 view=2 leader=2 block=
hs2,repeat-03,5,config_load,1782872219275,hs2/repeat-03/hs2/node-5.log,2,E20260701 02:16:59.275061   278 resdb_config_utils.cpp:198] CHATAY_HS1_COLD_START generate_resdb_config_start ts_ms=1782872219275 config_file=/work/config/server/server.config private_key_file=/work/cert/node5.key.pri cert_file=/work/cert/cert_5.cert
hs2,repeat-03,5,config_load,1782872219275,hs2/repeat-03/hs2/node-5.log,3,E20260701 02:16:59.275115   278 resdb_config_utils.cpp:133] CHATAY_HS1_COLD_START read_config_start ts_ms=1782872219275 file=/work/config/server/server.config
hs2,repeat-03,5,config_load,1782872219275,hs2/repeat-03/hs2/node-5.log,4,E20260701 02:16:59.275928   278 resdb_config_utils.cpp:154] CHATAY_HS1_COLD_START read_config_finish ts_ms=1782872219275 duration_ms=0 file=/work/config/server/server.config bytes=292 regions=1
hs2,repeat-03,5,key_cert_load,1782872219275,hs2/repeat-03/hs2/node-5.log,5,E20260701 02:16:59.275980   278 resdb_config_utils.cpp:49] CHATAY_HS1_COLD_START read_private_key_start ts_ms=1782872219275 file=/work/cert/node5.key.pri
hs2,repeat-03,5,key_cert_load,1782872219276,hs2/repeat-03/hs2/node-5.log,6,E20260701 02:16:59.276005   278 resdb_config_utils.cpp:71] CHATAY_HS1_COLD_START read_private_key_finish ts_ms=1782872219276 duration_ms=1 file=/work/cert/node5.key.pri bytes=36 hash_type=2
hs2,repeat-03,5,key_cert_load,1782872219276,hs2/repeat-03/hs2/node-5.log,7,E20260701 02:16:59.276008   278 resdb_config_utils.cpp:82] CHATAY_HS1_COLD_START read_cert_start ts_ms=1782872219276 file=/work/cert/cert_5.cert
hs2,repeat-03,5,key_cert_load,1782872219276,hs2/repeat-03/hs2/node-5.log,8,E20260701 02:16:59.276024   278 resdb_config_utils.cpp:104] CHATAY_HS1_COLD_START read_cert_finish ts_ms=1782872219276 duration_ms=0 file=/work/cert/cert_5.cert bytes=169 node_id=5 type=1
hs2,repeat-03,5,key_cert_load,1782872219276,hs2/repeat-03/hs2/node-5.log,9,E20260701 02:16:59.276027   278 resdb_config_utils.cpp:207] CHATAY_HS1_COLD_START key_cert_loaded ts_ms=1782872219276 node_id=5 public_key_hash_type=2 private_key_hash_type=2
hs2,repeat-03,5,config_load,1782872219276,hs2/repeat-03/hs2/node-5.log,10,E20260701 02:16:59.276032   278 resdb_config_utils.cpp:231] CHATAY_HS1_COLD_START generate_resdb_config_finish ts_ms=1782872219276 duration_ms=1 self=5 custom_gen=0
hs2,repeat-03,5,network_start,1782872219280,hs2/repeat-03/hs2/node-5.log,39,E20260701 02:16:59.280499   278 service_network.cpp:50] CHATAY_HS1_COLD_START service_network_ctor_start ts_ms=1782872219280 self=5 port=25235
hs2,repeat-03,5,network_start,1782872219280,hs2/repeat-03/hs2/node-5.log,47,E20260701 02:16:59.280787   278 service_network.cpp:143] CHATAY_HS1_COLD_START service_network_service_started ts_ms=1782872219280 self=5
hs2,repeat-03,5,network_start,1782872219280,hs2/repeat-03/hs2/node-5.log,49,E20260701 02:16:59.280843   278 service_network.cpp:151] CHATAY_HS1_COLD_START service_network_acceptor_run_enter ts_ms=1782872219280 self=5
hs2,repeat-03,5,bootstrap_heartbeat_send,1782872219280,hs2/repeat-03/hs2/node-5.log,53,E20260701 02:16:59.280869   309 consensus_manager.cpp:147] CHATAY_HS1_COLD_START heartbeat_send_start ts_ms=1782872219280 self=5 known_public_keys=1 all_replicas=4 current_ready=0
hs2,repeat-03,5,bootstrap_heartbeat_receive,1782872219281,hs2/repeat-03/hs2/node-5.log,59,E20260701 02:16:59.281618   318 consensus_manager.cpp:264] CHATAY_HS1_COLD_START heartbeat_receive_enter ts_ms=1782872219281 self=5
hs2,repeat-03,5,bootstrap_heartbeat_receive,1782872219281,hs2/repeat-03/hs2/node-5.log,60,E20260701 02:16:59.281706   327 consensus_manager.cpp:264] CHATAY_HS1_COLD_START heartbeat_receive_enter ts_ms=1782872219281 self=5
hs2,repeat-03,5,bootstrap_heartbeat_receive,1782872219281,hs2/repeat-03/hs2/node-5.log,61,E20260701 02:16:59.281719   326 consensus_manager.cpp:264] CHATAY_HS1_COLD_START heartbeat_receive_enter ts_ms=1782872219281 self=5
hs2,repeat-03,5,bootstrap_heartbeat_receive,1782872219281,hs2/repeat-03/hs2/node-5.log,62,E20260701 02:16:59.281877   319 consensus_manager.cpp:264] CHATAY_HS1_COLD_START heartbeat_receive_enter ts_ms=1782872219281 self=5
hs2,repeat-03,5,bootstrap_heartbeat_send,1782872219291,hs2/repeat-03/hs2/node-5.log,65,E20260701 02:16:59.291610   318 consensus_manager.cpp:147] CHATAY_HS1_COLD_START heartbeat_send_start ts_ms=1782872219291 self=5 known_public_keys=5 all_replicas=4 current_ready=0
hs2,repeat-03,5,bootstrap_heartbeat_receive,1782872219291,hs2/repeat-03/hs2/node-5.log,70,E20260701 02:16:59.291976   320 consensus_manager.cpp:264] CHATAY_HS1_COLD_START heartbeat_receive_enter ts_ms=1782872219291 self=5
hs2,repeat-03,5,bootstrap_heartbeat_receive,1782872219293,hs2/repeat-03/hs2/node-5.log,71,E20260701 02:16:59.293809   321 consensus_manager.cpp:264] CHATAY_HS1_COLD_START heartbeat_receive_enter ts_ms=1782872219293 self=5
hs2,repeat-03,5,bootstrap_heartbeat_receive,1782872219300,hs2/repeat-03/hs2/node-5.log,72,E20260701 02:16:59.300266   315 consensus_manager.cpp:264] CHATAY_HS1_COLD_START heartbeat_receive_enter ts_ms=1782872219300 self=5
hs2,repeat-03,5,readiness,1782872219301,hs2/repeat-03/hs2/node-5.log,73,E20260701 02:16:59.301981   318 consensus_manager.cpp:343] CHATAY_HS1_COLD_START readiness_reached ts_ms=1782872219301 self=5 replica_num=4 quorum=3 sender=3
hs2,repeat-03,5,readiness,20260701 02:16:59.301995,hs2/repeat-03/hs2/node-5.log,74,E20260701 02:16:59.301995   318 consensus_manager.cpp:349] ============ Server 5 is ready =====================
hs2,repeat-03,5,bootstrap_heartbeat_send,1782872219302,hs2/repeat-03/hs2/node-5.log,76,E20260701 02:16:59.302320   327 consensus_manager.cpp:147] CHATAY_HS1_COLD_START heartbeat_send_start ts_ms=1782872219302 self=5 known_public_keys=5 all_replicas=4 current_ready=1
hs2,repeat-03,5,bootstrap_heartbeat_receive,1782872219302,hs2/repeat-03/hs2/node-5.log,81,E20260701 02:16:59.302675   317 consensus_manager.cpp:264] CHATAY_HS1_COLD_START heartbeat_receive_enter ts_ms=1782872219302 self=5
hs2,repeat-03,5,bootstrap_heartbeat_send,1782872219313,hs2/repeat-03/hs2/node-5.log,83,E20260701 02:16:59.313035   326 consensus_manager.cpp:147] CHATAY_HS1_COLD_START heartbeat_send_start ts_ms=1782872219313 self=5 known_public_keys=5 all_replicas=4 current_ready=1
hs2,repeat-03,5,bootstrap_heartbeat_receive,1782872219313,hs2/repeat-03/hs2/node-5.log,88,E20260701 02:16:59.313392   316 consensus_manager.cpp:264] CHATAY_HS1_COLD_START heartbeat_receive_enter ts_ms=1782872219313 self=5
hs2,repeat-03,5,bootstrap_heartbeat_send,1782872219323,hs2/repeat-03/hs2/node-5.log,90,E20260701 02:16:59.323871   319 consensus_manager.cpp:147] CHATAY_HS1_COLD_START heartbeat_send_start ts_ms=1782872219323 self=5 known_public_keys=5 all_replicas=4 current_ready=1
hs2,repeat-03,5,bootstrap_heartbeat_receive,1782872219324,hs2/repeat-03/hs2/node-5.log,95,E20260701 02:16:59.324198   311 consensus_manager.cpp:264] CHATAY_HS1_COLD_START heartbeat_receive_enter ts_ms=1782872219324 self=5
hs2,repeat-03,5,bootstrap_heartbeat_send,1782872219334,hs2/repeat-03/hs2/node-5.log,97,E20260701 02:16:59.334765   320 consensus_manager.cpp:147] CHATAY_HS1_COLD_START heartbeat_send_start ts_ms=1782872219334 self=5 known_public_keys=5 all_replicas=4 current_ready=1
hs2,repeat-03,5,bootstrap_heartbeat_receive,1782872219335,hs2/repeat-03/hs2/node-5.log,102,E20260701 02:16:59.335163   314 consensus_manager.cpp:264] CHATAY_HS1_COLD_START heartbeat_receive_enter ts_ms=1782872219335 self=5
hs2,repeat-03,5,bootstrap_heartbeat_receive,1782872219792,hs2/repeat-03/hs2/node-5.log,109,E20260701 02:16:59.792124   318 consensus_manager.cpp:264] CHATAY_HS1_COLD_START heartbeat_receive_enter ts_ms=1782872219792 self=5
hs2,repeat-03,5,bootstrap_heartbeat_send,1782872220291,hs2/repeat-03/hs2/node-5.log,146,E20260701 02:17:00.291501   309 consensus_manager.cpp:147] CHATAY_HS1_COLD_START heartbeat_send_start ts_ms=1782872220291 self=5 known_public_keys=5 all_replicas=4 current_ready=1
hs2,repeat-03,5,bootstrap_heartbeat_receive,1782872220292,hs2/repeat-03/hs2/node-5.log,151,E20260701 02:17:00.292227   325 consensus_manager.cpp:264] CHATAY_HS1_COLD_START heartbeat_receive_enter ts_ms=1782872220292 self=5
pbft,repeat-01,client,client_get_ok,,pbft/repeat-01/pbft/client-get-001.log,3,client get value = chatay-pbft-value-20260701T021524Z-runtime-coldstart-pbft-r01-001
pbft,repeat-01,client,client_set_ok,,pbft/repeat-01/pbft/client-set-001.log,3,client set ret = 0
pbft,repeat-01,1,config_load,1782872126338,pbft/repeat-01/pbft/node-1.log,2,E20260701 02:15:26.338462    40 resdb_config_utils.cpp:198] CHATAY_HS1_COLD_START generate_resdb_config_start ts_ms=1782872126338 config_file=/work/config/server/server.config private_key_file=/work/cert/node1.key.pri cert_file=/work/cert/cert_1.cert
pbft,repeat-01,1,config_load,1782872126338,pbft/repeat-01/pbft/node-1.log,3,E20260701 02:15:26.338630    40 resdb_config_utils.cpp:133] CHATAY_HS1_COLD_START read_config_start ts_ms=1782872126338 file=/work/config/server/server.config
pbft,repeat-01,1,config_load,1782872126339,pbft/repeat-01/pbft/node-1.log,4,E20260701 02:15:26.339218    40 resdb_config_utils.cpp:154] CHATAY_HS1_COLD_START read_config_finish ts_ms=1782872126339 duration_ms=1 file=/work/config/server/server.config bytes=292 regions=1
pbft,repeat-01,1,key_cert_load,1782872126339,pbft/repeat-01/pbft/node-1.log,5,E20260701 02:15:26.339231    40 resdb_config_utils.cpp:49] CHATAY_HS1_COLD_START read_private_key_start ts_ms=1782872126339 file=/work/cert/node1.key.pri
pbft,repeat-01,1,key_cert_load,1782872126339,pbft/repeat-01/pbft/node-1.log,6,E20260701 02:15:26.339243    40 resdb_config_utils.cpp:71] CHATAY_HS1_COLD_START read_private_key_finish ts_ms=1782872126339 duration_ms=0 file=/work/cert/node1.key.pri bytes=36 hash_type=2
pbft,repeat-01,1,key_cert_load,1782872126339,pbft/repeat-01/pbft/node-1.log,7,E20260701 02:15:26.339246    40 resdb_config_utils.cpp:82] CHATAY_HS1_COLD_START read_cert_start ts_ms=1782872126339 file=/work/cert/cert_1.cert
pbft,repeat-01,1,key_cert_load,1782872126339,pbft/repeat-01/pbft/node-1.log,8,E20260701 02:15:26.339255    40 resdb_config_utils.cpp:104] CHATAY_HS1_COLD_START read_cert_finish ts_ms=1782872126339 duration_ms=0 file=/work/cert/cert_1.cert bytes=167 node_id=1 type=0
pbft,repeat-01,1,key_cert_load,1782872126339,pbft/repeat-01/pbft/node-1.log,9,E20260701 02:15:26.339258    40 resdb_config_utils.cpp:207] CHATAY_HS1_COLD_START key_cert_loaded ts_ms=1782872126339 node_id=1 public_key_hash_type=2 private_key_hash_type=2
pbft,repeat-01,1,config_load,1782872126339,pbft/repeat-01/pbft/node-1.log,10,E20260701 02:15:26.339262    40 resdb_config_utils.cpp:231] CHATAY_HS1_COLD_START generate_resdb_config_finish ts_ms=1782872126339 duration_ms=1 self=1 custom_gen=0
pbft,repeat-01,1,network_start,1782872126347,pbft/repeat-01/pbft/node-1.log,44,E20260701 02:15:26.347448    40 service_network.cpp:50] CHATAY_HS1_COLD_START service_network_ctor_start ts_ms=1782872126347 self=1 port=25011
pbft,repeat-01,1,network_start,1782872126347,pbft/repeat-01/pbft/node-1.log,53,E20260701 02:15:26.347883    40 service_network.cpp:143] CHATAY_HS1_COLD_START service_network_service_started ts_ms=1782872126347 self=1
pbft,repeat-01,1,network_start,1782872126347,pbft/repeat-01/pbft/node-1.log,57,E20260701 02:15:26.347942    40 service_network.cpp:151] CHATAY_HS1_COLD_START service_network_acceptor_run_enter ts_ms=1782872126347 self=1
pbft,repeat-01,1,bootstrap_heartbeat_send,1782872126347,pbft/repeat-01/pbft/node-1.log,59,E20260701 02:15:26.347949    71 consensus_manager.cpp:147] CHATAY_HS1_COLD_START heartbeat_send_start ts_ms=1782872126347 self=1 known_public_keys=1 all_replicas=4 current_ready=0
pbft,repeat-01,1,bootstrap_heartbeat_receive,1782872126349,pbft/repeat-01/pbft/node-1.log,84,E20260701 02:15:26.349123    86 consensus_manager.cpp:264] CHATAY_HS1_COLD_START heartbeat_receive_enter ts_ms=1782872126349 self=1
pbft,repeat-01,1,bootstrap_heartbeat_send,1782872126358,pbft/repeat-01/pbft/node-1.log,86,E20260701 02:15:26.358522    86 consensus_manager.cpp:147] CHATAY_HS1_COLD_START heartbeat_send_start ts_ms=1782872126358 self=1 known_public_keys=1 all_replicas=4 current_ready=0
pbft,repeat-01,1,bootstrap_heartbeat_receive,1782872126359,pbft/repeat-01/pbft/node-1.log,109,E20260701 02:15:26.359138    91 consensus_manager.cpp:264] CHATAY_HS1_COLD_START heartbeat_receive_enter ts_ms=1782872126359 self=1
pbft,repeat-01,1,bootstrap_heartbeat_receive,1782872126850,pbft/repeat-01/pbft/node-1.log,111,E20260701 02:15:26.850422    90 consensus_manager.cpp:264] CHATAY_HS1_COLD_START heartbeat_receive_enter ts_ms=1782872126850 self=1
pbft,repeat-01,1,bootstrap_heartbeat_send,1782872126850,pbft/repeat-01/pbft/node-1.log,113,E20260701 02:15:26.850548    90 consensus_manager.cpp:147] CHATAY_HS1_COLD_START heartbeat_send_start ts_ms=1782872126850 self=1 known_public_keys=2 all_replicas=4 current_ready=0
pbft,repeat-01,1,bootstrap_heartbeat_receive,1782872126850,pbft/repeat-01/pbft/node-1.log,130,E20260701 02:15:26.850950    78 consensus_manager.cpp:264] CHATAY_HS1_COLD_START heartbeat_receive_enter ts_ms=1782872126850 self=1
pbft,repeat-01,1,bootstrap_heartbeat_receive,1782872126861,pbft/repeat-01/pbft/node-1.log,132,E20260701 02:15:26.861336    87 consensus_manager.cpp:264] CHATAY_HS1_COLD_START heartbeat_receive_enter ts_ms=1782872126861 self=1
pbft,repeat-01,1,bootstrap_heartbeat_receive,1782872126872,pbft/repeat-01/pbft/node-1.log,134,E20260701 02:15:26.872061    79 consensus_manager.cpp:264] CHATAY_HS1_COLD_START heartbeat_receive_enter ts_ms=1782872126872 self=1
pbft,repeat-01,1,bootstrap_heartbeat_receive,1782872127353,pbft/repeat-01/pbft/node-1.log,136,E20260701 02:15:27.353296    88 consensus_manager.cpp:264] CHATAY_HS1_COLD_START heartbeat_receive_enter ts_ms=1782872127353 self=1
pbft,repeat-01,1,bootstrap_heartbeat_send,1782872127353,pbft/repeat-01/pbft/node-1.log,138,E20260701 02:15:27.353473    88 consensus_manager.cpp:147] CHATAY_HS1_COLD_START heartbeat_send_start ts_ms=1782872127353 self=1 known_public_keys=3 all_replicas=4 current_ready=0
pbft,repeat-01,1,bootstrap_heartbeat_receive,1782872127353,pbft/repeat-01/pbft/node-1.log,142,E20260701 02:15:27.353717    83 consensus_manager.cpp:264] CHATAY_HS1_COLD_START heartbeat_receive_enter ts_ms=1782872127353 self=1
pbft,repeat-01,1,bootstrap_heartbeat_receive,1782872127353,pbft/repeat-01/pbft/node-1.log,143,E20260701 02:15:27.353725    90 consensus_manager.cpp:264] CHATAY_HS1_COLD_START heartbeat_receive_enter ts_ms=1782872127353 self=1
pbft,repeat-01,1,bootstrap_heartbeat_receive,1782872127363,pbft/repeat-01/pbft/node-1.log,152,E20260701 02:15:27.363967    78 consensus_manager.cpp:264] CHATAY_HS1_COLD_START heartbeat_receive_enter ts_ms=1782872127363 self=1
pbft,repeat-01,1,readiness,1782872127364,pbft/repeat-01/pbft/node-1.log,153,E20260701 02:15:27.364105    83 consensus_manager.cpp:343] CHATAY_HS1_COLD_START readiness_reached ts_ms=1782872127364 self=1 replica_num=3 quorum=3 sender=1
pbft,repeat-01,1,readiness,20260701 02:15:27.364111,pbft/repeat-01/pbft/node-1.log,154,E20260701 02:15:27.364111    83 consensus_manager.cpp:349] ============ Server 1 is ready =====================
pbft,repeat-01,1,bootstrap_heartbeat_send,1782872127364,pbft/repeat-01/pbft/node-1.log,156,E20260701 02:15:27.364378    71 consensus_manager.cpp:147] CHATAY_HS1_COLD_START heartbeat_send_start ts_ms=1782872127364 self=1 known_public_keys=3 all_replicas=4 current_ready=1
pbft,repeat-01,1,bootstrap_heartbeat_receive,1782872127364,pbft/repeat-01/pbft/node-1.log,167,E20260701 02:15:27.364645    81 consensus_manager.cpp:264] CHATAY_HS1_COLD_START heartbeat_receive_enter ts_ms=1782872127364 self=1
pbft,repeat-01,1,bootstrap_heartbeat_receive,1782872127374,pbft/repeat-01/pbft/node-1.log,168,E20260701 02:15:27.374737    88 consensus_manager.cpp:264] CHATAY_HS1_COLD_START heartbeat_receive_enter ts_ms=1782872127374 self=1
pbft,repeat-01,1,bootstrap_heartbeat_receive,1782872127385,pbft/repeat-01/pbft/node-1.log,172,E20260701 02:15:27.385620    76 consensus_manager.cpp:264] CHATAY_HS1_COLD_START heartbeat_receive_enter ts_ms=1782872127385 self=1
pbft,repeat-01,1,bootstrap_heartbeat_receive,1782872127860,pbft/repeat-01/pbft/node-1.log,174,E20260701 02:15:27.860809    85 consensus_manager.cpp:264] CHATAY_HS1_COLD_START heartbeat_receive_enter ts_ms=1782872127860 self=1
pbft,repeat-01,1,bootstrap_heartbeat_send,1782872127860,pbft/repeat-01/pbft/node-1.log,176,E20260701 02:15:27.860982    85 consensus_manager.cpp:147] CHATAY_HS1_COLD_START heartbeat_send_start ts_ms=1782872127860 self=1 known_public_keys=4 all_replicas=4 current_ready=1
pbft,repeat-01,1,bootstrap_heartbeat_receive,1782872127861,pbft/repeat-01/pbft/node-1.log,180,E20260701 02:15:27.861110    79 consensus_manager.cpp:264] CHATAY_HS1_COLD_START heartbeat_receive_enter ts_ms=1782872127861 self=1
pbft,repeat-01,1,bootstrap_heartbeat_receive,1782872127861,pbft/repeat-01/pbft/node-1.log,182,E20260701 02:15:27.861425    84 consensus_manager.cpp:264] CHATAY_HS1_COLD_START heartbeat_receive_enter ts_ms=1782872127861 self=1
pbft,repeat-01,1,bootstrap_heartbeat_receive,1782872127861,pbft/repeat-01/pbft/node-1.log,183,E20260701 02:15:27.861765    78 consensus_manager.cpp:264] CHATAY_HS1_COLD_START heartbeat_receive_enter ts_ms=1782872127861 self=1
pbft,repeat-01,1,bootstrap_heartbeat_receive,1782872127861,pbft/repeat-01/pbft/node-1.log,184,E20260701 02:15:27.861876    80 consensus_manager.cpp:264] CHATAY_HS1_COLD_START heartbeat_receive_enter ts_ms=1782872127861 self=1
pbft,repeat-01,1,bootstrap_heartbeat_receive,1782872127871,pbft/repeat-01/pbft/node-1.log,186,E20260701 02:15:27.871492    79 consensus_manager.cpp:264] CHATAY_HS1_COLD_START heartbeat_receive_enter ts_ms=1782872127871 self=1
pbft,repeat-01,1,bootstrap_heartbeat_receive,1782872127882,pbft/repeat-01/pbft/node-1.log,191,E20260701 02:15:27.882390    85 consensus_manager.cpp:264] CHATAY_HS1_COLD_START heartbeat_receive_enter ts_ms=1782872127882 self=1
pbft,repeat-01,1,bootstrap_heartbeat_receive,1782872127893,pbft/repeat-01/pbft/node-1.log,193,E20260701 02:15:27.893358    76 consensus_manager.cpp:264] CHATAY_HS1_COLD_START heartbeat_receive_enter ts_ms=1782872127893 self=1
pbft,repeat-01,1,bootstrap_heartbeat_receive,1782872127904,pbft/repeat-01/pbft/node-1.log,195,E20260701 02:15:27.904400    77 consensus_manager.cpp:264] CHATAY_HS1_COLD_START heartbeat_receive_enter ts_ms=1782872127904 self=1
pbft,repeat-01,1,bootstrap_heartbeat_receive,1782872128364,pbft/repeat-01/pbft/node-1.log,197,E20260701 02:15:28.364032    90 consensus_manager.cpp:264] CHATAY_HS1_COLD_START heartbeat_receive_enter ts_ms=1782872128364 self=1
pbft,repeat-01,1,bootstrap_heartbeat_receive,1782872128367,pbft/repeat-01/pbft/node-1.log,199,E20260701 02:15:28.367000    76 consensus_manager.cpp:264] CHATAY_HS1_COLD_START heartbeat_receive_enter ts_ms=1782872128367 self=1
pbft,repeat-01,1,bootstrap_heartbeat_send,1782872128367,pbft/repeat-01/pbft/node-1.log,201,E20260701 02:15:28.367146    76 consensus_manager.cpp:147] CHATAY_HS1_COLD_START heartbeat_send_start ts_ms=1782872128367 self=1 known_public_keys=5 all_replicas=4 current_ready=1
pbft,repeat-01,1,bootstrap_heartbeat_receive,1782872128367,pbft/repeat-01/pbft/node-1.log,206,E20260701 02:15:28.367689    85 consensus_manager.cpp:264] CHATAY_HS1_COLD_START heartbeat_receive_enter ts_ms=1782872128367 self=1
pbft,repeat-01,1,bootstrap_heartbeat_receive,1782872128367,pbft/repeat-01/pbft/node-1.log,207,E20260701 02:15:28.367718    83 consensus_manager.cpp:264] CHATAY_HS1_COLD_START heartbeat_receive_enter ts_ms=1782872128367 self=1
pbft,repeat-01,1,bootstrap_heartbeat_receive,1782872128367,pbft/repeat-01/pbft/node-1.log,208,E20260701 02:15:28.367718    84 consensus_manager.cpp:264] CHATAY_HS1_COLD_START heartbeat_receive_enter ts_ms=1782872128367 self=1
pbft,repeat-01,1,bootstrap_heartbeat_send,1782872128374,pbft/repeat-01/pbft/node-1.log,212,E20260701 02:15:28.374852    71 consensus_manager.cpp:147] CHATAY_HS1_COLD_START heartbeat_send_start ts_ms=1782872128374 self=1 known_public_keys=5 all_replicas=4 current_ready=1
pbft,repeat-01,1,bootstrap_heartbeat_receive,1782872128375,pbft/repeat-01/pbft/node-1.log,216,E20260701 02:15:28.375284    85 consensus_manager.cpp:264] CHATAY_HS1_COLD_START heartbeat_receive_enter ts_ms=1782872128375 self=1
pbft,repeat-01,1,bootstrap_heartbeat_receive,1782872128375,pbft/repeat-01/pbft/node-1.log,217,E20260701 02:15:28.375313    79 consensus_manager.cpp:264] CHATAY_HS1_COLD_START heartbeat_receive_enter ts_ms=1782872128375 self=1
pbft,repeat-01,1,bootstrap_heartbeat_receive,1782872128377,pbft/repeat-01/pbft/node-1.log,219,E20260701 02:15:28.377959    74 consensus_manager.cpp:264] CHATAY_HS1_COLD_START heartbeat_receive_enter ts_ms=1782872128377 self=1
pbft,repeat-01,1,bootstrap_heartbeat_receive,1782872128388,pbft/repeat-01/pbft/node-1.log,223,E20260701 02:15:28.388787    80 consensus_manager.cpp:264] CHATAY_HS1_COLD_START heartbeat_receive_enter ts_ms=1782872128388 self=1
pbft,repeat-01,1,bootstrap_heartbeat_receive,1782872128399,pbft/repeat-01/pbft/node-1.log,225,E20260701 02:15:28.399560    90 consensus_manager.cpp:264] CHATAY_HS1_COLD_START heartbeat_receive_enter ts_ms=1782872128399 self=1
pbft,repeat-01,1,bootstrap_heartbeat_receive,1782872128411,pbft/repeat-01/pbft/node-1.log,227,E20260701 02:15:28.411929    79 consensus_manager.cpp:264] CHATAY_HS1_COLD_START heartbeat_receive_enter ts_ms=1782872128411 self=1
pbft,repeat-01,1,bootstrap_heartbeat_receive,1782872128422,pbft/repeat-01/pbft/node-1.log,229,E20260701 02:15:28.422894    83 consensus_manager.cpp:264] CHATAY_HS1_COLD_START heartbeat_receive_enter ts_ms=1782872128422 self=1
pbft,repeat-01,1,bootstrap_heartbeat_receive,1782872128871,pbft/repeat-01/pbft/node-1.log,231,E20260701 02:15:28.871485    78 consensus_manager.cpp:264] CHATAY_HS1_COLD_START heartbeat_receive_enter ts_ms=1782872128871 self=1
pbft,repeat-01,1,pbft_commit,20260701 02:15:29.062701,pbft/repeat-01/pbft/node-1.log,258,E20260701 02:15:29.062701    80 message_manager.cpp:188]  seq:1 type:5 has been committed
pbft,repeat-01,1,bootstrap_heartbeat_receive,1782872129377,pbft/repeat-01/pbft/node-1.log,259,E20260701 02:15:29.377700    91 consensus_manager.cpp:264] CHATAY_HS1_COLD_START heartbeat_receive_enter ts_ms=1782872129377 self=1
pbft,repeat-01,1,pbft_commit,20260701 02:15:30.069506,pbft/repeat-01/pbft/node-1.log,286,E20260701 02:15:30.069506    86 message_manager.cpp:188]  seq:2 type:5 has been committed
pbft,repeat-01,2,config_load,1782872126841,pbft/repeat-01/pbft/node-2.log,2,E20260701 02:15:26.841486    97 resdb_config_utils.cpp:198] CHATAY_HS1_COLD_START generate_resdb_config_start ts_ms=1782872126841 config_file=/work/config/server/server.config private_key_file=/work/cert/node2.key.pri cert_file=/work/cert/cert_2.cert
pbft,repeat-01,2,config_load,1782872126841,pbft/repeat-01/pbft/node-2.log,3,E20260701 02:15:26.841573    97 resdb_config_utils.cpp:133] CHATAY_HS1_COLD_START read_config_start ts_ms=1782872126841 file=/work/config/server/server.config
pbft,repeat-01,2,config_load,1782872126842,pbft/repeat-01/pbft/node-2.log,4,E20260701 02:15:26.842335    97 resdb_config_utils.cpp:154] CHATAY_HS1_COLD_START read_config_finish ts_ms=1782872126842 duration_ms=1 file=/work/config/server/server.config bytes=292 regions=1
pbft,repeat-01,2,key_cert_load,1782872126842,pbft/repeat-01/pbft/node-2.log,5,E20260701 02:15:26.842371    97 resdb_config_utils.cpp:49] CHATAY_HS1_COLD_START read_private_key_start ts_ms=1782872126842 file=/work/cert/node2.key.pri
pbft,repeat-01,2,key_cert_load,1782872126842,pbft/repeat-01/pbft/node-2.log,6,E20260701 02:15:26.842392    97 resdb_config_utils.cpp:71] CHATAY_HS1_COLD_START read_private_key_finish ts_ms=1782872126842 duration_ms=0 file=/work/cert/node2.key.pri bytes=36 hash_type=2
pbft,repeat-01,2,key_cert_load,1782872126842,pbft/repeat-01/pbft/node-2.log,7,E20260701 02:15:26.842396    97 resdb_config_utils.cpp:82] CHATAY_HS1_COLD_START read_cert_start ts_ms=1782872126842 file=/work/cert/cert_2.cert
pbft,repeat-01,2,key_cert_load,1782872126842,pbft/repeat-01/pbft/node-2.log,8,E20260701 02:15:26.842408    97 resdb_config_utils.cpp:104] CHATAY_HS1_COLD_START read_cert_finish ts_ms=1782872126842 duration_ms=0 file=/work/cert/cert_2.cert bytes=167 node_id=2 type=0
pbft,repeat-01,2,key_cert_load,1782872126842,pbft/repeat-01/pbft/node-2.log,9,E20260701 02:15:26.842412    97 resdb_config_utils.cpp:207] CHATAY_HS1_COLD_START key_cert_loaded ts_ms=1782872126842 node_id=2 public_key_hash_type=2 private_key_hash_type=2
pbft,repeat-01,2,config_load,1782872126842,pbft/repeat-01/pbft/node-2.log,10,E20260701 02:15:26.842417    97 resdb_config_utils.cpp:231] CHATAY_HS1_COLD_START generate_resdb_config_finish ts_ms=1782872126842 duration_ms=1 self=2 custom_gen=0
pbft,repeat-01,2,network_start,1782872126849,pbft/repeat-01/pbft/node-2.log,44,E20260701 02:15:26.849696    97 service_network.cpp:50] CHATAY_HS1_COLD_START service_network_ctor_start ts_ms=1782872126849 self=2 port=25012
pbft,repeat-01,2,network_start,1782872126850,pbft/repeat-01/pbft/node-2.log,55,E20260701 02:15:26.850057    97 service_network.cpp:143] CHATAY_HS1_COLD_START service_network_service_started ts_ms=1782872126850 self=2
pbft,repeat-01,2,bootstrap_heartbeat_send,1782872126850,pbft/repeat-01/pbft/node-2.log,56,E20260701 02:15:26.850075   128 consensus_manager.cpp:147] CHATAY_HS1_COLD_START heartbeat_send_start ts_ms=1782872126850 self=2 known_public_keys=1 all_replicas=4 current_ready=0
pbft,repeat-01,2,network_start,1782872126850,pbft/repeat-01/pbft/node-2.log,60,E20260701 02:15:26.850101    97 service_network.cpp:151] CHATAY_HS1_COLD_START service_network_acceptor_run_enter ts_ms=1782872126850 self=2
pbft,repeat-01,2,bootstrap_heartbeat_receive,1782872126851,pbft/repeat-01/pbft/node-2.log,78,E20260701 02:15:26.851075   153 consensus_manager.cpp:264] CHATAY_HS1_COLD_START heartbeat_receive_enter ts_ms=1782872126851 self=2
pbft,repeat-01,2,bootstrap_heartbeat_receive,1782872126851,pbft/repeat-01/pbft/node-2.log,79,E20260701 02:15:26.851228   144 consensus_manager.cpp:264] CHATAY_HS1_COLD_START heartbeat_receive_enter ts_ms=1782872126851 self=2
pbft,repeat-01,2,bootstrap_heartbeat_send,1782872126860,pbft/repeat-01/pbft/node-2.log,81,E20260701 02:15:26.860914   153 consensus_manager.cpp:147] CHATAY_HS1_COLD_START heartbeat_send_start ts_ms=1782872126860 self=2 known_public_keys=2 all_replicas=4 current_ready=0
pbft,repeat-01,2,bootstrap_heartbeat_receive,1782872126861,pbft/repeat-01/pbft/node-2.log,98,E20260701 02:15:26.861410   137 consensus_manager.cpp:264] CHATAY_HS1_COLD_START heartbeat_receive_enter ts_ms=1782872126861 self=2
pbft,repeat-01,2,bootstrap_heartbeat_send,1782872126871,pbft/repeat-01/pbft/node-2.log,100,E20260701 02:15:26.871523   144 consensus_manager.cpp:147] CHATAY_HS1_COLD_START heartbeat_send_start ts_ms=1782872126871 self=2 known_public_keys=2 all_replicas=4 current_ready=0
pbft,repeat-01,2,bootstrap_heartbeat_receive,1782872126871,pbft/repeat-01/pbft/node-2.log,110,E20260701 02:15:26.871978   153 consensus_manager.cpp:264] CHATAY_HS1_COLD_START heartbeat_receive_enter ts_ms=1782872126871 self=2
pbft,repeat-01,2,bootstrap_heartbeat_receive,1782872127353,pbft/repeat-01/pbft/node-2.log,120,E20260701 02:15:27.353304   132 consensus_manager.cpp:264] CHATAY_HS1_COLD_START heartbeat_receive_enter ts_ms=1782872127353 self=2
pbft,repeat-01,2,bootstrap_heartbeat_send,1782872127353,pbft/repeat-01/pbft/node-2.log,122,E20260701 02:15:27.353473   132 consensus_manager.cpp:147] CHATAY_HS1_COLD_START heartbeat_send_start ts_ms=1782872127353 self=2 known_public_keys=3 all_replicas=4 current_ready=0
pbft,repeat-01,2,bootstrap_heartbeat_receive,1782872127353,pbft/repeat-01/pbft/node-2.log,133,E20260701 02:15:27.353981   138 consensus_manager.cpp:264] CHATAY_HS1_COLD_START heartbeat_receive_enter ts_ms=1782872127353 self=2
pbft,repeat-01,2,bootstrap_heartbeat_receive,1782872127353,pbft/repeat-01/pbft/node-2.log,134,E20260701 02:15:27.353991   139 consensus_manager.cpp:264] CHATAY_HS1_COLD_START heartbeat_receive_enter ts_ms=1782872127353 self=2
pbft,repeat-01,2,bootstrap_heartbeat_receive,1782872127363,pbft/repeat-01/pbft/node-2.log,136,E20260701 02:15:27.363978   146 consensus_manager.cpp:264] CHATAY_HS1_COLD_START heartbeat_receive_enter ts_ms=1782872127363 self=2
pbft,repeat-01,2,readiness,1782872127364,pbft/repeat-01/pbft/node-2.log,137,E20260701 02:15:27.364187   138 consensus_manager.cpp:343] CHATAY_HS1_COLD_START readiness_reached ts_ms=1782872127364 self=2 replica_num=3 quorum=3 sender=2
pbft,repeat-01,2,readiness,20260701 02:15:27.364194,pbft/repeat-01/pbft/node-2.log,138,E20260701 02:15:27.364194   138 consensus_manager.cpp:349] ============ Server 2 is ready =====================
pbft,repeat-01,2,bootstrap_heartbeat_receive,1782872127364,pbft/repeat-01/pbft/node-2.log,141,E20260701 02:15:27.364631   144 consensus_manager.cpp:264] CHATAY_HS1_COLD_START heartbeat_receive_enter ts_ms=1782872127364 self=2
pbft,repeat-01,2,bootstrap_heartbeat_receive,1782872127374,pbft/repeat-01/pbft/node-2.log,143,E20260701 02:15:27.374847   152 consensus_manager.cpp:264] CHATAY_HS1_COLD_START heartbeat_receive_enter ts_ms=1782872127374 self=2
pbft,repeat-01,2,bootstrap_heartbeat_receive,1782872127385,pbft/repeat-01/pbft/node-2.log,145,E20260701 02:15:27.385624   153 consensus_manager.cpp:264] CHATAY_HS1_COLD_START heartbeat_receive_enter ts_ms=1782872127385 self=2
pbft,repeat-01,2,bootstrap_heartbeat_send,1782872127860,pbft/repeat-01/pbft/node-2.log,147,E20260701 02:15:27.860667   128 consensus_manager.cpp:147] CHATAY_HS1_COLD_START heartbeat_send_start ts_ms=1782872127860 self=2 known_public_keys=3 all_replicas=4 current_ready=1
pbft,repeat-01,2,bootstrap_heartbeat_receive,1782872127860,pbft/repeat-01/pbft/node-2.log,151,E20260701 02:15:27.860800   153 consensus_manager.cpp:264] CHATAY_HS1_COLD_START heartbeat_receive_enter ts_ms=1782872127860 self=2
pbft,repeat-01,2,bootstrap_heartbeat_receive,1782872127861,pbft/repeat-01/pbft/node-2.log,153,E20260701 02:15:27.861123   139 consensus_manager.cpp:264] CHATAY_HS1_COLD_START heartbeat_receive_enter ts_ms=1782872127861 self=2
pbft,repeat-01,2,bootstrap_heartbeat_send,1782872127861,pbft/repeat-01/pbft/node-2.log,156,E20260701 02:15:27.861677   153 consensus_manager.cpp:147] CHATAY_HS1_COLD_START heartbeat_send_start ts_ms=1782872127861 self=2 known_public_keys=4 all_replicas=4 current_ready=1
pbft,repeat-01,2,bootstrap_heartbeat_receive,1782872127861,pbft/repeat-01/pbft/node-2.log,160,E20260701 02:15:27.861742   141 consensus_manager.cpp:264] CHATAY_HS1_COLD_START heartbeat_receive_enter ts_ms=1782872127861 self=2
pbft,repeat-01,2,bootstrap_heartbeat_receive,1782872127861,pbft/repeat-01/pbft/node-2.log,161,E20260701 02:15:27.861747   138 consensus_manager.cpp:264] CHATAY_HS1_COLD_START heartbeat_receive_enter ts_ms=1782872127861 self=2
pbft,repeat-01,2,bootstrap_heartbeat_receive,1782872127862,pbft/repeat-01/pbft/node-2.log,163,E20260701 02:15:27.862418   135 consensus_manager.cpp:264] CHATAY_HS1_COLD_START heartbeat_receive_enter ts_ms=1782872127862 self=2
pbft,repeat-01,2,bootstrap_heartbeat_receive,1782872127871,pbft/repeat-01/pbft/node-2.log,164,E20260701 02:15:27.871544   149 consensus_manager.cpp:264] CHATAY_HS1_COLD_START heartbeat_receive_enter ts_ms=1782872127871 self=2
pbft,repeat-01,2,bootstrap_heartbeat_receive,1782872127882,pbft/repeat-01/pbft/node-2.log,169,E20260701 02:15:27.882441   133 consensus_manager.cpp:264] CHATAY_HS1_COLD_START heartbeat_receive_enter ts_ms=1782872127882 self=2
pbft,repeat-01,2,bootstrap_heartbeat_receive,1782872127893,pbft/repeat-01/pbft/node-2.log,171,E20260701 02:15:27.893332   153 consensus_manager.cpp:264] CHATAY_HS1_COLD_START heartbeat_receive_enter ts_ms=1782872127893 self=2
pbft,repeat-01,2,bootstrap_heartbeat_receive,1782872127904,pbft/repeat-01/pbft/node-2.log,173,E20260701 02:15:27.904378   135 consensus_manager.cpp:264] CHATAY_HS1_COLD_START heartbeat_receive_enter ts_ms=1782872127904 self=2
pbft,repeat-01,2,bootstrap_heartbeat_receive,1782872128363,pbft/repeat-01/pbft/node-2.log,175,E20260701 02:15:28.363991   146 consensus_manager.cpp:264] CHATAY_HS1_COLD_START heartbeat_receive_enter ts_ms=1782872128363 self=2
pbft,repeat-01,2,bootstrap_heartbeat_receive,1782872128367,pbft/repeat-01/pbft/node-2.log,177,E20260701 02:15:28.367051   137 consensus_manager.cpp:264] CHATAY_HS1_COLD_START heartbeat_receive_enter ts_ms=1782872128367 self=2
pbft,repeat-01,2,bootstrap_heartbeat_send,1782872128367,pbft/repeat-01/pbft/node-2.log,179,E20260701 02:15:28.367198   137 consensus_manager.cpp:147] CHATAY_HS1_COLD_START heartbeat_send_start ts_ms=1782872128367 self=2 known_public_keys=5 all_replicas=4 current_ready=1
pbft,repeat-01,2,bootstrap_heartbeat_receive,1782872128367,pbft/repeat-01/pbft/node-2.log,183,E20260701 02:15:28.367480   152 consensus_manager.cpp:264] CHATAY_HS1_COLD_START heartbeat_receive_enter ts_ms=1782872128367 self=2
pbft,repeat-01,2,bootstrap_heartbeat_receive,1782872128367,pbft/repeat-01/pbft/node-2.log,185,E20260701 02:15:28.367877   149 consensus_manager.cpp:264] CHATAY_HS1_COLD_START heartbeat_receive_enter ts_ms=1782872128367 self=2
pbft,repeat-01,2,bootstrap_heartbeat_receive,1782872128367,pbft/repeat-01/pbft/node-2.log,186,E20260701 02:15:28.367880   150 consensus_manager.cpp:264] CHATAY_HS1_COLD_START heartbeat_receive_enter ts_ms=1782872128367 self=2
pbft,repeat-01,2,bootstrap_heartbeat_receive,1782872128375,pbft/repeat-01/pbft/node-2.log,190,E20260701 02:15:28.375336   153 consensus_manager.cpp:264] CHATAY_HS1_COLD_START heartbeat_receive_enter ts_ms=1782872128375 self=2
pbft,repeat-01,2,bootstrap_heartbeat_receive,1782872128375,pbft/repeat-01/pbft/node-2.log,192,E20260701 02:15:28.375468   135 consensus_manager.cpp:264] CHATAY_HS1_COLD_START heartbeat_receive_enter ts_ms=1782872128375 self=2
pbft,repeat-01,2,bootstrap_heartbeat_receive,1782872128377,pbft/repeat-01/pbft/node-2.log,194,E20260701 02:15:28.377974   149 consensus_manager.cpp:264] CHATAY_HS1_COLD_START heartbeat_receive_enter ts_ms=1782872128377 self=2
pbft,repeat-01,2,bootstrap_heartbeat_receive,1782872128388,pbft/repeat-01/pbft/node-2.log,196,E20260701 02:15:28.388679   138 consensus_manager.cpp:264] CHATAY_HS1_COLD_START heartbeat_receive_enter ts_ms=1782872128388 self=2
pbft,repeat-01,2,bootstrap_heartbeat_receive,1782872128399,pbft/repeat-01/pbft/node-2.log,198,E20260701 02:15:28.399591   141 consensus_manager.cpp:264] CHATAY_HS1_COLD_START heartbeat_receive_enter ts_ms=1782872128399 self=2
pbft,repeat-01,2,bootstrap_heartbeat_receive,1782872128411,pbft/repeat-01/pbft/node-2.log,200,E20260701 02:15:28.411916   141 consensus_manager.cpp:264] CHATAY_HS1_COLD_START heartbeat_receive_enter ts_ms=1782872128411 self=2
pbft,repeat-01,2,bootstrap_heartbeat_receive,1782872128422,pbft/repeat-01/pbft/node-2.log,202,E20260701 02:15:28.422964   132 consensus_manager.cpp:264] CHATAY_HS1_COLD_START heartbeat_receive_enter ts_ms=1782872128422 self=2
pbft,repeat-01,2,bootstrap_heartbeat_receive,1782872128871,pbft/repeat-01/pbft/node-2.log,204,E20260701 02:15:28.871526   142 consensus_manager.cpp:264] CHATAY_HS1_COLD_START heartbeat_receive_enter ts_ms=1782872128871 self=2
pbft,repeat-01,2,pbft_commit,20260701 02:15:29.062824,pbft/repeat-01/pbft/node-2.log,229,E20260701 02:15:29.062824   138 message_manager.cpp:188]  seq:1 type:5 has been committed
pbft,repeat-01,2,bootstrap_heartbeat_receive,1782872129377,pbft/repeat-01/pbft/node-2.log,230,E20260701 02:15:29.377696   137 consensus_manager.cpp:264] CHATAY_HS1_COLD_START heartbeat_receive_enter ts_ms=1782872129377 self=2
pbft,repeat-01,2,pbft_commit,20260701 02:15:30.069063,pbft/repeat-01/pbft/node-2.log,253,E20260701 02:15:30.069063   153 message_manager.cpp:188]  seq:2 type:5 has been committed
pbft,repeat-01,3,config_load,1782872127344,pbft/repeat-01/pbft/node-3.log,2,E20260701 02:15:27.344102   156 resdb_config_utils.cpp:198] CHATAY_HS1_COLD_START generate_resdb_config_start ts_ms=1782872127344 config_file=/work/config/server/server.config private_key_file=/work/cert/node3.key.pri cert_file=/work/cert/cert_3.cert
pbft,repeat-01,3,config_load,1782872127344,pbft/repeat-01/pbft/node-3.log,3,E20260701 02:15:27.344156   156 resdb_config_utils.cpp:133] CHATAY_HS1_COLD_START read_config_start ts_ms=1782872127344 file=/work/config/server/server.config
pbft,repeat-01,3,config_load,1782872127344,pbft/repeat-01/pbft/node-3.log,4,E20260701 02:15:27.344686   156 resdb_config_utils.cpp:154] CHATAY_HS1_COLD_START read_config_finish ts_ms=1782872127344 duration_ms=0 file=/work/config/server/server.config bytes=292 regions=1
pbft,repeat-01,3,key_cert_load,1782872127344,pbft/repeat-01/pbft/node-3.log,5,E20260701 02:15:27.344696   156 resdb_config_utils.cpp:49] CHATAY_HS1_COLD_START read_private_key_start ts_ms=1782872127344 file=/work/cert/node3.key.pri
pbft,repeat-01,3,key_cert_load,1782872127344,pbft/repeat-01/pbft/node-3.log,6,E20260701 02:15:27.344708   156 resdb_config_utils.cpp:71] CHATAY_HS1_COLD_START read_private_key_finish ts_ms=1782872127344 duration_ms=0 file=/work/cert/node3.key.pri bytes=36 hash_type=2
pbft,repeat-01,3,key_cert_load,1782872127344,pbft/repeat-01/pbft/node-3.log,7,E20260701 02:15:27.344712   156 resdb_config_utils.cpp:82] CHATAY_HS1_COLD_START read_cert_start ts_ms=1782872127344 file=/work/cert/cert_3.cert
pbft,repeat-01,3,key_cert_load,1782872127344,pbft/repeat-01/pbft/node-3.log,8,E20260701 02:15:27.344720   156 resdb_config_utils.cpp:104] CHATAY_HS1_COLD_START read_cert_finish ts_ms=1782872127344 duration_ms=0 file=/work/cert/cert_3.cert bytes=167 node_id=3 type=0
pbft,repeat-01,3,key_cert_load,1782872127344,pbft/repeat-01/pbft/node-3.log,9,E20260701 02:15:27.344722   156 resdb_config_utils.cpp:207] CHATAY_HS1_COLD_START key_cert_loaded ts_ms=1782872127344 node_id=3 public_key_hash_type=2 private_key_hash_type=2
pbft,repeat-01,3,config_load,1782872127344,pbft/repeat-01/pbft/node-3.log,10,E20260701 02:15:27.344726   156 resdb_config_utils.cpp:231] CHATAY_HS1_COLD_START generate_resdb_config_finish ts_ms=1782872127344 duration_ms=0 self=3 custom_gen=0
pbft,repeat-01,3,network_start,1782872127352,pbft/repeat-01/pbft/node-3.log,44,E20260701 02:15:27.352418   156 service_network.cpp:50] CHATAY_HS1_COLD_START service_network_ctor_start ts_ms=1782872127352 self=3 port=25013
pbft,repeat-01,3,network_start,1782872127352,pbft/repeat-01/pbft/node-3.log,53,E20260701 02:15:27.352722   156 service_network.cpp:143] CHATAY_HS1_COLD_START service_network_service_started ts_ms=1782872127352 self=3
pbft,repeat-01,3,network_start,1782872127352,pbft/repeat-01/pbft/node-3.log,57,E20260701 02:15:27.352797   156 service_network.cpp:151] CHATAY_HS1_COLD_START service_network_acceptor_run_enter ts_ms=1782872127352 self=3
pbft,repeat-01,3,bootstrap_heartbeat_send,1782872127352,pbft/repeat-01/pbft/node-3.log,58,E20260701 02:15:27.352798   187 consensus_manager.cpp:147] CHATAY_HS1_COLD_START heartbeat_send_start ts_ms=1782872127352 self=3 known_public_keys=1 all_replicas=4 current_ready=0
pbft,repeat-01,3,bootstrap_heartbeat_receive,1782872127357,pbft/repeat-01/pbft/node-3.log,72,E20260701 02:15:27.357313   204 consensus_manager.cpp:264] CHATAY_HS1_COLD_START heartbeat_receive_enter ts_ms=1782872127357 self=3
pbft,repeat-01,3,bootstrap_heartbeat_receive,1782872127357,pbft/repeat-01/pbft/node-3.log,73,E20260701 02:15:27.357313   205 consensus_manager.cpp:264] CHATAY_HS1_COLD_START heartbeat_receive_enter ts_ms=1782872127357 self=3
pbft,repeat-01,3,bootstrap_heartbeat_receive,1782872127357,pbft/repeat-01/pbft/node-3.log,74,E20260701 02:15:27.357370   207 consensus_manager.cpp:264] CHATAY_HS1_COLD_START heartbeat_receive_enter ts_ms=1782872127357 self=3
pbft,repeat-01,3,bootstrap_heartbeat_send,1782872127363,pbft/repeat-01/pbft/node-3.log,76,E20260701 02:15:27.363674   204 consensus_manager.cpp:147] CHATAY_HS1_COLD_START heartbeat_send_start ts_ms=1782872127363 self=3 known_public_keys=1 all_replicas=4 current_ready=0
pbft,repeat-01,3,bootstrap_heartbeat_receive,1782872127364,pbft/repeat-01/pbft/node-3.log,87,E20260701 02:15:27.364226   195 consensus_manager.cpp:264] CHATAY_HS1_COLD_START heartbeat_receive_enter ts_ms=1782872127364 self=3
pbft,repeat-01,3,bootstrap_heartbeat_receive,1782872127364,pbft/repeat-01/pbft/node-3.log,88,E20260701 02:15:27.364854   194 consensus_manager.cpp:264] CHATAY_HS1_COLD_START heartbeat_receive_enter ts_ms=1782872127364 self=3
pbft,repeat-01,3,bootstrap_heartbeat_send,1782872127374,pbft/repeat-01/pbft/node-3.log,90,E20260701 02:15:27.374446   205 consensus_manager.cpp:147] CHATAY_HS1_COLD_START heartbeat_send_start ts_ms=1782872127374 self=3 known_public_keys=3 all_replicas=4 current_ready=0
pbft,repeat-01,3,bootstrap_heartbeat_receive,1782872127374,pbft/repeat-01/pbft/node-3.log,101,E20260701 02:15:27.374833   192 consensus_manager.cpp:264] CHATAY_HS1_COLD_START heartbeat_receive_enter ts_ms=1782872127374 self=3
pbft,repeat-01,3,readiness,1782872127384,pbft/repeat-01/pbft/node-3.log,102,E20260701 02:15:27.384966   205 consensus_manager.cpp:343] CHATAY_HS1_COLD_START readiness_reached ts_ms=1782872127384 self=3 replica_num=3 quorum=3 sender=2
pbft,repeat-01,3,readiness,20260701 02:15:27.384996,pbft/repeat-01/pbft/node-3.log,103,E20260701 02:15:27.384996   205 consensus_manager.cpp:349] ============ Server 3 is ready =====================
pbft,repeat-01,3,bootstrap_heartbeat_send,1782872127385,pbft/repeat-01/pbft/node-3.log,105,E20260701 02:15:27.385285   207 consensus_manager.cpp:147] CHATAY_HS1_COLD_START heartbeat_send_start ts_ms=1782872127385 self=3 known_public_keys=3 all_replicas=4 current_ready=1
pbft,repeat-01,3,bootstrap_heartbeat_receive,1782872127385,pbft/repeat-01/pbft/node-3.log,116,E20260701 02:15:27.385703   202 consensus_manager.cpp:264] CHATAY_HS1_COLD_START heartbeat_receive_enter ts_ms=1782872127385 self=3
pbft,repeat-01,3,bootstrap_heartbeat_receive,1782872127860,pbft/repeat-01/pbft/node-3.log,121,E20260701 02:15:27.860957   194 consensus_manager.cpp:264] CHATAY_HS1_COLD_START heartbeat_receive_enter ts_ms=1782872127860 self=3
pbft,repeat-01,3,bootstrap_heartbeat_receive,1782872127861,pbft/repeat-01/pbft/node-3.log,123,E20260701 02:15:27.861269   194 consensus_manager.cpp:264] CHATAY_HS1_COLD_START heartbeat_receive_enter ts_ms=1782872127861 self=3
pbft,repeat-01,3,bootstrap_heartbeat_send,1782872127861,pbft/repeat-01/pbft/node-3.log,125,E20260701 02:15:27.861364   194 consensus_manager.cpp:147] CHATAY_HS1_COLD_START heartbeat_send_start ts_ms=1782872127861 self=3 known_public_keys=4 all_replicas=4 current_ready=1
pbft,repeat-01,3,bootstrap_heartbeat_receive,1782872127861,pbft/repeat-01/pbft/node-3.log,129,E20260701 02:15:27.861452   201 consensus_manager.cpp:264] CHATAY_HS1_COLD_START heartbeat_receive_enter ts_ms=1782872127861 self=3
pbft,repeat-01,3,bootstrap_heartbeat_receive,1782872127861,pbft/repeat-01/pbft/node-3.log,132,E20260701 02:15:27.861936   195 consensus_manager.cpp:264] CHATAY_HS1_COLD_START heartbeat_receive_enter ts_ms=1782872127861 self=3
pbft,repeat-01,3,bootstrap_heartbeat_receive,1782872127862,pbft/repeat-01/pbft/node-3.log,133,E20260701 02:15:27.862174   206 consensus_manager.cpp:264] CHATAY_HS1_COLD_START heartbeat_receive_enter ts_ms=1782872127862 self=3
pbft,repeat-01,3,bootstrap_heartbeat_receive,1782872127871,pbft/repeat-01/pbft/node-3.log,136,E20260701 02:15:27.871685   203 consensus_manager.cpp:264] CHATAY_HS1_COLD_START heartbeat_receive_enter ts_ms=1782872127871 self=3
pbft,repeat-01,3,bootstrap_heartbeat_receive,1782872127882,pbft/repeat-01/pbft/node-3.log,138,E20260701 02:15:27.882396   207 consensus_manager.cpp:264] CHATAY_HS1_COLD_START heartbeat_receive_enter ts_ms=1782872127882 self=3
pbft,repeat-01,3,bootstrap_heartbeat_receive,1782872127893,pbft/repeat-01/pbft/node-3.log,140,E20260701 02:15:27.893384   190 consensus_manager.cpp:264] CHATAY_HS1_COLD_START heartbeat_receive_enter ts_ms=1782872127893 self=3
pbft,repeat-01,3,bootstrap_heartbeat_receive,1782872127904,pbft/repeat-01/pbft/node-3.log,142,E20260701 02:15:27.904412   208 consensus_manager.cpp:264] CHATAY_HS1_COLD_START heartbeat_receive_enter ts_ms=1782872127904 self=3
pbft,repeat-01,3,bootstrap_heartbeat_send,1782872128363,pbft/repeat-01/pbft/node-3.log,144,E20260701 02:15:28.363544   187 consensus_manager.cpp:147] CHATAY_HS1_COLD_START heartbeat_send_start ts_ms=1782872128363 self=3 known_public_keys=4 all_replicas=4 current_ready=1
pbft,repeat-01,3,bootstrap_heartbeat_receive,1782872128364,pbft/repeat-01/pbft/node-3.log,149,E20260701 02:15:28.364039   192 consensus_manager.cpp:264] CHATAY_HS1_COLD_START heartbeat_receive_enter ts_ms=1782872128364 self=3
pbft,repeat-01,3,bootstrap_heartbeat_receive,1782872128367,pbft/repeat-01/pbft/node-3.log,150,E20260701 02:15:28.367115   202 consensus_manager.cpp:264] CHATAY_HS1_COLD_START heartbeat_receive_enter ts_ms=1782872128367 self=3
pbft,repeat-01,3,bootstrap_heartbeat_receive,1782872128367,pbft/repeat-01/pbft/node-3.log,151,E20260701 02:15:28.367563   195 consensus_manager.cpp:264] CHATAY_HS1_COLD_START heartbeat_receive_enter ts_ms=1782872128367 self=3
pbft,repeat-01,3,bootstrap_heartbeat_receive,1782872128367,pbft/repeat-01/pbft/node-3.log,152,E20260701 02:15:28.367643   203 consensus_manager.cpp:264] CHATAY_HS1_COLD_START heartbeat_receive_enter ts_ms=1782872128367 self=3
pbft,repeat-01,3,bootstrap_heartbeat_receive,1782872128367,pbft/repeat-01/pbft/node-3.log,153,E20260701 02:15:28.367654   206 consensus_manager.cpp:264] CHATAY_HS1_COLD_START heartbeat_receive_enter ts_ms=1782872128367 self=3
pbft,repeat-01,3,bootstrap_heartbeat_send,1782872128374,pbft/repeat-01/pbft/node-3.log,156,E20260701 02:15:28.374688   202 consensus_manager.cpp:147] CHATAY_HS1_COLD_START heartbeat_send_start ts_ms=1782872128374 self=3 known_public_keys=5 all_replicas=4 current_ready=1
pbft,repeat-01,3,bootstrap_heartbeat_receive,1782872128375,pbft/repeat-01/pbft/node-3.log,161,E20260701 02:15:28.375392   205 consensus_manager.cpp:264] CHATAY_HS1_COLD_START heartbeat_receive_enter ts_ms=1782872128375 self=3
pbft,repeat-01,3,bootstrap_heartbeat_receive,1782872128375,pbft/repeat-01/pbft/node-3.log,162,E20260701 02:15:28.375394   190 consensus_manager.cpp:264] CHATAY_HS1_COLD_START heartbeat_receive_enter ts_ms=1782872128375 self=3
pbft,repeat-01,3,bootstrap_heartbeat_receive,1782872128378,pbft/repeat-01/pbft/node-3.log,163,E20260701 02:15:28.378014   191 consensus_manager.cpp:264] CHATAY_HS1_COLD_START heartbeat_receive_enter ts_ms=1782872128378 self=3
pbft,repeat-01,3,bootstrap_heartbeat_receive,1782872128389,pbft/repeat-01/pbft/node-3.log,170,E20260701 02:15:28.389014   208 consensus_manager.cpp:264] CHATAY_HS1_COLD_START heartbeat_receive_enter ts_ms=1782872128389 self=3
pbft,repeat-01,3,bootstrap_heartbeat_receive,1782872128399,pbft/repeat-01/pbft/node-3.log,172,E20260701 02:15:28.399611   203 consensus_manager.cpp:264] CHATAY_HS1_COLD_START heartbeat_receive_enter ts_ms=1782872128399 self=3
pbft,repeat-01,3,bootstrap_heartbeat_receive,1782872128412,pbft/repeat-01/pbft/node-3.log,174,E20260701 02:15:28.412014   205 consensus_manager.cpp:264] CHATAY_HS1_COLD_START heartbeat_receive_enter ts_ms=1782872128412 self=3
pbft,repeat-01,3,bootstrap_heartbeat_receive,1782872128422,pbft/repeat-01/pbft/node-3.log,176,E20260701 02:15:28.422984   208 consensus_manager.cpp:264] CHATAY_HS1_COLD_START heartbeat_receive_enter ts_ms=1782872128422 self=3
pbft,repeat-01,3,bootstrap_heartbeat_receive,1782872128871,pbft/repeat-01/pbft/node-3.log,178,E20260701 02:15:28.871556   205 consensus_manager.cpp:264] CHATAY_HS1_COLD_START heartbeat_receive_enter ts_ms=1782872128871 self=3
pbft,repeat-01,3,pbft_commit,20260701 02:15:29.062711,pbft/repeat-01/pbft/node-3.log,203,E20260701 02:15:29.062711   203 message_manager.cpp:188]  seq:1 type:5 has been committed
pbft,repeat-01,3,bootstrap_heartbeat_receive,1782872129377,pbft/repeat-01/pbft/node-3.log,204,E20260701 02:15:29.377719   194 consensus_manager.cpp:264] CHATAY_HS1_COLD_START heartbeat_receive_enter ts_ms=1782872129377 self=3
pbft,repeat-01,3,pbft_commit,20260701 02:15:30.069205,pbft/repeat-01/pbft/node-3.log,229,E20260701 02:15:30.069205   194 message_manager.cpp:188]  seq:2 type:5 has been committed
pbft,repeat-01,4,config_load,1782872127846,pbft/repeat-01/pbft/node-4.log,2,E20260701 02:15:27.846807   218 resdb_config_utils.cpp:198] CHATAY_HS1_COLD_START generate_resdb_config_start ts_ms=1782872127846 config_file=/work/config/server/server.config private_key_file=/work/cert/node4.key.pri cert_file=/work/cert/cert_4.cert
pbft,repeat-01,4,config_load,1782872127846,pbft/repeat-01/pbft/node-4.log,3,E20260701 02:15:27.846889   218 resdb_config_utils.cpp:133] CHATAY_HS1_COLD_START read_config_start ts_ms=1782872127846 file=/work/config/server/server.config
pbft,repeat-01,4,config_load,1782872127847,pbft/repeat-01/pbft/node-4.log,4,E20260701 02:15:27.847718   218 resdb_config_utils.cpp:154] CHATAY_HS1_COLD_START read_config_finish ts_ms=1782872127847 duration_ms=1 file=/work/config/server/server.config bytes=292 regions=1
pbft,repeat-01,4,key_cert_load,1782872127847,pbft/repeat-01/pbft/node-4.log,5,E20260701 02:15:27.847741   218 resdb_config_utils.cpp:49] CHATAY_HS1_COLD_START read_private_key_start ts_ms=1782872127847 file=/work/cert/node4.key.pri
pbft,repeat-01,4,key_cert_load,1782872127847,pbft/repeat-01/pbft/node-4.log,6,E20260701 02:15:27.847755   218 resdb_config_utils.cpp:71] CHATAY_HS1_COLD_START read_private_key_finish ts_ms=1782872127847 duration_ms=0 file=/work/cert/node4.key.pri bytes=36 hash_type=2
pbft,repeat-01,4,key_cert_load,1782872127847,pbft/repeat-01/pbft/node-4.log,7,E20260701 02:15:27.847760   218 resdb_config_utils.cpp:82] CHATAY_HS1_COLD_START read_cert_start ts_ms=1782872127847 file=/work/cert/cert_4.cert
pbft,repeat-01,4,key_cert_load,1782872127847,pbft/repeat-01/pbft/node-4.log,8,E20260701 02:15:27.847774   218 resdb_config_utils.cpp:104] CHATAY_HS1_COLD_START read_cert_finish ts_ms=1782872127847 duration_ms=0 file=/work/cert/cert_4.cert bytes=167 node_id=4 type=0
pbft,repeat-01,4,key_cert_load,1782872127847,pbft/repeat-01/pbft/node-4.log,9,E20260701 02:15:27.847779   218 resdb_config_utils.cpp:207] CHATAY_HS1_COLD_START key_cert_loaded ts_ms=1782872127847 node_id=4 public_key_hash_type=2 private_key_hash_type=2
pbft,repeat-01,4,config_load,1782872127847,pbft/repeat-01/pbft/node-4.log,10,E20260701 02:15:27.847784   218 resdb_config_utils.cpp:231] CHATAY_HS1_COLD_START generate_resdb_config_finish ts_ms=1782872127847 duration_ms=1 self=4 custom_gen=0
pbft,repeat-01,4,network_start,1782872127859,pbft/repeat-01/pbft/node-4.log,44,E20260701 02:15:27.859252   218 service_network.cpp:50] CHATAY_HS1_COLD_START service_network_ctor_start ts_ms=1782872127859 self=4 port=25014
pbft,repeat-01,4,network_start,1782872127859,pbft/repeat-01/pbft/node-4.log,53,E20260701 02:15:27.859812   218 service_network.cpp:143] CHATAY_HS1_COLD_START service_network_service_started ts_ms=1782872127859 self=4
pbft,repeat-01,4,bootstrap_heartbeat_send,1782872127859,pbft/repeat-01/pbft/node-4.log,57,E20260701 02:15:27.859856   249 consensus_manager.cpp:147] CHATAY_HS1_COLD_START heartbeat_send_start ts_ms=1782872127859 self=4 known_public_keys=1 all_replicas=4 current_ready=0
pbft,repeat-01,4,network_start,1782872127859,pbft/repeat-01/pbft/node-4.log,59,E20260701 02:15:27.859856   218 service_network.cpp:151] CHATAY_HS1_COLD_START service_network_acceptor_run_enter ts_ms=1782872127859 self=4
pbft,repeat-01,4,bootstrap_heartbeat_receive,1782872127862,pbft/repeat-01/pbft/node-4.log,66,E20260701 02:15:27.862795   253 consensus_manager.cpp:264] CHATAY_HS1_COLD_START heartbeat_receive_enter ts_ms=1782872127862 self=4
pbft,repeat-01,4,bootstrap_heartbeat_receive,1782872127862,pbft/repeat-01/pbft/node-4.log,67,E20260701 02:15:27.862838   266 consensus_manager.cpp:264] CHATAY_HS1_COLD_START heartbeat_receive_enter ts_ms=1782872127862 self=4
pbft,repeat-01,4,bootstrap_heartbeat_receive,1782872127862,pbft/repeat-01/pbft/node-4.log,68,E20260701 02:15:27.862864   255 consensus_manager.cpp:264] CHATAY_HS1_COLD_START heartbeat_receive_enter ts_ms=1782872127862 self=4
pbft,repeat-01,4,bootstrap_heartbeat_receive,1782872127862,pbft/repeat-01/pbft/node-4.log,69,E20260701 02:15:27.862882   259 consensus_manager.cpp:264] CHATAY_HS1_COLD_START heartbeat_receive_enter ts_ms=1782872127862 self=4
pbft,repeat-01,4,bootstrap_heartbeat_receive,1782872127862,pbft/repeat-01/pbft/node-4.log,70,E20260701 02:15:27.862867   256 consensus_manager.cpp:264] CHATAY_HS1_COLD_START heartbeat_receive_enter ts_ms=1782872127862 self=4
pbft,repeat-01,4,bootstrap_heartbeat_send,1782872127871,pbft/repeat-01/pbft/node-4.log,72,E20260701 02:15:27.871236   253 consensus_manager.cpp:147] CHATAY_HS1_COLD_START heartbeat_send_start ts_ms=1782872127871 self=4 known_public_keys=4 all_replicas=4 current_ready=0
pbft,repeat-01,4,bootstrap_heartbeat_receive,1782872127871,pbft/repeat-01/pbft/node-4.log,77,E20260701 02:15:27.871722   272 consensus_manager.cpp:264] CHATAY_HS1_COLD_START heartbeat_receive_enter ts_ms=1782872127871 self=4
pbft,repeat-01,4,readiness,1782872127881,pbft/repeat-01/pbft/node-4.log,78,E20260701 02:15:27.881640   253 consensus_manager.cpp:343] CHATAY_HS1_COLD_START readiness_reached ts_ms=1782872127881 self=4 replica_num=3 quorum=3 sender=2
pbft,repeat-01,4,readiness,20260701 02:15:27.881681,pbft/repeat-01/pbft/node-4.log,79,E20260701 02:15:27.881681   253 consensus_manager.cpp:349] ============ Server 4 is ready =====================
pbft,repeat-01,4,bootstrap_heartbeat_send,1782872127882,pbft/repeat-01/pbft/node-4.log,81,E20260701 02:15:27.882035   266 consensus_manager.cpp:147] CHATAY_HS1_COLD_START heartbeat_send_start ts_ms=1782872127882 self=4 known_public_keys=4 all_replicas=4 current_ready=1
pbft,repeat-01,4,bootstrap_heartbeat_receive,1782872127882,pbft/repeat-01/pbft/node-4.log,86,E20260701 02:15:27.882411   269 consensus_manager.cpp:264] CHATAY_HS1_COLD_START heartbeat_receive_enter ts_ms=1782872127882 self=4
pbft,repeat-01,4,bootstrap_heartbeat_send,1782872127892,pbft/repeat-01/pbft/node-4.log,88,E20260701 02:15:27.892699   259 consensus_manager.cpp:147] CHATAY_HS1_COLD_START heartbeat_send_start ts_ms=1782872127892 self=4 known_public_keys=4 all_replicas=4 current_ready=1
pbft,repeat-01,4,bootstrap_heartbeat_receive,1782872127893,pbft/repeat-01/pbft/node-4.log,93,E20260701 02:15:27.893388   268 consensus_manager.cpp:264] CHATAY_HS1_COLD_START heartbeat_receive_enter ts_ms=1782872127893 self=4
pbft,repeat-01,4,bootstrap_heartbeat_send,1782872127904,pbft/repeat-01/pbft/node-4.log,96,E20260701 02:15:27.904035   256 consensus_manager.cpp:147] CHATAY_HS1_COLD_START heartbeat_send_start ts_ms=1782872127904 self=4 known_public_keys=4 all_replicas=4 current_ready=1
pbft,repeat-01,4,bootstrap_heartbeat_receive,1782872127904,pbft/repeat-01/pbft/node-4.log,101,E20260701 02:15:27.904543   254 consensus_manager.cpp:264] CHATAY_HS1_COLD_START heartbeat_receive_enter ts_ms=1782872127904 self=4
pbft,repeat-01,4,bootstrap_heartbeat_receive,1782872128364,pbft/repeat-01/pbft/node-4.log,106,E20260701 02:15:28.364097   256 consensus_manager.cpp:264] CHATAY_HS1_COLD_START heartbeat_receive_enter ts_ms=1782872128364 self=4
pbft,repeat-01,4,bootstrap_heartbeat_receive,1782872128367,pbft/repeat-01/pbft/node-4.log,108,E20260701 02:15:28.367185   268 consensus_manager.cpp:264] CHATAY_HS1_COLD_START heartbeat_receive_enter ts_ms=1782872128367 self=4
pbft,repeat-01,4,bootstrap_heartbeat_send,1782872128367,pbft/repeat-01/pbft/node-4.log,110,E20260701 02:15:28.367314   268 consensus_manager.cpp:147] CHATAY_HS1_COLD_START heartbeat_send_start ts_ms=1782872128367 self=4 known_public_keys=5 all_replicas=4 current_ready=1
pbft,repeat-01,4,bootstrap_heartbeat_receive,1782872128367,pbft/repeat-01/pbft/node-4.log,115,E20260701 02:15:28.367596   269 consensus_manager.cpp:264] CHATAY_HS1_COLD_START heartbeat_receive_enter ts_ms=1782872128367 self=4
pbft,repeat-01,4,bootstrap_heartbeat_receive,1782872128367,pbft/repeat-01/pbft/node-4.log,117,E20260701 02:15:28.367619   268 consensus_manager.cpp:264] CHATAY_HS1_COLD_START heartbeat_receive_enter ts_ms=1782872128367 self=4
pbft,repeat-01,4,bootstrap_heartbeat_receive,1782872128367,pbft/repeat-01/pbft/node-4.log,118,E20260701 02:15:28.367619   271 consensus_manager.cpp:264] CHATAY_HS1_COLD_START heartbeat_receive_enter ts_ms=1782872128367 self=4
pbft,repeat-01,4,bootstrap_heartbeat_receive,1782872128375,pbft/repeat-01/pbft/node-4.log,121,E20260701 02:15:28.375609   257 consensus_manager.cpp:264] CHATAY_HS1_COLD_START heartbeat_receive_enter ts_ms=1782872128375 self=4
pbft,repeat-01,4,bootstrap_heartbeat_receive,1782872128375,pbft/repeat-01/pbft/node-4.log,123,E20260701 02:15:28.375658   255 consensus_manager.cpp:264] CHATAY_HS1_COLD_START heartbeat_receive_enter ts_ms=1782872128375 self=4
pbft,repeat-01,4,bootstrap_heartbeat_receive,1782872128378,pbft/repeat-01/pbft/node-4.log,125,E20260701 02:15:28.378099   256 consensus_manager.cpp:264] CHATAY_HS1_COLD_START heartbeat_receive_enter ts_ms=1782872128378 self=4
pbft,repeat-01,4,bootstrap_heartbeat_receive,1782872128388,pbft/repeat-01/pbft/node-4.log,127,E20260701 02:15:28.388806   270 consensus_manager.cpp:264] CHATAY_HS1_COLD_START heartbeat_receive_enter ts_ms=1782872128388 self=4
pbft,repeat-01,4,bootstrap_heartbeat_receive,1782872128399,pbft/repeat-01/pbft/node-4.log,129,E20260701 02:15:28.399730   256 consensus_manager.cpp:264] CHATAY_HS1_COLD_START heartbeat_receive_enter ts_ms=1782872128399 self=4
pbft,repeat-01,4,bootstrap_heartbeat_receive,1782872128411,pbft/repeat-01/pbft/node-4.log,131,E20260701 02:15:28.411986   271 consensus_manager.cpp:264] CHATAY_HS1_COLD_START heartbeat_receive_enter ts_ms=1782872128411 self=4
pbft,repeat-01,4,bootstrap_heartbeat_receive,1782872128423,pbft/repeat-01/pbft/node-4.log,133,E20260701 02:15:28.423041   266 consensus_manager.cpp:264] CHATAY_HS1_COLD_START heartbeat_receive_enter ts_ms=1782872128423 self=4
pbft,repeat-01,4,bootstrap_heartbeat_send,1782872128871,pbft/repeat-01/pbft/node-4.log,135,E20260701 02:15:28.871040   249 consensus_manager.cpp:147] CHATAY_HS1_COLD_START heartbeat_send_start ts_ms=1782872128871 self=4 known_public_keys=5 all_replicas=4 current_ready=1
pbft,repeat-01,4,bootstrap_heartbeat_receive,1782872128871,pbft/repeat-01/pbft/node-4.log,140,E20260701 02:15:28.871582   269 consensus_manager.cpp:264] CHATAY_HS1_COLD_START heartbeat_receive_enter ts_ms=1782872128871 self=4
pbft,repeat-01,4,pbft_commit,20260701 02:15:29.063695,pbft/repeat-01/pbft/node-4.log,165,E20260701 02:15:29.063695   270 message_manager.cpp:188]  seq:1 type:5 has been committed
pbft,repeat-01,4,bootstrap_heartbeat_receive,1782872129377,pbft/repeat-01/pbft/node-4.log,166,E20260701 02:15:29.377902   254 consensus_manager.cpp:264] CHATAY_HS1_COLD_START heartbeat_receive_enter ts_ms=1782872129377 self=4
pbft,repeat-01,4,pbft_commit,20260701 02:15:30.069201,pbft/repeat-01/pbft/node-4.log,190,E20260701 02:15:30.069201   267 message_manager.cpp:188]  seq:2 type:5 has been committed
pbft,repeat-01,5,config_load,1782872128353,pbft/repeat-01/pbft/node-5.log,2,E20260701 02:15:28.353201   282 resdb_config_utils.cpp:198] CHATAY_HS1_COLD_START generate_resdb_config_start ts_ms=1782872128353 config_file=/work/config/server/server.config private_key_file=/work/cert/node5.key.pri cert_file=/work/cert/cert_5.cert
pbft,repeat-01,5,config_load,1782872128353,pbft/repeat-01/pbft/node-5.log,3,E20260701 02:15:28.353273   282 resdb_config_utils.cpp:133] CHATAY_HS1_COLD_START read_config_start ts_ms=1782872128353 file=/work/config/server/server.config
pbft,repeat-01,5,config_load,1782872128353,pbft/repeat-01/pbft/node-5.log,4,E20260701 02:15:28.353880   282 resdb_config_utils.cpp:154] CHATAY_HS1_COLD_START read_config_finish ts_ms=1782872128353 duration_ms=0 file=/work/config/server/server.config bytes=292 regions=1
pbft,repeat-01,5,key_cert_load,1782872128353,pbft/repeat-01/pbft/node-5.log,5,E20260701 02:15:28.353894   282 resdb_config_utils.cpp:49] CHATAY_HS1_COLD_START read_private_key_start ts_ms=1782872128353 file=/work/cert/node5.key.pri
pbft,repeat-01,5,key_cert_load,1782872128353,pbft/repeat-01/pbft/node-5.log,6,E20260701 02:15:28.353907   282 resdb_config_utils.cpp:71] CHATAY_HS1_COLD_START read_private_key_finish ts_ms=1782872128353 duration_ms=0 file=/work/cert/node5.key.pri bytes=36 hash_type=2
pbft,repeat-01,5,key_cert_load,1782872128353,pbft/repeat-01/pbft/node-5.log,7,E20260701 02:15:28.353910   282 resdb_config_utils.cpp:82] CHATAY_HS1_COLD_START read_cert_start ts_ms=1782872128353 file=/work/cert/cert_5.cert
pbft,repeat-01,5,key_cert_load,1782872128353,pbft/repeat-01/pbft/node-5.log,8,E20260701 02:15:28.353920   282 resdb_config_utils.cpp:104] CHATAY_HS1_COLD_START read_cert_finish ts_ms=1782872128353 duration_ms=0 file=/work/cert/cert_5.cert bytes=169 node_id=5 type=1
pbft,repeat-01,5,key_cert_load,1782872128353,pbft/repeat-01/pbft/node-5.log,9,E20260701 02:15:28.353924   282 resdb_config_utils.cpp:207] CHATAY_HS1_COLD_START key_cert_loaded ts_ms=1782872128353 node_id=5 public_key_hash_type=2 private_key_hash_type=2
pbft,repeat-01,5,config_load,1782872128353,pbft/repeat-01/pbft/node-5.log,10,E20260701 02:15:28.353927   282 resdb_config_utils.cpp:231] CHATAY_HS1_COLD_START generate_resdb_config_finish ts_ms=1782872128353 duration_ms=0 self=5 custom_gen=0
pbft,repeat-01,5,network_start,1782872128366,pbft/repeat-01/pbft/node-5.log,45,E20260701 02:15:28.366250   282 service_network.cpp:50] CHATAY_HS1_COLD_START service_network_ctor_start ts_ms=1782872128366 self=5 port=25015
pbft,repeat-01,5,network_start,1782872128366,pbft/repeat-01/pbft/node-5.log,56,E20260701 02:15:28.366670   282 service_network.cpp:143] CHATAY_HS1_COLD_START service_network_service_started ts_ms=1782872128366 self=5
pbft,repeat-01,5,bootstrap_heartbeat_send,1782872128366,pbft/repeat-01/pbft/node-5.log,57,E20260701 02:15:28.366724   315 consensus_manager.cpp:147] CHATAY_HS1_COLD_START heartbeat_send_start ts_ms=1782872128366 self=5 known_public_keys=1 all_replicas=4 current_ready=0
pbft,repeat-01,5,network_start,1782872128366,pbft/repeat-01/pbft/node-5.log,61,E20260701 02:15:28.366767   282 service_network.cpp:151] CHATAY_HS1_COLD_START service_network_acceptor_run_enter ts_ms=1782872128366 self=5
pbft,repeat-01,5,bootstrap_heartbeat_receive,1782872128369,pbft/repeat-01/pbft/node-5.log,67,E20260701 02:15:28.369081   335 consensus_manager.cpp:264] CHATAY_HS1_COLD_START heartbeat_receive_enter ts_ms=1782872128369 self=5
pbft,repeat-01,5,bootstrap_heartbeat_receive,1782872128369,pbft/repeat-01/pbft/node-5.log,68,E20260701 02:15:28.369094   321 consensus_manager.cpp:264] CHATAY_HS1_COLD_START heartbeat_receive_enter ts_ms=1782872128369 self=5
pbft,repeat-01,5,bootstrap_heartbeat_receive,1782872128369,pbft/repeat-01/pbft/node-5.log,69,E20260701 02:15:28.369081   320 consensus_manager.cpp:264] CHATAY_HS1_COLD_START heartbeat_receive_enter ts_ms=1782872128369 self=5
pbft,repeat-01,5,bootstrap_heartbeat_receive,1782872128375,pbft/repeat-01/pbft/node-5.log,70,E20260701 02:15:28.375633   323 consensus_manager.cpp:264] CHATAY_HS1_COLD_START heartbeat_receive_enter ts_ms=1782872128375 self=5
pbft,repeat-01,5,bootstrap_heartbeat_receive,1782872128375,pbft/repeat-01/pbft/node-5.log,71,E20260701 02:15:28.375968   325 consensus_manager.cpp:264] CHATAY_HS1_COLD_START heartbeat_receive_enter ts_ms=1782872128375 self=5
pbft,repeat-01,5,bootstrap_heartbeat_send,1782872128377,pbft/repeat-01/pbft/node-5.log,73,E20260701 02:15:28.377586   335 consensus_manager.cpp:147] CHATAY_HS1_COLD_START heartbeat_send_start ts_ms=1782872128377 self=5 known_public_keys=5 all_replicas=4 current_ready=0
pbft,repeat-01,5,bootstrap_heartbeat_receive,1782872128378,pbft/repeat-01/pbft/node-5.log,78,E20260701 02:15:28.378119   328 consensus_manager.cpp:264] CHATAY_HS1_COLD_START heartbeat_receive_enter ts_ms=1782872128378 self=5
pbft,repeat-01,5,readiness,1782872128387,pbft/repeat-01/pbft/node-5.log,79,E20260701 02:15:28.387945   335 consensus_manager.cpp:343] CHATAY_HS1_COLD_START readiness_reached ts_ms=1782872128387 self=5 replica_num=4 quorum=3 sender=2
pbft,repeat-01,5,readiness,20260701 02:15:28.387961,pbft/repeat-01/pbft/node-5.log,80,E20260701 02:15:28.387961   335 consensus_manager.cpp:349] ============ Server 5 is ready =====================
pbft,repeat-01,5,bootstrap_heartbeat_send,1782872128388,pbft/repeat-01/pbft/node-5.log,82,E20260701 02:15:28.388372   321 consensus_manager.cpp:147] CHATAY_HS1_COLD_START heartbeat_send_start ts_ms=1782872128388 self=5 known_public_keys=5 all_replicas=4 current_ready=1
pbft,repeat-01,5,bootstrap_heartbeat_receive,1782872128388,pbft/repeat-01/pbft/node-5.log,87,E20260701 02:15:28.388810   326 consensus_manager.cpp:264] CHATAY_HS1_COLD_START heartbeat_receive_enter ts_ms=1782872128388 self=5
pbft,repeat-01,5,bootstrap_heartbeat_send,1782872128399,pbft/repeat-01/pbft/node-5.log,89,E20260701 02:15:28.399175   320 consensus_manager.cpp:147] CHATAY_HS1_COLD_START heartbeat_send_start ts_ms=1782872128399 self=5 known_public_keys=5 all_replicas=4 current_ready=1
pbft,repeat-01,5,bootstrap_heartbeat_receive,1782872128399,pbft/repeat-01/pbft/node-5.log,94,E20260701 02:15:28.399708   329 consensus_manager.cpp:264] CHATAY_HS1_COLD_START heartbeat_receive_enter ts_ms=1782872128399 self=5
pbft,repeat-01,5,bootstrap_heartbeat_send,1782872128411,pbft/repeat-01/pbft/node-5.log,97,E20260701 02:15:28.411465   325 consensus_manager.cpp:147] CHATAY_HS1_COLD_START heartbeat_send_start ts_ms=1782872128411 self=5 known_public_keys=5 all_replicas=4 current_ready=1
pbft,repeat-01,5,bootstrap_heartbeat_receive,1782872128411,pbft/repeat-01/pbft/node-5.log,102,E20260701 02:15:28.411983   321 consensus_manager.cpp:264] CHATAY_HS1_COLD_START heartbeat_receive_enter ts_ms=1782872128411 self=5
pbft,repeat-01,5,bootstrap_heartbeat_send,1782872128422,pbft/repeat-01/pbft/node-5.log,104,E20260701 02:15:28.422458   328 consensus_manager.cpp:147] CHATAY_HS1_COLD_START heartbeat_send_start ts_ms=1782872128422 self=5 known_public_keys=5 all_replicas=4 current_ready=1
pbft,repeat-01,5,bootstrap_heartbeat_receive,1782872128422,pbft/repeat-01/pbft/node-5.log,109,E20260701 02:15:28.422976   320 consensus_manager.cpp:264] CHATAY_HS1_COLD_START heartbeat_receive_enter ts_ms=1782872128422 self=5
pbft,repeat-01,5,bootstrap_heartbeat_receive,1782872128871,pbft/repeat-01/pbft/node-5.log,114,E20260701 02:15:28.871658   335 consensus_manager.cpp:264] CHATAY_HS1_COLD_START heartbeat_receive_enter ts_ms=1782872128871 self=5
pbft,repeat-01,5,bootstrap_heartbeat_send,1782872129377,pbft/repeat-01/pbft/node-5.log,137,E20260701 02:15:29.377236   315 consensus_manager.cpp:147] CHATAY_HS1_COLD_START heartbeat_send_start ts_ms=1782872129377 self=5 known_public_keys=5 all_replicas=4 current_ready=1
pbft,repeat-01,5,bootstrap_heartbeat_receive,1782872129377,pbft/repeat-01/pbft/node-5.log,142,E20260701 02:15:29.377810   324 consensus_manager.cpp:264] CHATAY_HS1_COLD_START heartbeat_receive_enter ts_ms=1782872129377 self=5
pbft,repeat-02,client,client_get_ok,,pbft/repeat-02/pbft/client-get-001.log,3,client get value = chatay-pbft-value-20260701T021524Z-runtime-coldstart-pbft-r02-001
pbft,repeat-02,client,client_set_ok,,pbft/repeat-02/pbft/client-set-001.log,3,client set ret = 0
pbft,repeat-02,1,config_load,1782872132752,pbft/repeat-02/pbft/node-1.log,2,E20260701 02:15:32.752912    40 resdb_config_utils.cpp:198] CHATAY_HS1_COLD_START generate_resdb_config_start ts_ms=1782872132752 config_file=/work/config/server/server.config private_key_file=/work/cert/node1.key.pri cert_file=/work/cert/cert_1.cert
pbft,repeat-02,1,config_load,1782872132753,pbft/repeat-02/pbft/node-1.log,3,E20260701 02:15:32.753682    40 resdb_config_utils.cpp:133] CHATAY_HS1_COLD_START read_config_start ts_ms=1782872132753 file=/work/config/server/server.config
pbft,repeat-02,1,config_load,1782872132754,pbft/repeat-02/pbft/node-1.log,4,E20260701 02:15:32.754567    40 resdb_config_utils.cpp:154] CHATAY_HS1_COLD_START read_config_finish ts_ms=1782872132754 duration_ms=1 file=/work/config/server/server.config bytes=292 regions=1
pbft,repeat-02,1,key_cert_load,1782872132754,pbft/repeat-02/pbft/node-1.log,5,E20260701 02:15:32.754585    40 resdb_config_utils.cpp:49] CHATAY_HS1_COLD_START read_private_key_start ts_ms=1782872132754 file=/work/cert/node1.key.pri
pbft,repeat-02,1,key_cert_load,1782872132754,pbft/repeat-02/pbft/node-1.log,6,E20260701 02:15:32.754597    40 resdb_config_utils.cpp:71] CHATAY_HS1_COLD_START read_private_key_finish ts_ms=1782872132754 duration_ms=0 file=/work/cert/node1.key.pri bytes=36 hash_type=2
pbft,repeat-02,1,key_cert_load,1782872132754,pbft/repeat-02/pbft/node-1.log,7,E20260701 02:15:32.754601    40 resdb_config_utils.cpp:82] CHATAY_HS1_COLD_START read_cert_start ts_ms=1782872132754 file=/work/cert/cert_1.cert
pbft,repeat-02,1,key_cert_load,1782872132754,pbft/repeat-02/pbft/node-1.log,8,E20260701 02:15:32.754611    40 resdb_config_utils.cpp:104] CHATAY_HS1_COLD_START read_cert_finish ts_ms=1782872132754 duration_ms=0 file=/work/cert/cert_1.cert bytes=167 node_id=1 type=0
pbft,repeat-02,1,key_cert_load,1782872132754,pbft/repeat-02/pbft/node-1.log,9,E20260701 02:15:32.754613    40 resdb_config_utils.cpp:207] CHATAY_HS1_COLD_START key_cert_loaded ts_ms=1782872132754 node_id=1 public_key_hash_type=2 private_key_hash_type=2
pbft,repeat-02,1,config_load,1782872132754,pbft/repeat-02/pbft/node-1.log,10,E20260701 02:15:32.754618    40 resdb_config_utils.cpp:231] CHATAY_HS1_COLD_START generate_resdb_config_finish ts_ms=1782872132754 duration_ms=2 self=1 custom_gen=0
pbft,repeat-02,1,network_start,1782872132763,pbft/repeat-02/pbft/node-1.log,44,E20260701 02:15:32.763471    40 service_network.cpp:50] CHATAY_HS1_COLD_START service_network_ctor_start ts_ms=1782872132763 self=1 port=25021
pbft,repeat-02,1,network_start,1782872132763,pbft/repeat-02/pbft/node-1.log,54,E20260701 02:15:32.763947    40 service_network.cpp:143] CHATAY_HS1_COLD_START service_network_service_started ts_ms=1782872132763 self=1
pbft,repeat-02,1,bootstrap_heartbeat_send,1782872132764,pbft/repeat-02/pbft/node-1.log,56,E20260701 02:15:32.764019    71 consensus_manager.cpp:147] CHATAY_HS1_COLD_START heartbeat_send_start ts_ms=1782872132764 self=1 known_public_keys=1 all_replicas=4 current_ready=0
pbft,repeat-02,1,network_start,1782872132764,pbft/repeat-02/pbft/node-1.log,59,E20260701 02:15:32.764036    40 service_network.cpp:151] CHATAY_HS1_COLD_START service_network_acceptor_run_enter ts_ms=1782872132764 self=1
pbft,repeat-02,1,bootstrap_heartbeat_receive,1782872132765,pbft/repeat-02/pbft/node-1.log,84,E20260701 02:15:32.765324    91 consensus_manager.cpp:264] CHATAY_HS1_COLD_START heartbeat_receive_enter ts_ms=1782872132765 self=1
pbft,repeat-02,1,bootstrap_heartbeat_send,1782872132774,pbft/repeat-02/pbft/node-1.log,86,E20260701 02:15:32.774617    91 consensus_manager.cpp:147] CHATAY_HS1_COLD_START heartbeat_send_start ts_ms=1782872132774 self=1 known_public_keys=1 all_replicas=4 current_ready=0
pbft,repeat-02,1,bootstrap_heartbeat_receive,1782872132775,pbft/repeat-02/pbft/node-1.log,109,E20260701 02:15:32.775218    88 consensus_manager.cpp:264] CHATAY_HS1_COLD_START heartbeat_receive_enter ts_ms=1782872132775 self=1
pbft,repeat-02,1,bootstrap_heartbeat_receive,1782872133263,pbft/repeat-02/pbft/node-1.log,111,E20260701 02:15:33.263834    91 consensus_manager.cpp:264] CHATAY_HS1_COLD_START heartbeat_receive_enter ts_ms=1782872133263 self=1
pbft,repeat-02,1,bootstrap_heartbeat_send,1782872133264,pbft/repeat-02/pbft/node-1.log,113,E20260701 02:15:33.264001    91 consensus_manager.cpp:147] CHATAY_HS1_COLD_START heartbeat_send_start ts_ms=1782872133264 self=1 known_public_keys=2 all_replicas=4 current_ready=0
pbft,repeat-02,1,bootstrap_heartbeat_receive,1782872133264,pbft/repeat-02/pbft/node-1.log,130,E20260701 02:15:33.264413    89 consensus_manager.cpp:264] CHATAY_HS1_COLD_START heartbeat_receive_enter ts_ms=1782872133264 self=1
pbft,repeat-02,1,bootstrap_heartbeat_receive,1782872133276,pbft/repeat-02/pbft/node-1.log,131,E20260701 02:15:33.276789    84 consensus_manager.cpp:264] CHATAY_HS1_COLD_START heartbeat_receive_enter ts_ms=1782872133276 self=1
pbft,repeat-02,1,bootstrap_heartbeat_receive,1782872133284,pbft/repeat-02/pbft/node-1.log,134,E20260701 02:15:33.284849    80 consensus_manager.cpp:264] CHATAY_HS1_COLD_START heartbeat_receive_enter ts_ms=1782872133284 self=1
pbft,repeat-02,1,bootstrap_heartbeat_send,1782872133774,pbft/repeat-02/pbft/node-1.log,136,E20260701 02:15:33.774611    71 consensus_manager.cpp:147] CHATAY_HS1_COLD_START heartbeat_send_start ts_ms=1782872133774 self=1 known_public_keys=2 all_replicas=4 current_ready=0
pbft,repeat-02,1,bootstrap_heartbeat_receive,1782872133775,pbft/repeat-02/pbft/node-1.log,146,E20260701 02:15:33.775034    86 consensus_manager.cpp:264] CHATAY_HS1_COLD_START heartbeat_receive_enter ts_ms=1782872133775 self=1
pbft,repeat-02,1,bootstrap_heartbeat_receive,1782872133776,pbft/repeat-02/pbft/node-1.log,154,E20260701 02:15:33.776183    80 consensus_manager.cpp:264] CHATAY_HS1_COLD_START heartbeat_receive_enter ts_ms=1782872133776 self=1
pbft,repeat-02,1,bootstrap_heartbeat_receive,1782872133776,pbft/repeat-02/pbft/node-1.log,155,E20260701 02:15:33.776841    83 consensus_manager.cpp:264] CHATAY_HS1_COLD_START heartbeat_receive_enter ts_ms=1782872133776 self=1
pbft,repeat-02,1,bootstrap_heartbeat_send,1782872133785,pbft/repeat-02/pbft/node-1.log,158,E20260701 02:15:33.785516    80 consensus_manager.cpp:147] CHATAY_HS1_COLD_START heartbeat_send_start ts_ms=1782872133785 self=1 known_public_keys=3 all_replicas=4 current_ready=0
pbft,repeat-02,1,bootstrap_heartbeat_receive,1782872133785,pbft/repeat-02/pbft/node-1.log,169,E20260701 02:15:33.785873    89 consensus_manager.cpp:264] CHATAY_HS1_COLD_START heartbeat_receive_enter ts_ms=1782872133785 self=1
pbft,repeat-02,1,bootstrap_heartbeat_receive,1782872133786,pbft/repeat-02/pbft/node-1.log,170,E20260701 02:15:33.786571    87 consensus_manager.cpp:264] CHATAY_HS1_COLD_START heartbeat_receive_enter ts_ms=1782872133786 self=1
pbft,repeat-02,1,readiness,1782872133796,pbft/repeat-02/pbft/node-1.log,172,E20260701 02:15:33.796187    83 consensus_manager.cpp:343] CHATAY_HS1_COLD_START readiness_reached ts_ms=1782872133796 self=1 replica_num=3 quorum=3 sender=2
pbft,repeat-02,1,readiness,20260701 02:15:33.796195,pbft/repeat-02/pbft/node-1.log,173,E20260701 02:15:33.796195    83 consensus_manager.cpp:349] ============ Server 1 is ready =====================
pbft,repeat-02,1,bootstrap_heartbeat_receive,1782872133797,pbft/repeat-02/pbft/node-1.log,176,E20260701 02:15:33.797129    88 consensus_manager.cpp:264] CHATAY_HS1_COLD_START heartbeat_receive_enter ts_ms=1782872133797 self=1
pbft,repeat-02,1,bootstrap_heartbeat_receive,1782872133807,pbft/repeat-02/pbft/node-1.log,178,E20260701 02:15:33.807785    82 consensus_manager.cpp:264] CHATAY_HS1_COLD_START heartbeat_receive_enter ts_ms=1782872133807 self=1
pbft,repeat-02,1,bootstrap_heartbeat_receive,1782872134274,pbft/repeat-02/pbft/node-1.log,180,E20260701 02:15:34.274489    81 consensus_manager.cpp:264] CHATAY_HS1_COLD_START heartbeat_receive_enter ts_ms=1782872134274 self=1
pbft,repeat-02,1,bootstrap_heartbeat_receive,1782872134277,pbft/repeat-02/pbft/node-1.log,182,E20260701 02:15:34.277882    91 consensus_manager.cpp:264] CHATAY_HS1_COLD_START heartbeat_receive_enter ts_ms=1782872134277 self=1
pbft,repeat-02,1,bootstrap_heartbeat_send,1782872134278,pbft/repeat-02/pbft/node-1.log,184,E20260701 02:15:34.278046    91 consensus_manager.cpp:147] CHATAY_HS1_COLD_START heartbeat_send_start ts_ms=1782872134278 self=1 known_public_keys=4 all_replicas=4 current_ready=1
pbft,repeat-02,1,bootstrap_heartbeat_receive,1782872134278,pbft/repeat-02/pbft/node-1.log,189,E20260701 02:15:34.278434    74 consensus_manager.cpp:264] CHATAY_HS1_COLD_START heartbeat_receive_enter ts_ms=1782872134278 self=1
pbft,repeat-02,1,bootstrap_heartbeat_receive,1782872134278,pbft/repeat-02/pbft/node-1.log,190,E20260701 02:15:34.278498    78 consensus_manager.cpp:264] CHATAY_HS1_COLD_START heartbeat_receive_enter ts_ms=1782872134278 self=1
pbft,repeat-02,1,bootstrap_heartbeat_receive,1782872134285,pbft/repeat-02/pbft/node-1.log,191,E20260701 02:15:34.285477    84 consensus_manager.cpp:264] CHATAY_HS1_COLD_START heartbeat_receive_enter ts_ms=1782872134285 self=1
pbft,repeat-02,1,bootstrap_heartbeat_receive,1782872134288,pbft/repeat-02/pbft/node-1.log,192,E20260701 02:15:34.288486    91 consensus_manager.cpp:264] CHATAY_HS1_COLD_START heartbeat_receive_enter ts_ms=1782872134288 self=1
pbft,repeat-02,1,bootstrap_heartbeat_receive,1782872134299,pbft/repeat-02/pbft/node-1.log,197,E20260701 02:15:34.299297    76 consensus_manager.cpp:264] CHATAY_HS1_COLD_START heartbeat_receive_enter ts_ms=1782872134299 self=1
pbft,repeat-02,1,bootstrap_heartbeat_receive,1782872134310,pbft/repeat-02/pbft/node-1.log,199,E20260701 02:15:34.310446    85 consensus_manager.cpp:264] CHATAY_HS1_COLD_START heartbeat_receive_enter ts_ms=1782872134310 self=1
pbft,repeat-02,1,bootstrap_heartbeat_receive,1782872134321,pbft/repeat-02/pbft/node-1.log,201,E20260701 02:15:34.321316    77 consensus_manager.cpp:264] CHATAY_HS1_COLD_START heartbeat_receive_enter ts_ms=1782872134321 self=1
pbft,repeat-02,1,bootstrap_heartbeat_receive,1782872134777,pbft/repeat-02/pbft/node-1.log,203,E20260701 02:15:34.777742    76 consensus_manager.cpp:264] CHATAY_HS1_COLD_START heartbeat_receive_enter ts_ms=1782872134777 self=1
pbft,repeat-02,1,bootstrap_heartbeat_send,1782872134777,pbft/repeat-02/pbft/node-1.log,205,E20260701 02:15:34.777869    76 consensus_manager.cpp:147] CHATAY_HS1_COLD_START heartbeat_send_start ts_ms=1782872134777 self=1 known_public_keys=5 all_replicas=4 current_ready=1
pbft,repeat-02,1,bootstrap_heartbeat_receive,1782872134778,pbft/repeat-02/pbft/node-1.log,210,E20260701 02:15:34.778278    77 consensus_manager.cpp:264] CHATAY_HS1_COLD_START heartbeat_receive_enter ts_ms=1782872134778 self=1
pbft,repeat-02,1,bootstrap_heartbeat_receive,1782872134778,pbft/repeat-02/pbft/node-1.log,211,E20260701 02:15:34.778301    80 consensus_manager.cpp:264] CHATAY_HS1_COLD_START heartbeat_receive_enter ts_ms=1782872134778 self=1
pbft,repeat-02,1,bootstrap_heartbeat_receive,1782872134778,pbft/repeat-02/pbft/node-1.log,212,E20260701 02:15:34.778313    82 consensus_manager.cpp:264] CHATAY_HS1_COLD_START heartbeat_receive_enter ts_ms=1782872134778 self=1
pbft,repeat-02,1,bootstrap_heartbeat_receive,1782872134778,pbft/repeat-02/pbft/node-1.log,213,E20260701 02:15:34.778329    91 consensus_manager.cpp:264] CHATAY_HS1_COLD_START heartbeat_receive_enter ts_ms=1782872134778 self=1
pbft,repeat-02,1,bootstrap_heartbeat_send,1782872134785,pbft/repeat-02/pbft/node-1.log,218,E20260701 02:15:34.785250    71 consensus_manager.cpp:147] CHATAY_HS1_COLD_START heartbeat_send_start ts_ms=1782872134785 self=1 known_public_keys=5 all_replicas=4 current_ready=1
pbft,repeat-02,1,bootstrap_heartbeat_receive,1782872134785,pbft/repeat-02/pbft/node-1.log,223,E20260701 02:15:34.785562    82 consensus_manager.cpp:264] CHATAY_HS1_COLD_START heartbeat_receive_enter ts_ms=1782872134785 self=1
pbft,repeat-02,1,bootstrap_heartbeat_receive,1782872134786,pbft/repeat-02/pbft/node-1.log,224,E20260701 02:15:34.786571    78 consensus_manager.cpp:264] CHATAY_HS1_COLD_START heartbeat_receive_enter ts_ms=1782872134786 self=1
pbft,repeat-02,1,bootstrap_heartbeat_receive,1782872134788,pbft/repeat-02/pbft/node-1.log,225,E20260701 02:15:34.788404    89 consensus_manager.cpp:264] CHATAY_HS1_COLD_START heartbeat_receive_enter ts_ms=1782872134788 self=1
pbft,repeat-02,1,bootstrap_heartbeat_receive,1782872134799,pbft/repeat-02/pbft/node-1.log,229,E20260701 02:15:34.799201    91 consensus_manager.cpp:264] CHATAY_HS1_COLD_START heartbeat_receive_enter ts_ms=1782872134799 self=1
pbft,repeat-02,1,bootstrap_heartbeat_receive,1782872134810,pbft/repeat-02/pbft/node-1.log,231,E20260701 02:15:34.810070    87 consensus_manager.cpp:264] CHATAY_HS1_COLD_START heartbeat_receive_enter ts_ms=1782872134810 self=1
pbft,repeat-02,1,bootstrap_heartbeat_receive,1782872134820,pbft/repeat-02/pbft/node-1.log,233,E20260701 02:15:34.820815    81 consensus_manager.cpp:264] CHATAY_HS1_COLD_START heartbeat_receive_enter ts_ms=1782872134820 self=1
pbft,repeat-02,1,bootstrap_heartbeat_receive,1782872134832,pbft/repeat-02/pbft/node-1.log,235,E20260701 02:15:34.832608    74 consensus_manager.cpp:264] CHATAY_HS1_COLD_START heartbeat_receive_enter ts_ms=1782872134832 self=1
pbft,repeat-02,1,bootstrap_heartbeat_receive,1782872135288,pbft/repeat-02/pbft/node-1.log,237,E20260701 02:15:35.288612    81 consensus_manager.cpp:264] CHATAY_HS1_COLD_START heartbeat_receive_enter ts_ms=1782872135288 self=1
pbft,repeat-02,1,pbft_commit,20260701 02:15:35.468858,pbft/repeat-02/pbft/node-1.log,263,E20260701 02:15:35.468858    80 message_manager.cpp:188]  seq:1 type:5 has been committed
pbft,repeat-02,1,bootstrap_heartbeat_receive,1782872135788,pbft/repeat-02/pbft/node-1.log,265,E20260701 02:15:35.788177    74 consensus_manager.cpp:264] CHATAY_HS1_COLD_START heartbeat_receive_enter ts_ms=1782872135788 self=1
pbft,repeat-02,1,pbft_commit,20260701 02:15:36.463928,pbft/repeat-02/pbft/node-1.log,291,E20260701 02:15:36.463928    79 message_manager.cpp:188]  seq:2 type:5 has been committed
pbft,repeat-02,2,config_load,1782872133255,pbft/repeat-02/pbft/node-2.log,2,E20260701 02:15:33.255245    97 resdb_config_utils.cpp:198] CHATAY_HS1_COLD_START generate_resdb_config_start ts_ms=1782872133255 config_file=/work/config/server/server.config private_key_file=/work/cert/node2.key.pri cert_file=/work/cert/cert_2.cert
pbft,repeat-02,2,config_load,1782872133255,pbft/repeat-02/pbft/node-2.log,3,E20260701 02:15:33.255292    97 resdb_config_utils.cpp:133] CHATAY_HS1_COLD_START read_config_start ts_ms=1782872133255 file=/work/config/server/server.config
pbft,repeat-02,2,config_load,1782872133255,pbft/repeat-02/pbft/node-2.log,4,E20260701 02:15:33.255817    97 resdb_config_utils.cpp:154] CHATAY_HS1_COLD_START read_config_finish ts_ms=1782872133255 duration_ms=0 file=/work/config/server/server.config bytes=292 regions=1
pbft,repeat-02,2,key_cert_load,1782872133255,pbft/repeat-02/pbft/node-2.log,5,E20260701 02:15:33.255828    97 resdb_config_utils.cpp:49] CHATAY_HS1_COLD_START read_private_key_start ts_ms=1782872133255 file=/work/cert/node2.key.pri
pbft,repeat-02,2,key_cert_load,1782872133255,pbft/repeat-02/pbft/node-2.log,6,E20260701 02:15:33.255839    97 resdb_config_utils.cpp:71] CHATAY_HS1_COLD_START read_private_key_finish ts_ms=1782872133255 duration_ms=0 file=/work/cert/node2.key.pri bytes=36 hash_type=2
pbft,repeat-02,2,key_cert_load,1782872133255,pbft/repeat-02/pbft/node-2.log,7,E20260701 02:15:33.255841    97 resdb_config_utils.cpp:82] CHATAY_HS1_COLD_START read_cert_start ts_ms=1782872133255 file=/work/cert/cert_2.cert
pbft,repeat-02,2,key_cert_load,1782872133255,pbft/repeat-02/pbft/node-2.log,8,E20260701 02:15:33.255851    97 resdb_config_utils.cpp:104] CHATAY_HS1_COLD_START read_cert_finish ts_ms=1782872133255 duration_ms=0 file=/work/cert/cert_2.cert bytes=167 node_id=2 type=0
pbft,repeat-02,2,key_cert_load,1782872133255,pbft/repeat-02/pbft/node-2.log,9,E20260701 02:15:33.255854    97 resdb_config_utils.cpp:207] CHATAY_HS1_COLD_START key_cert_loaded ts_ms=1782872133255 node_id=2 public_key_hash_type=2 private_key_hash_type=2
pbft,repeat-02,2,config_load,1782872133255,pbft/repeat-02/pbft/node-2.log,10,E20260701 02:15:33.255857    97 resdb_config_utils.cpp:231] CHATAY_HS1_COLD_START generate_resdb_config_finish ts_ms=1782872133255 duration_ms=0 self=2 custom_gen=0
pbft,repeat-02,2,network_start,1782872133262,pbft/repeat-02/pbft/node-2.log,44,E20260701 02:15:33.262943    97 service_network.cpp:50] CHATAY_HS1_COLD_START service_network_ctor_start ts_ms=1782872133262 self=2 port=25022
pbft,repeat-02,2,network_start,1782872133263,pbft/repeat-02/pbft/node-2.log,53,E20260701 02:15:33.263259    97 service_network.cpp:143] CHATAY_HS1_COLD_START service_network_service_started ts_ms=1782872133263 self=2
pbft,repeat-02,2,network_start,1782872133263,pbft/repeat-02/pbft/node-2.log,55,E20260701 02:15:33.263309    97 service_network.cpp:151] CHATAY_HS1_COLD_START service_network_acceptor_run_enter ts_ms=1782872133263 self=2
pbft,repeat-02,2,bootstrap_heartbeat_send,1782872133263,pbft/repeat-02/pbft/node-2.log,60,E20260701 02:15:33.263350   128 consensus_manager.cpp:147] CHATAY_HS1_COLD_START heartbeat_send_start ts_ms=1782872133263 self=2 known_public_keys=1 all_replicas=4 current_ready=0
pbft,repeat-02,2,bootstrap_heartbeat_receive,1782872133264,pbft/repeat-02/pbft/node-2.log,78,E20260701 02:15:33.264686   145 consensus_manager.cpp:264] CHATAY_HS1_COLD_START heartbeat_receive_enter ts_ms=1782872133264 self=2
pbft,repeat-02,2,bootstrap_heartbeat_receive,1782872133264,pbft/repeat-02/pbft/node-2.log,79,E20260701 02:15:33.264695   149 consensus_manager.cpp:264] CHATAY_HS1_COLD_START heartbeat_receive_enter ts_ms=1782872133264 self=2
pbft,repeat-02,2,bootstrap_heartbeat_send,1782872133273,pbft/repeat-02/pbft/node-2.log,81,E20260701 02:15:33.273978   145 consensus_manager.cpp:147] CHATAY_HS1_COLD_START heartbeat_send_start ts_ms=1782872133273 self=2 known_public_keys=2 all_replicas=4 current_ready=0
pbft,repeat-02,2,bootstrap_heartbeat_receive,1782872133276,pbft/repeat-02/pbft/node-2.log,98,E20260701 02:15:33.276789   146 consensus_manager.cpp:264] CHATAY_HS1_COLD_START heartbeat_receive_enter ts_ms=1782872133276 self=2
pbft,repeat-02,2,bootstrap_heartbeat_send,1782872133284,pbft/repeat-02/pbft/node-2.log,100,E20260701 02:15:33.284524   149 consensus_manager.cpp:147] CHATAY_HS1_COLD_START heartbeat_send_start ts_ms=1782872133284 self=2 known_public_keys=2 all_replicas=4 current_ready=0
pbft,repeat-02,2,bootstrap_heartbeat_receive,1782872133284,pbft/repeat-02/pbft/node-2.log,117,E20260701 02:15:33.284866   145 consensus_manager.cpp:264] CHATAY_HS1_COLD_START heartbeat_receive_enter ts_ms=1782872133284 self=2
pbft,repeat-02,2,bootstrap_heartbeat_receive,1782872133775,pbft/repeat-02/pbft/node-2.log,120,E20260701 02:15:33.775034   149 consensus_manager.cpp:264] CHATAY_HS1_COLD_START heartbeat_receive_enter ts_ms=1782872133775 self=2
pbft,repeat-02,2,bootstrap_heartbeat_receive,1782872133776,pbft/repeat-02/pbft/node-2.log,122,E20260701 02:15:33.776244   134 consensus_manager.cpp:264] CHATAY_HS1_COLD_START heartbeat_receive_enter ts_ms=1782872133776 self=2
pbft,repeat-02,2,bootstrap_heartbeat_send,1782872133776,pbft/repeat-02/pbft/node-2.log,124,E20260701 02:15:33.776440   134 consensus_manager.cpp:147] CHATAY_HS1_COLD_START heartbeat_send_start ts_ms=1782872133776 self=2 known_public_keys=3 all_replicas=4 current_ready=0
pbft,repeat-02,2,bootstrap_heartbeat_receive,1782872133777,pbft/repeat-02/pbft/node-2.log,135,E20260701 02:15:33.777007   138 consensus_manager.cpp:264] CHATAY_HS1_COLD_START heartbeat_receive_enter ts_ms=1782872133777 self=2
pbft,repeat-02,2,bootstrap_heartbeat_receive,1782872133785,pbft/repeat-02/pbft/node-2.log,136,E20260701 02:15:33.785899   131 consensus_manager.cpp:264] CHATAY_HS1_COLD_START heartbeat_receive_enter ts_ms=1782872133785 self=2
pbft,repeat-02,2,bootstrap_heartbeat_receive,1782872133786,pbft/repeat-02/pbft/node-2.log,137,E20260701 02:15:33.786562   146 consensus_manager.cpp:264] CHATAY_HS1_COLD_START heartbeat_receive_enter ts_ms=1782872133786 self=2
pbft,repeat-02,2,readiness,1782872133787,pbft/repeat-02/pbft/node-2.log,139,E20260701 02:15:33.787009   138 consensus_manager.cpp:343] CHATAY_HS1_COLD_START readiness_reached ts_ms=1782872133787 self=2 replica_num=3 quorum=3 sender=2
pbft,repeat-02,2,readiness,20260701 02:15:33.787017,pbft/repeat-02/pbft/node-2.log,140,E20260701 02:15:33.787017   138 consensus_manager.cpp:349] ============ Server 2 is ready =====================
pbft,repeat-02,2,bootstrap_heartbeat_receive,1782872133797,pbft/repeat-02/pbft/node-2.log,143,E20260701 02:15:33.797173   138 consensus_manager.cpp:264] CHATAY_HS1_COLD_START heartbeat_receive_enter ts_ms=1782872133797 self=2
pbft,repeat-02,2,bootstrap_heartbeat_receive,1782872133807,pbft/repeat-02/pbft/node-2.log,145,E20260701 02:15:33.807770   141 consensus_manager.cpp:264] CHATAY_HS1_COLD_START heartbeat_receive_enter ts_ms=1782872133807 self=2
pbft,repeat-02,2,bootstrap_heartbeat_send,1782872134274,pbft/repeat-02/pbft/node-2.log,147,E20260701 02:15:34.274092   128 consensus_manager.cpp:147] CHATAY_HS1_COLD_START heartbeat_send_start ts_ms=1782872134274 self=2 known_public_keys=3 all_replicas=4 current_ready=1
pbft,repeat-02,2,bootstrap_heartbeat_receive,1782872134274,pbft/repeat-02/pbft/node-2.log,158,E20260701 02:15:34.274488   137 consensus_manager.cpp:264] CHATAY_HS1_COLD_START heartbeat_receive_enter ts_ms=1782872134274 self=2
pbft,repeat-02,2,bootstrap_heartbeat_receive,1782872134277,pbft/repeat-02/pbft/node-2.log,159,E20260701 02:15:34.277894   149 consensus_manager.cpp:264] CHATAY_HS1_COLD_START heartbeat_receive_enter ts_ms=1782872134277 self=2
pbft,repeat-02,2,bootstrap_heartbeat_receive,1782872134278,pbft/repeat-02/pbft/node-2.log,160,E20260701 02:15:34.278344   139 consensus_manager.cpp:264] CHATAY_HS1_COLD_START heartbeat_receive_enter ts_ms=1782872134278 self=2
pbft,repeat-02,2,bootstrap_heartbeat_receive,1782872134278,pbft/repeat-02/pbft/node-2.log,161,E20260701 02:15:34.278371   134 consensus_manager.cpp:264] CHATAY_HS1_COLD_START heartbeat_receive_enter ts_ms=1782872134278 self=2
pbft,repeat-02,2,bootstrap_heartbeat_send,1782872134285,pbft/repeat-02/pbft/node-2.log,164,E20260701 02:15:34.285149   149 consensus_manager.cpp:147] CHATAY_HS1_COLD_START heartbeat_send_start ts_ms=1782872134285 self=2 known_public_keys=4 all_replicas=4 current_ready=1
pbft,repeat-02,2,bootstrap_heartbeat_receive,1782872134285,pbft/repeat-02/pbft/node-2.log,169,E20260701 02:15:34.285498   137 consensus_manager.cpp:264] CHATAY_HS1_COLD_START heartbeat_receive_enter ts_ms=1782872134285 self=2
pbft,repeat-02,2,bootstrap_heartbeat_receive,1782872134288,pbft/repeat-02/pbft/node-2.log,170,E20260701 02:15:34.288578   147 consensus_manager.cpp:264] CHATAY_HS1_COLD_START heartbeat_receive_enter ts_ms=1782872134288 self=2
pbft,repeat-02,2,bootstrap_heartbeat_receive,1782872134299,pbft/repeat-02/pbft/node-2.log,175,E20260701 02:15:34.299289   141 consensus_manager.cpp:264] CHATAY_HS1_COLD_START heartbeat_receive_enter ts_ms=1782872134299 self=2
pbft,repeat-02,2,bootstrap_heartbeat_receive,1782872134310,pbft/repeat-02/pbft/node-2.log,177,E20260701 02:15:34.310524   140 consensus_manager.cpp:264] CHATAY_HS1_COLD_START heartbeat_receive_enter ts_ms=1782872134310 self=2
pbft,repeat-02,2,bootstrap_heartbeat_receive,1782872134321,pbft/repeat-02/pbft/node-2.log,179,E20260701 02:15:34.321311   138 consensus_manager.cpp:264] CHATAY_HS1_COLD_START heartbeat_receive_enter ts_ms=1782872134321 self=2
pbft,repeat-02,2,bootstrap_heartbeat_receive,1782872134777,pbft/repeat-02/pbft/node-2.log,181,E20260701 02:15:34.777653   140 consensus_manager.cpp:264] CHATAY_HS1_COLD_START heartbeat_receive_enter ts_ms=1782872134777 self=2
pbft,repeat-02,2,bootstrap_heartbeat_send,1782872134777,pbft/repeat-02/pbft/node-2.log,183,E20260701 02:15:34.777812   140 consensus_manager.cpp:147] CHATAY_HS1_COLD_START heartbeat_send_start ts_ms=1782872134777 self=2 known_public_keys=5 all_replicas=4 current_ready=1
pbft,repeat-02,2,bootstrap_heartbeat_receive,1782872134778,pbft/repeat-02/pbft/node-2.log,188,E20260701 02:15:34.778245   131 consensus_manager.cpp:264] CHATAY_HS1_COLD_START heartbeat_receive_enter ts_ms=1782872134778 self=2
pbft,repeat-02,2,bootstrap_heartbeat_receive,1782872134778,pbft/repeat-02/pbft/node-2.log,189,E20260701 02:15:34.778254   135 consensus_manager.cpp:264] CHATAY_HS1_COLD_START heartbeat_receive_enter ts_ms=1782872134778 self=2
pbft,repeat-02,2,bootstrap_heartbeat_receive,1782872134778,pbft/repeat-02/pbft/node-2.log,190,E20260701 02:15:34.778249   133 consensus_manager.cpp:264] CHATAY_HS1_COLD_START heartbeat_receive_enter ts_ms=1782872134778 self=2
pbft,repeat-02,2,bootstrap_heartbeat_receive,1782872134778,pbft/repeat-02/pbft/node-2.log,191,E20260701 02:15:34.778280   144 consensus_manager.cpp:264] CHATAY_HS1_COLD_START heartbeat_receive_enter ts_ms=1782872134778 self=2
pbft,repeat-02,2,bootstrap_heartbeat_receive,1782872134785,pbft/repeat-02/pbft/node-2.log,196,E20260701 02:15:34.785553   135 consensus_manager.cpp:264] CHATAY_HS1_COLD_START heartbeat_receive_enter ts_ms=1782872134785 self=2
pbft,repeat-02,2,bootstrap_heartbeat_receive,1782872134786,pbft/repeat-02/pbft/node-2.log,198,E20260701 02:15:34.786571   137 consensus_manager.cpp:264] CHATAY_HS1_COLD_START heartbeat_receive_enter ts_ms=1782872134786 self=2
pbft,repeat-02,2,bootstrap_heartbeat_receive,1782872134788,pbft/repeat-02/pbft/node-2.log,200,E20260701 02:15:34.788419   147 consensus_manager.cpp:264] CHATAY_HS1_COLD_START heartbeat_receive_enter ts_ms=1782872134788 self=2
pbft,repeat-02,2,bootstrap_heartbeat_receive,1782872134799,pbft/repeat-02/pbft/node-2.log,202,E20260701 02:15:34.799206   149 consensus_manager.cpp:264] CHATAY_HS1_COLD_START heartbeat_receive_enter ts_ms=1782872134799 self=2
pbft,repeat-02,2,bootstrap_heartbeat_receive,1782872134810,pbft/repeat-02/pbft/node-2.log,204,E20260701 02:15:34.810067   142 consensus_manager.cpp:264] CHATAY_HS1_COLD_START heartbeat_receive_enter ts_ms=1782872134810 self=2
pbft,repeat-02,2,bootstrap_heartbeat_receive,1782872134820,pbft/repeat-02/pbft/node-2.log,206,E20260701 02:15:34.820779   142 consensus_manager.cpp:264] CHATAY_HS1_COLD_START heartbeat_receive_enter ts_ms=1782872134820 self=2
pbft,repeat-02,2,bootstrap_heartbeat_receive,1782872134832,pbft/repeat-02/pbft/node-2.log,208,E20260701 02:15:34.832508   140 consensus_manager.cpp:264] CHATAY_HS1_COLD_START heartbeat_receive_enter ts_ms=1782872134832 self=2
pbft,repeat-02,2,bootstrap_heartbeat_receive,1782872135288,pbft/repeat-02/pbft/node-2.log,210,E20260701 02:15:35.288616   147 consensus_manager.cpp:264] CHATAY_HS1_COLD_START heartbeat_receive_enter ts_ms=1782872135288 self=2
pbft,repeat-02,2,pbft_commit,20260701 02:15:35.469430,pbft/repeat-02/pbft/node-2.log,235,E20260701 02:15:35.469430   147 message_manager.cpp:188]  seq:1 type:5 has been committed
pbft,repeat-02,2,bootstrap_heartbeat_receive,1782872135788,pbft/repeat-02/pbft/node-2.log,236,E20260701 02:15:35.788183   131 consensus_manager.cpp:264] CHATAY_HS1_COLD_START heartbeat_receive_enter ts_ms=1782872135788 self=2
pbft,repeat-02,2,pbft_commit,20260701 02:15:36.463960,pbft/repeat-02/pbft/node-2.log,260,E20260701 02:15:36.463960   147 message_manager.cpp:188]  seq:2 type:5 has been committed
pbft,repeat-02,3,config_load,1782872133758,pbft/repeat-02/pbft/node-3.log,2,E20260701 02:15:33.758309   156 resdb_config_utils.cpp:198] CHATAY_HS1_COLD_START generate_resdb_config_start ts_ms=1782872133758 config_file=/work/config/server/server.config private_key_file=/work/cert/node3.key.pri cert_file=/work/cert/cert_3.cert
pbft,repeat-02,3,config_load,1782872133758,pbft/repeat-02/pbft/node-3.log,3,E20260701 02:15:33.758383   156 resdb_config_utils.cpp:133] CHATAY_HS1_COLD_START read_config_start ts_ms=1782872133758 file=/work/config/server/server.config
pbft,repeat-02,3,config_load,1782872133759,pbft/repeat-02/pbft/node-3.log,4,E20260701 02:15:33.759153   156 resdb_config_utils.cpp:154] CHATAY_HS1_COLD_START read_config_finish ts_ms=1782872133759 duration_ms=1 file=/work/config/server/server.config bytes=292 regions=1
pbft,repeat-02,3,key_cert_load,1782872133759,pbft/repeat-02/pbft/node-3.log,5,E20260701 02:15:33.759192   156 resdb_config_utils.cpp:49] CHATAY_HS1_COLD_START read_private_key_start ts_ms=1782872133759 file=/work/cert/node3.key.pri
pbft,repeat-02,3,key_cert_load,1782872133759,pbft/repeat-02/pbft/node-3.log,6,E20260701 02:15:33.759236   156 resdb_config_utils.cpp:71] CHATAY_HS1_COLD_START read_private_key_finish ts_ms=1782872133759 duration_ms=0 file=/work/cert/node3.key.pri bytes=36 hash_type=2
pbft,repeat-02,3,key_cert_load,1782872133759,pbft/repeat-02/pbft/node-3.log,7,E20260701 02:15:33.759240   156 resdb_config_utils.cpp:82] CHATAY_HS1_COLD_START read_cert_start ts_ms=1782872133759 file=/work/cert/cert_3.cert
pbft,repeat-02,3,key_cert_load,1782872133759,pbft/repeat-02/pbft/node-3.log,8,E20260701 02:15:33.759383   156 resdb_config_utils.cpp:104] CHATAY_HS1_COLD_START read_cert_finish ts_ms=1782872133759 duration_ms=0 file=/work/cert/cert_3.cert bytes=167 node_id=3 type=0
pbft,repeat-02,3,key_cert_load,1782872133759,pbft/repeat-02/pbft/node-3.log,9,E20260701 02:15:33.759392   156 resdb_config_utils.cpp:207] CHATAY_HS1_COLD_START key_cert_loaded ts_ms=1782872133759 node_id=3 public_key_hash_type=2 private_key_hash_type=2
pbft,repeat-02,3,config_load,1782872133759,pbft/repeat-02/pbft/node-3.log,10,E20260701 02:15:33.759399   156 resdb_config_utils.cpp:231] CHATAY_HS1_COLD_START generate_resdb_config_finish ts_ms=1782872133759 duration_ms=1 self=3 custom_gen=0
pbft,repeat-02,3,network_start,1782872133775,pbft/repeat-02/pbft/node-3.log,44,E20260701 02:15:33.775456   156 service_network.cpp:50] CHATAY_HS1_COLD_START service_network_ctor_start ts_ms=1782872133775 self=3 port=25023
pbft,repeat-02,3,network_start,1782872133775,pbft/repeat-02/pbft/node-3.log,55,E20260701 02:15:33.775895   156 service_network.cpp:143] CHATAY_HS1_COLD_START service_network_service_started ts_ms=1782872133775 self=3
pbft,repeat-02,3,bootstrap_heartbeat_send,1782872133775,pbft/repeat-02/pbft/node-3.log,56,E20260701 02:15:33.775908   188 consensus_manager.cpp:147] CHATAY_HS1_COLD_START heartbeat_send_start ts_ms=1782872133775 self=3 known_public_keys=1 all_replicas=4 current_ready=0
pbft,repeat-02,3,network_start,1782872133775,pbft/repeat-02/pbft/node-3.log,60,E20260701 02:15:33.775939   156 service_network.cpp:151] CHATAY_HS1_COLD_START service_network_acceptor_run_enter ts_ms=1782872133775 self=3
pbft,repeat-02,3,bootstrap_heartbeat_receive,1782872133777,pbft/repeat-02/pbft/node-3.log,72,E20260701 02:15:33.777503   208 consensus_manager.cpp:264] CHATAY_HS1_COLD_START heartbeat_receive_enter ts_ms=1782872133777 self=3
pbft,repeat-02,3,bootstrap_heartbeat_receive,1782872133777,pbft/repeat-02/pbft/node-3.log,73,E20260701 02:15:33.777513   192 consensus_manager.cpp:264] CHATAY_HS1_COLD_START heartbeat_receive_enter ts_ms=1782872133777 self=3
pbft,repeat-02,3,bootstrap_heartbeat_receive,1782872133785,pbft/repeat-02/pbft/node-3.log,74,E20260701 02:15:33.785921   198 consensus_manager.cpp:264] CHATAY_HS1_COLD_START heartbeat_receive_enter ts_ms=1782872133785 self=3
pbft,repeat-02,3,bootstrap_heartbeat_send,1782872133786,pbft/repeat-02/pbft/node-3.log,76,E20260701 02:15:33.786311   208 consensus_manager.cpp:147] CHATAY_HS1_COLD_START heartbeat_send_start ts_ms=1782872133786 self=3 known_public_keys=1 all_replicas=4 current_ready=0
pbft,repeat-02,3,bootstrap_heartbeat_receive,1782872133786,pbft/repeat-02/pbft/node-3.log,82,E20260701 02:15:33.786587   199 consensus_manager.cpp:264] CHATAY_HS1_COLD_START heartbeat_receive_enter ts_ms=1782872133786 self=3
pbft,repeat-02,3,bootstrap_heartbeat_send,1782872133796,pbft/repeat-02/pbft/node-3.log,89,E20260701 02:15:33.796877   192 consensus_manager.cpp:147] CHATAY_HS1_COLD_START heartbeat_send_start ts_ms=1782872133796 self=3 known_public_keys=3 all_replicas=4 current_ready=0
pbft,repeat-02,3,bootstrap_heartbeat_receive,1782872133797,pbft/repeat-02/pbft/node-3.log,100,E20260701 02:15:33.797478   202 consensus_manager.cpp:264] CHATAY_HS1_COLD_START heartbeat_receive_enter ts_ms=1782872133797 self=3
pbft,repeat-02,3,readiness,1782872133807,pbft/repeat-02/pbft/node-3.log,101,E20260701 02:15:33.807153   192 consensus_manager.cpp:343] CHATAY_HS1_COLD_START readiness_reached ts_ms=1782872133807 self=3 replica_num=3 quorum=3 sender=2
pbft,repeat-02,3,readiness,20260701 02:15:33.807189,pbft/repeat-02/pbft/node-3.log,102,E20260701 02:15:33.807189   192 consensus_manager.cpp:349] ============ Server 3 is ready =====================
pbft,repeat-02,3,bootstrap_heartbeat_send,1782872133807,pbft/repeat-02/pbft/node-3.log,104,E20260701 02:15:33.807432   198 consensus_manager.cpp:147] CHATAY_HS1_COLD_START heartbeat_send_start ts_ms=1782872133807 self=3 known_public_keys=3 all_replicas=4 current_ready=1
pbft,repeat-02,3,bootstrap_heartbeat_receive,1782872133807,pbft/repeat-02/pbft/node-3.log,115,E20260701 02:15:33.807792   196 consensus_manager.cpp:264] CHATAY_HS1_COLD_START heartbeat_receive_enter ts_ms=1782872133807 self=3
pbft,repeat-02,3,bootstrap_heartbeat_receive,1782872134274,pbft/repeat-02/pbft/node-3.log,119,E20260701 02:15:34.274830   196 consensus_manager.cpp:264] CHATAY_HS1_COLD_START heartbeat_receive_enter ts_ms=1782872134274 self=3
pbft,repeat-02,3,bootstrap_heartbeat_receive,1782872134277,pbft/repeat-02/pbft/node-3.log,121,E20260701 02:15:34.277925   205 consensus_manager.cpp:264] CHATAY_HS1_COLD_START heartbeat_receive_enter ts_ms=1782872134277 self=3
pbft,repeat-02,3,bootstrap_heartbeat_send,1782872134278,pbft/repeat-02/pbft/node-3.log,123,E20260701 02:15:34.278064   205 consensus_manager.cpp:147] CHATAY_HS1_COLD_START heartbeat_send_start ts_ms=1782872134278 self=3 known_public_keys=4 all_replicas=4 current_ready=1
pbft,repeat-02,3,bootstrap_heartbeat_receive,1782872134278,pbft/repeat-02/pbft/node-3.log,128,E20260701 02:15:34.278450   208 consensus_manager.cpp:264] CHATAY_HS1_COLD_START heartbeat_receive_enter ts_ms=1782872134278 self=3
pbft,repeat-02,3,bootstrap_heartbeat_receive,1782872134278,pbft/repeat-02/pbft/node-3.log,129,E20260701 02:15:34.278457   207 consensus_manager.cpp:264] CHATAY_HS1_COLD_START heartbeat_receive_enter ts_ms=1782872134278 self=3
pbft,repeat-02,3,bootstrap_heartbeat_receive,1782872134285,pbft/repeat-02/pbft/node-3.log,130,E20260701 02:15:34.285532   197 consensus_manager.cpp:264] CHATAY_HS1_COLD_START heartbeat_receive_enter ts_ms=1782872134285 self=3
pbft,repeat-02,3,bootstrap_heartbeat_receive,1782872134288,pbft/repeat-02/pbft/node-3.log,132,E20260701 02:15:34.288614   193 consensus_manager.cpp:264] CHATAY_HS1_COLD_START heartbeat_receive_enter ts_ms=1782872134288 self=3
pbft,repeat-02,3,bootstrap_heartbeat_receive,1782872134299,pbft/repeat-02/pbft/node-3.log,136,E20260701 02:15:34.299328   193 consensus_manager.cpp:264] CHATAY_HS1_COLD_START heartbeat_receive_enter ts_ms=1782872134299 self=3
pbft,repeat-02,3,bootstrap_heartbeat_receive,1782872134310,pbft/repeat-02/pbft/node-3.log,138,E20260701 02:15:34.310503   194 consensus_manager.cpp:264] CHATAY_HS1_COLD_START heartbeat_receive_enter ts_ms=1782872134310 self=3
pbft,repeat-02,3,bootstrap_heartbeat_receive,1782872134321,pbft/repeat-02/pbft/node-3.log,140,E20260701 02:15:34.321357   192 consensus_manager.cpp:264] CHATAY_HS1_COLD_START heartbeat_receive_enter ts_ms=1782872134321 self=3
pbft,repeat-02,3,bootstrap_heartbeat_receive,1782872134777,pbft/repeat-02/pbft/node-3.log,142,E20260701 02:15:34.777793   203 consensus_manager.cpp:264] CHATAY_HS1_COLD_START heartbeat_receive_enter ts_ms=1782872134777 self=3
pbft,repeat-02,3,bootstrap_heartbeat_send,1782872134777,pbft/repeat-02/pbft/node-3.log,144,E20260701 02:15:34.777923   203 consensus_manager.cpp:147] CHATAY_HS1_COLD_START heartbeat_send_start ts_ms=1782872134777 self=3 known_public_keys=5 all_replicas=4 current_ready=1
pbft,repeat-02,3,bootstrap_heartbeat_receive,1782872134778,pbft/repeat-02/pbft/node-3.log,149,E20260701 02:15:34.778359   192 consensus_manager.cpp:264] CHATAY_HS1_COLD_START heartbeat_receive_enter ts_ms=1782872134778 self=3
pbft,repeat-02,3,bootstrap_heartbeat_receive,1782872134778,pbft/repeat-02/pbft/node-3.log,150,E20260701 02:15:34.778370   194 consensus_manager.cpp:264] CHATAY_HS1_COLD_START heartbeat_receive_enter ts_ms=1782872134778 self=3
pbft,repeat-02,3,bootstrap_heartbeat_receive,1782872134778,pbft/repeat-02/pbft/node-3.log,151,E20260701 02:15:34.778394   208 consensus_manager.cpp:264] CHATAY_HS1_COLD_START heartbeat_receive_enter ts_ms=1782872134778 self=3
pbft,repeat-02,3,bootstrap_heartbeat_receive,1782872134778,pbft/repeat-02/pbft/node-3.log,152,E20260701 02:15:34.778406   195 consensus_manager.cpp:264] CHATAY_HS1_COLD_START heartbeat_receive_enter ts_ms=1782872134778 self=3
pbft,repeat-02,3,bootstrap_heartbeat_receive,1782872134785,pbft/repeat-02/pbft/node-3.log,157,E20260701 02:15:34.785679   204 consensus_manager.cpp:264] CHATAY_HS1_COLD_START heartbeat_receive_enter ts_ms=1782872134785 self=3
pbft,repeat-02,3,bootstrap_heartbeat_send,1782872134786,pbft/repeat-02/pbft/node-3.log,159,E20260701 02:15:34.786301   188 consensus_manager.cpp:147] CHATAY_HS1_COLD_START heartbeat_send_start ts_ms=1782872134786 self=3 known_public_keys=5 all_replicas=4 current_ready=1
pbft,repeat-02,3,bootstrap_heartbeat_receive,1782872134786,pbft/repeat-02/pbft/node-3.log,164,E20260701 02:15:34.786594   195 consensus_manager.cpp:264] CHATAY_HS1_COLD_START heartbeat_receive_enter ts_ms=1782872134786 self=3
pbft,repeat-02,3,bootstrap_heartbeat_receive,1782872134788,pbft/repeat-02/pbft/node-3.log,165,E20260701 02:15:34.788429   193 consensus_manager.cpp:264] CHATAY_HS1_COLD_START heartbeat_receive_enter ts_ms=1782872134788 self=3
pbft,repeat-02,3,bootstrap_heartbeat_receive,1782872134799,pbft/repeat-02/pbft/node-3.log,168,E20260701 02:15:34.799278   202 consensus_manager.cpp:264] CHATAY_HS1_COLD_START heartbeat_receive_enter ts_ms=1782872134799 self=3
pbft,repeat-02,3,bootstrap_heartbeat_receive,1782872134810,pbft/repeat-02/pbft/node-3.log,170,E20260701 02:15:34.810174   197 consensus_manager.cpp:264] CHATAY_HS1_COLD_START heartbeat_receive_enter ts_ms=1782872134810 self=3
pbft,repeat-02,3,bootstrap_heartbeat_receive,1782872134820,pbft/repeat-02/pbft/node-3.log,172,E20260701 02:15:34.820788   202 consensus_manager.cpp:264] CHATAY_HS1_COLD_START heartbeat_receive_enter ts_ms=1782872134820 self=3
pbft,repeat-02,3,bootstrap_heartbeat_receive,1782872134832,pbft/repeat-02/pbft/node-3.log,174,E20260701 02:15:34.832523   207 consensus_manager.cpp:264] CHATAY_HS1_COLD_START heartbeat_receive_enter ts_ms=1782872134832 self=3
pbft,repeat-02,3,bootstrap_heartbeat_receive,1782872135288,pbft/repeat-02/pbft/node-3.log,176,E20260701 02:15:35.288724   203 consensus_manager.cpp:264] CHATAY_HS1_COLD_START heartbeat_receive_enter ts_ms=1782872135288 self=3
pbft,repeat-02,3,pbft_commit,20260701 02:15:35.469133,pbft/repeat-02/pbft/node-3.log,200,E20260701 02:15:35.469133   206 message_manager.cpp:188]  seq:1 type:5 has been committed
pbft,repeat-02,3,bootstrap_heartbeat_receive,1782872135788,pbft/repeat-02/pbft/node-3.log,202,E20260701 02:15:35.788313   194 consensus_manager.cpp:264] CHATAY_HS1_COLD_START heartbeat_receive_enter ts_ms=1782872135788 self=3
pbft,repeat-02,3,pbft_commit,20260701 02:15:36.463946,pbft/repeat-02/pbft/node-3.log,225,E20260701 02:15:36.463946   193 message_manager.cpp:188]  seq:2 type:5 has been committed
pbft,repeat-02,4,config_load,1782872134265,pbft/repeat-02/pbft/node-4.log,2,E20260701 02:15:34.265260   218 resdb_config_utils.cpp:198] CHATAY_HS1_COLD_START generate_resdb_config_start ts_ms=1782872134265 config_file=/work/config/server/server.config private_key_file=/work/cert/node4.key.pri cert_file=/work/cert/cert_4.cert
pbft,repeat-02,4,config_load,1782872134265,pbft/repeat-02/pbft/node-4.log,3,E20260701 02:15:34.265332   218 resdb_config_utils.cpp:133] CHATAY_HS1_COLD_START read_config_start ts_ms=1782872134265 file=/work/config/server/server.config
pbft,repeat-02,4,config_load,1782872134265,pbft/repeat-02/pbft/node-4.log,4,E20260701 02:15:34.265975   218 resdb_config_utils.cpp:154] CHATAY_HS1_COLD_START read_config_finish ts_ms=1782872134265 duration_ms=0 file=/work/config/server/server.config bytes=292 regions=1
pbft,repeat-02,4,key_cert_load,1782872134265,pbft/repeat-02/pbft/node-4.log,5,E20260701 02:15:34.265988   218 resdb_config_utils.cpp:49] CHATAY_HS1_COLD_START read_private_key_start ts_ms=1782872134265 file=/work/cert/node4.key.pri
pbft,repeat-02,4,key_cert_load,1782872134266,pbft/repeat-02/pbft/node-4.log,6,E20260701 02:15:34.266003   218 resdb_config_utils.cpp:71] CHATAY_HS1_COLD_START read_private_key_finish ts_ms=1782872134266 duration_ms=1 file=/work/cert/node4.key.pri bytes=36 hash_type=2
pbft,repeat-02,4,key_cert_load,1782872134266,pbft/repeat-02/pbft/node-4.log,7,E20260701 02:15:34.266006   218 resdb_config_utils.cpp:82] CHATAY_HS1_COLD_START read_cert_start ts_ms=1782872134266 file=/work/cert/cert_4.cert
pbft,repeat-02,4,key_cert_load,1782872134266,pbft/repeat-02/pbft/node-4.log,8,E20260701 02:15:34.266018   218 resdb_config_utils.cpp:104] CHATAY_HS1_COLD_START read_cert_finish ts_ms=1782872134266 duration_ms=0 file=/work/cert/cert_4.cert bytes=167 node_id=4 type=0
pbft,repeat-02,4,key_cert_load,1782872134266,pbft/repeat-02/pbft/node-4.log,9,E20260701 02:15:34.266022   218 resdb_config_utils.cpp:207] CHATAY_HS1_COLD_START key_cert_loaded ts_ms=1782872134266 node_id=4 public_key_hash_type=2 private_key_hash_type=2
pbft,repeat-02,4,config_load,1782872134266,pbft/repeat-02/pbft/node-4.log,10,E20260701 02:15:34.266027   218 resdb_config_utils.cpp:231] CHATAY_HS1_COLD_START generate_resdb_config_finish ts_ms=1782872134266 duration_ms=1 self=4 custom_gen=0
pbft,repeat-02,4,network_start,1782872134275,pbft/repeat-02/pbft/node-4.log,44,E20260701 02:15:34.276013   218 service_network.cpp:50] CHATAY_HS1_COLD_START service_network_ctor_start ts_ms=1782872134275 self=4 port=25024
pbft,repeat-02,4,network_start,1782872134276,pbft/repeat-02/pbft/node-4.log,53,E20260701 02:15:34.276664   218 service_network.cpp:143] CHATAY_HS1_COLD_START service_network_service_started ts_ms=1782872134276 self=4
pbft,repeat-02,4,bootstrap_heartbeat_send,1782872134276,pbft/repeat-02/pbft/node-4.log,56,E20260701 02:15:34.276782   250 consensus_manager.cpp:147] CHATAY_HS1_COLD_START heartbeat_send_start ts_ms=1782872134276 self=4 known_public_keys=1 all_replicas=4 current_ready=0
pbft,repeat-02,4,network_start,1782872134277,pbft/repeat-02/pbft/node-4.log,60,E20260701 02:15:34.277513   218 service_network.cpp:151] CHATAY_HS1_COLD_START service_network_acceptor_run_enter ts_ms=1782872134277 self=4
pbft,repeat-02,4,bootstrap_heartbeat_receive,1782872134279,pbft/repeat-02/pbft/node-4.log,66,E20260701 02:15:34.279410   254 consensus_manager.cpp:264] CHATAY_HS1_COLD_START heartbeat_receive_enter ts_ms=1782872134279 self=4
pbft,repeat-02,4,bootstrap_heartbeat_receive,1782872134279,pbft/repeat-02/pbft/node-4.log,67,E20260701 02:15:34.279419   269 consensus_manager.cpp:264] CHATAY_HS1_COLD_START heartbeat_receive_enter ts_ms=1782872134279 self=4
pbft,repeat-02,4,bootstrap_heartbeat_receive,1782872134279,pbft/repeat-02/pbft/node-4.log,68,E20260701 02:15:34.279420   271 consensus_manager.cpp:264] CHATAY_HS1_COLD_START heartbeat_receive_enter ts_ms=1782872134279 self=4
pbft,repeat-02,4,bootstrap_heartbeat_receive,1782872134285,pbft/repeat-02/pbft/node-4.log,69,E20260701 02:15:34.285619   264 consensus_manager.cpp:264] CHATAY_HS1_COLD_START heartbeat_receive_enter ts_ms=1782872134285 self=4
pbft,repeat-02,4,bootstrap_heartbeat_send,1782872134288,pbft/repeat-02/pbft/node-4.log,71,E20260701 02:15:34.288170   254 consensus_manager.cpp:147] CHATAY_HS1_COLD_START heartbeat_send_start ts_ms=1782872134288 self=4 known_public_keys=1 all_replicas=4 current_ready=0
pbft,repeat-02,4,bootstrap_heartbeat_receive,1782872134288,pbft/repeat-02/pbft/node-4.log,76,E20260701 02:15:34.288630   267 consensus_manager.cpp:264] CHATAY_HS1_COLD_START heartbeat_receive_enter ts_ms=1782872134288 self=4
pbft,repeat-02,4,bootstrap_heartbeat_send,1782872134298,pbft/repeat-02/pbft/node-4.log,78,E20260701 02:15:34.298980   269 consensus_manager.cpp:147] CHATAY_HS1_COLD_START heartbeat_send_start ts_ms=1782872134298 self=4 known_public_keys=4 all_replicas=4 current_ready=0
pbft,repeat-02,4,bootstrap_heartbeat_receive,1782872134299,pbft/repeat-02/pbft/node-4.log,83,E20260701 02:15:34.299345   259 consensus_manager.cpp:264] CHATAY_HS1_COLD_START heartbeat_receive_enter ts_ms=1782872134299 self=4
pbft,repeat-02,4,readiness,1782872134309,pbft/repeat-02/pbft/node-4.log,84,E20260701 02:15:34.309405   269 consensus_manager.cpp:343] CHATAY_HS1_COLD_START readiness_reached ts_ms=1782872134309 self=4 replica_num=4 quorum=3 sender=1
pbft,repeat-02,4,readiness,20260701 02:15:34.309453,pbft/repeat-02/pbft/node-4.log,85,E20260701 02:15:34.309453   269 consensus_manager.cpp:349] ============ Server 4 is ready =====================
pbft,repeat-02,4,bootstrap_heartbeat_send,1782872134309,pbft/repeat-02/pbft/node-4.log,87,E20260701 02:15:34.309947   271 consensus_manager.cpp:147] CHATAY_HS1_COLD_START heartbeat_send_start ts_ms=1782872134309 self=4 known_public_keys=4 all_replicas=4 current_ready=1
pbft,repeat-02,4,bootstrap_heartbeat_receive,1782872134310,pbft/repeat-02/pbft/node-4.log,92,E20260701 02:15:34.310545   265 consensus_manager.cpp:264] CHATAY_HS1_COLD_START heartbeat_receive_enter ts_ms=1782872134310 self=4
pbft,repeat-02,4,bootstrap_heartbeat_send,1782872134320,pbft/repeat-02/pbft/node-4.log,94,E20260701 02:15:34.320951   264 consensus_manager.cpp:147] CHATAY_HS1_COLD_START heartbeat_send_start ts_ms=1782872134320 self=4 known_public_keys=4 all_replicas=4 current_ready=1
pbft,repeat-02,4,bootstrap_heartbeat_receive,1782872134321,pbft/repeat-02/pbft/node-4.log,99,E20260701 02:15:34.321360   257 consensus_manager.cpp:264] CHATAY_HS1_COLD_START heartbeat_receive_enter ts_ms=1782872134321 self=4
pbft,repeat-02,4,bootstrap_heartbeat_receive,1782872134777,pbft/repeat-02/pbft/node-4.log,104,E20260701 02:15:34.777853   268 consensus_manager.cpp:264] CHATAY_HS1_COLD_START heartbeat_receive_enter ts_ms=1782872134777 self=4
pbft,repeat-02,4,bootstrap_heartbeat_send,1782872134777,pbft/repeat-02/pbft/node-4.log,106,E20260701 02:15:34.777980   268 consensus_manager.cpp:147] CHATAY_HS1_COLD_START heartbeat_send_start ts_ms=1782872134777 self=4 known_public_keys=5 all_replicas=4 current_ready=1
pbft,repeat-02,4,bootstrap_heartbeat_receive,1782872134778,pbft/repeat-02/pbft/node-4.log,111,E20260701 02:15:34.778496   255 consensus_manager.cpp:264] CHATAY_HS1_COLD_START heartbeat_receive_enter ts_ms=1782872134778 self=4
pbft,repeat-02,4,bootstrap_heartbeat_receive,1782872134778,pbft/repeat-02/pbft/node-4.log,112,E20260701 02:15:34.778496   264 consensus_manager.cpp:264] CHATAY_HS1_COLD_START heartbeat_receive_enter ts_ms=1782872134778 self=4
pbft,repeat-02,4,bootstrap_heartbeat_receive,1782872134778,pbft/repeat-02/pbft/node-4.log,113,E20260701 02:15:34.778509   267 consensus_manager.cpp:264] CHATAY_HS1_COLD_START heartbeat_receive_enter ts_ms=1782872134778 self=4
pbft,repeat-02,4,bootstrap_heartbeat_receive,1782872134778,pbft/repeat-02/pbft/node-4.log,114,E20260701 02:15:34.778532   265 consensus_manager.cpp:264] CHATAY_HS1_COLD_START heartbeat_receive_enter ts_ms=1782872134778 self=4
pbft,repeat-02,4,bootstrap_heartbeat_receive,1782872134785,pbft/repeat-02/pbft/node-4.log,119,E20260701 02:15:34.785816   255 consensus_manager.cpp:264] CHATAY_HS1_COLD_START heartbeat_receive_enter ts_ms=1782872134785 self=4
pbft,repeat-02,4,bootstrap_heartbeat_receive,1782872134786,pbft/repeat-02/pbft/node-4.log,121,E20260701 02:15:34.786721   255 consensus_manager.cpp:264] CHATAY_HS1_COLD_START heartbeat_receive_enter ts_ms=1782872134786 self=4
pbft,repeat-02,4,bootstrap_heartbeat_receive,1782872134788,pbft/repeat-02/pbft/node-4.log,123,E20260701 02:15:34.788899   255 consensus_manager.cpp:264] CHATAY_HS1_COLD_START heartbeat_receive_enter ts_ms=1782872134788 self=4
pbft,repeat-02,4,bootstrap_heartbeat_receive,1782872134799,pbft/repeat-02/pbft/node-4.log,125,E20260701 02:15:34.799284   270 consensus_manager.cpp:264] CHATAY_HS1_COLD_START heartbeat_receive_enter ts_ms=1782872134799 self=4
pbft,repeat-02,4,bootstrap_heartbeat_receive,1782872134810,pbft/repeat-02/pbft/node-4.log,127,E20260701 02:15:34.810355   256 consensus_manager.cpp:264] CHATAY_HS1_COLD_START heartbeat_receive_enter ts_ms=1782872134810 self=4
pbft,repeat-02,4,bootstrap_heartbeat_receive,1782872134820,pbft/repeat-02/pbft/node-4.log,129,E20260701 02:15:34.820879   255 consensus_manager.cpp:264] CHATAY_HS1_COLD_START heartbeat_receive_enter ts_ms=1782872134820 self=4
pbft,repeat-02,4,bootstrap_heartbeat_receive,1782872134832,pbft/repeat-02/pbft/node-4.log,131,E20260701 02:15:34.832639   266 consensus_manager.cpp:264] CHATAY_HS1_COLD_START heartbeat_receive_enter ts_ms=1782872134832 self=4
pbft,repeat-02,4,bootstrap_heartbeat_send,1782872135288,pbft/repeat-02/pbft/node-4.log,133,E20260701 02:15:35.288177   250 consensus_manager.cpp:147] CHATAY_HS1_COLD_START heartbeat_send_start ts_ms=1782872135288 self=4 known_public_keys=5 all_replicas=4 current_ready=1
pbft,repeat-02,4,bootstrap_heartbeat_receive,1782872135288,pbft/repeat-02/pbft/node-4.log,138,E20260701 02:15:35.288712   264 consensus_manager.cpp:264] CHATAY_HS1_COLD_START heartbeat_receive_enter ts_ms=1782872135288 self=4
pbft,repeat-02,4,pbft_commit,20260701 02:15:35.469410,pbft/repeat-02/pbft/node-4.log,163,E20260701 02:15:35.469410   270 message_manager.cpp:188]  seq:1 type:5 has been committed
pbft,repeat-02,4,bootstrap_heartbeat_receive,1782872135788,pbft/repeat-02/pbft/node-4.log,164,E20260701 02:15:35.788281   259 consensus_manager.cpp:264] CHATAY_HS1_COLD_START heartbeat_receive_enter ts_ms=1782872135788 self=4
pbft,repeat-02,4,pbft_commit,20260701 02:15:36.464286,pbft/repeat-02/pbft/node-4.log,189,E20260701 02:15:36.464286   259 message_manager.cpp:188]  seq:2 type:5 has been committed
pbft,repeat-02,5,config_load,1782872134766,pbft/repeat-02/pbft/node-5.log,2,E20260701 02:15:34.766747   282 resdb_config_utils.cpp:198] CHATAY_HS1_COLD_START generate_resdb_config_start ts_ms=1782872134766 config_file=/work/config/server/server.config private_key_file=/work/cert/node5.key.pri cert_file=/work/cert/cert_5.cert
pbft,repeat-02,5,config_load,1782872134766,pbft/repeat-02/pbft/node-5.log,3,E20260701 02:15:34.766796   282 resdb_config_utils.cpp:133] CHATAY_HS1_COLD_START read_config_start ts_ms=1782872134766 file=/work/config/server/server.config
pbft,repeat-02,5,config_load,1782872134767,pbft/repeat-02/pbft/node-5.log,4,E20260701 02:15:34.767354   282 resdb_config_utils.cpp:154] CHATAY_HS1_COLD_START read_config_finish ts_ms=1782872134767 duration_ms=1 file=/work/config/server/server.config bytes=292 regions=1
pbft,repeat-02,5,key_cert_load,1782872134767,pbft/repeat-02/pbft/node-5.log,5,E20260701 02:15:34.767369   282 resdb_config_utils.cpp:49] CHATAY_HS1_COLD_START read_private_key_start ts_ms=1782872134767 file=/work/cert/node5.key.pri
pbft,repeat-02,5,key_cert_load,1782872134767,pbft/repeat-02/pbft/node-5.log,6,E20260701 02:15:34.767380   282 resdb_config_utils.cpp:71] CHATAY_HS1_COLD_START read_private_key_finish ts_ms=1782872134767 duration_ms=0 file=/work/cert/node5.key.pri bytes=36 hash_type=2
pbft,repeat-02,5,key_cert_load,1782872134767,pbft/repeat-02/pbft/node-5.log,7,E20260701 02:15:34.767382   282 resdb_config_utils.cpp:82] CHATAY_HS1_COLD_START read_cert_start ts_ms=1782872134767 file=/work/cert/cert_5.cert
pbft,repeat-02,5,key_cert_load,1782872134767,pbft/repeat-02/pbft/node-5.log,8,E20260701 02:15:34.767391   282 resdb_config_utils.cpp:104] CHATAY_HS1_COLD_START read_cert_finish ts_ms=1782872134767 duration_ms=0 file=/work/cert/cert_5.cert bytes=169 node_id=5 type=1
pbft,repeat-02,5,key_cert_load,1782872134767,pbft/repeat-02/pbft/node-5.log,9,E20260701 02:15:34.767395   282 resdb_config_utils.cpp:207] CHATAY_HS1_COLD_START key_cert_loaded ts_ms=1782872134767 node_id=5 public_key_hash_type=2 private_key_hash_type=2
pbft,repeat-02,5,config_load,1782872134767,pbft/repeat-02/pbft/node-5.log,10,E20260701 02:15:34.767398   282 resdb_config_utils.cpp:231] CHATAY_HS1_COLD_START generate_resdb_config_finish ts_ms=1782872134767 duration_ms=1 self=5 custom_gen=0
pbft,repeat-02,5,network_start,1782872134775,pbft/repeat-02/pbft/node-5.log,45,E20260701 02:15:34.775934   282 service_network.cpp:50] CHATAY_HS1_COLD_START service_network_ctor_start ts_ms=1782872134775 self=5 port=25025
pbft,repeat-02,5,network_start,1782872134777,pbft/repeat-02/pbft/node-5.log,54,E20260701 02:15:34.777132   282 service_network.cpp:143] CHATAY_HS1_COLD_START service_network_service_started ts_ms=1782872134777 self=5
pbft,repeat-02,5,network_start,1782872134777,pbft/repeat-02/pbft/node-5.log,57,E20260701 02:15:34.777189   282 service_network.cpp:151] CHATAY_HS1_COLD_START service_network_acceptor_run_enter ts_ms=1782872134777 self=5
pbft,repeat-02,5,bootstrap_heartbeat_send,1782872134777,pbft/repeat-02/pbft/node-5.log,62,E20260701 02:15:34.777236   314 consensus_manager.cpp:147] CHATAY_HS1_COLD_START heartbeat_send_start ts_ms=1782872134777 self=5 known_public_keys=1 all_replicas=4 current_ready=0
pbft,repeat-02,5,bootstrap_heartbeat_receive,1782872134779,pbft/repeat-02/pbft/node-5.log,67,E20260701 02:15:34.779491   335 consensus_manager.cpp:264] CHATAY_HS1_COLD_START heartbeat_receive_enter ts_ms=1782872134779 self=5
pbft,repeat-02,5,bootstrap_heartbeat_receive,1782872134779,pbft/repeat-02/pbft/node-5.log,68,E20260701 02:15:34.779570   341 consensus_manager.cpp:264] CHATAY_HS1_COLD_START heartbeat_receive_enter ts_ms=1782872134779 self=5
pbft,repeat-02,5,bootstrap_heartbeat_receive,1782872134779,pbft/repeat-02/pbft/node-5.log,69,E20260701 02:15:34.779618   340 consensus_manager.cpp:264] CHATAY_HS1_COLD_START heartbeat_receive_enter ts_ms=1782872134779 self=5
pbft,repeat-02,5,bootstrap_heartbeat_receive,1782872134779,pbft/repeat-02/pbft/node-5.log,70,E20260701 02:15:34.779664   329 consensus_manager.cpp:264] CHATAY_HS1_COLD_START heartbeat_receive_enter ts_ms=1782872134779 self=5
pbft,repeat-02,5,bootstrap_heartbeat_receive,1782872134785,pbft/repeat-02/pbft/node-5.log,71,E20260701 02:15:34.785672   324 consensus_manager.cpp:264] CHATAY_HS1_COLD_START heartbeat_receive_enter ts_ms=1782872134785 self=5
pbft,repeat-02,5,bootstrap_heartbeat_receive,1782872134786,pbft/repeat-02/pbft/node-5.log,72,E20260701 02:15:34.786913   339 consensus_manager.cpp:264] CHATAY_HS1_COLD_START heartbeat_receive_enter ts_ms=1782872134786 self=5
pbft,repeat-02,5,bootstrap_heartbeat_send,1782872134788,pbft/repeat-02/pbft/node-5.log,74,E20260701 02:15:34.788018   335 consensus_manager.cpp:147] CHATAY_HS1_COLD_START heartbeat_send_start ts_ms=1782872134788 self=5 known_public_keys=5 all_replicas=4 current_ready=0
pbft,repeat-02,5,bootstrap_heartbeat_receive,1782872134788,pbft/repeat-02/pbft/node-5.log,79,E20260701 02:15:34.788580   317 consensus_manager.cpp:264] CHATAY_HS1_COLD_START heartbeat_receive_enter ts_ms=1782872134788 self=5
pbft,repeat-02,5,readiness,1782872134798,pbft/repeat-02/pbft/node-5.log,80,E20260701 02:15:34.798533   335 consensus_manager.cpp:343] CHATAY_HS1_COLD_START readiness_reached ts_ms=1782872134798 self=5 replica_num=4 quorum=3 sender=2
pbft,repeat-02,5,readiness,20260701 02:15:34.798564,pbft/repeat-02/pbft/node-5.log,81,E20260701 02:15:34.798564   335 consensus_manager.cpp:349] ============ Server 5 is ready =====================
pbft,repeat-02,5,bootstrap_heartbeat_send,1782872134798,pbft/repeat-02/pbft/node-5.log,83,E20260701 02:15:34.798884   341 consensus_manager.cpp:147] CHATAY_HS1_COLD_START heartbeat_send_start ts_ms=1782872134798 self=5 known_public_keys=5 all_replicas=4 current_ready=1
pbft,repeat-02,5,bootstrap_heartbeat_receive,1782872134799,pbft/repeat-02/pbft/node-5.log,88,E20260701 02:15:34.799248   325 consensus_manager.cpp:264] CHATAY_HS1_COLD_START heartbeat_receive_enter ts_ms=1782872134799 self=5
pbft,repeat-02,5,bootstrap_heartbeat_send,1782872134809,pbft/repeat-02/pbft/node-5.log,90,E20260701 02:15:34.809592   340 consensus_manager.cpp:147] CHATAY_HS1_COLD_START heartbeat_send_start ts_ms=1782872134809 self=5 known_public_keys=5 all_replicas=4 current_ready=1
pbft,repeat-02,5,bootstrap_heartbeat_receive,1782872134810,pbft/repeat-02/pbft/node-5.log,95,E20260701 02:15:34.810197   318 consensus_manager.cpp:264] CHATAY_HS1_COLD_START heartbeat_receive_enter ts_ms=1782872134810 self=5
pbft,repeat-02,5,bootstrap_heartbeat_send,1782872134820,pbft/repeat-02/pbft/node-5.log,97,E20260701 02:15:34.820423   329 consensus_manager.cpp:147] CHATAY_HS1_COLD_START heartbeat_send_start ts_ms=1782872134820 self=5 known_public_keys=5 all_replicas=4 current_ready=1
pbft,repeat-02,5,bootstrap_heartbeat_receive,1782872134820,pbft/repeat-02/pbft/node-5.log,102,E20260701 02:15:34.820873   326 consensus_manager.cpp:264] CHATAY_HS1_COLD_START heartbeat_receive_enter ts_ms=1782872134820 self=5
pbft,repeat-02,5,bootstrap_heartbeat_send,1782872134832,pbft/repeat-02/pbft/node-5.log,106,E20260701 02:15:34.832165   317 consensus_manager.cpp:147] CHATAY_HS1_COLD_START heartbeat_send_start ts_ms=1782872134832 self=5 known_public_keys=5 all_replicas=4 current_ready=1
pbft,repeat-02,5,bootstrap_heartbeat_receive,1782872134832,pbft/repeat-02/pbft/node-5.log,111,E20260701 02:15:34.832587   328 consensus_manager.cpp:264] CHATAY_HS1_COLD_START heartbeat_receive_enter ts_ms=1782872134832 self=5
pbft,repeat-02,5,bootstrap_heartbeat_receive,1782872135288,pbft/repeat-02/pbft/node-5.log,116,E20260701 02:15:35.288738   337 consensus_manager.cpp:264] CHATAY_HS1_COLD_START heartbeat_receive_enter ts_ms=1782872135288 self=5
pbft,repeat-02,5,bootstrap_heartbeat_send,1782872135787,pbft/repeat-02/pbft/node-5.log,139,E20260701 02:15:35.787758   314 consensus_manager.cpp:147] CHATAY_HS1_COLD_START heartbeat_send_start ts_ms=1782872135787 self=5 known_public_keys=5 all_replicas=4 current_ready=1
pbft,repeat-02,5,bootstrap_heartbeat_receive,1782872135788,pbft/repeat-02/pbft/node-5.log,144,E20260701 02:15:35.788251   337 consensus_manager.cpp:264] CHATAY_HS1_COLD_START heartbeat_receive_enter ts_ms=1782872135788 self=5
pbft,repeat-03,client,client_get_ok,,pbft/repeat-03/pbft/client-get-001.log,3,client get value = chatay-pbft-value-20260701T021524Z-runtime-coldstart-pbft-r03-001
pbft,repeat-03,client,client_set_ok,,pbft/repeat-03/pbft/client-set-001.log,3,client set ret = 0
pbft,repeat-03,1,config_load,1782872139050,pbft/repeat-03/pbft/node-1.log,2,E20260701 02:15:39.050973    40 resdb_config_utils.cpp:198] CHATAY_HS1_COLD_START generate_resdb_config_start ts_ms=1782872139050 config_file=/work/config/server/server.config private_key_file=/work/cert/node1.key.pri cert_file=/work/cert/cert_1.cert
pbft,repeat-03,1,config_load,1782872139051,pbft/repeat-03/pbft/node-1.log,3,E20260701 02:15:39.051153    40 resdb_config_utils.cpp:133] CHATAY_HS1_COLD_START read_config_start ts_ms=1782872139051 file=/work/config/server/server.config
pbft,repeat-03,1,config_load,1782872139051,pbft/repeat-03/pbft/node-1.log,4,E20260701 02:15:39.051791    40 resdb_config_utils.cpp:154] CHATAY_HS1_COLD_START read_config_finish ts_ms=1782872139051 duration_ms=0 file=/work/config/server/server.config bytes=292 regions=1
pbft,repeat-03,1,key_cert_load,1782872139051,pbft/repeat-03/pbft/node-1.log,5,E20260701 02:15:39.051805    40 resdb_config_utils.cpp:49] CHATAY_HS1_COLD_START read_private_key_start ts_ms=1782872139051 file=/work/cert/node1.key.pri
pbft,repeat-03,1,key_cert_load,1782872139051,pbft/repeat-03/pbft/node-1.log,6,E20260701 02:15:39.051817    40 resdb_config_utils.cpp:71] CHATAY_HS1_COLD_START read_private_key_finish ts_ms=1782872139051 duration_ms=0 file=/work/cert/node1.key.pri bytes=36 hash_type=2
pbft,repeat-03,1,key_cert_load,1782872139051,pbft/repeat-03/pbft/node-1.log,7,E20260701 02:15:39.051820    40 resdb_config_utils.cpp:82] CHATAY_HS1_COLD_START read_cert_start ts_ms=1782872139051 file=/work/cert/cert_1.cert
pbft,repeat-03,1,key_cert_load,1782872139051,pbft/repeat-03/pbft/node-1.log,8,E20260701 02:15:39.051831    40 resdb_config_utils.cpp:104] CHATAY_HS1_COLD_START read_cert_finish ts_ms=1782872139051 duration_ms=0 file=/work/cert/cert_1.cert bytes=167 node_id=1 type=0
pbft,repeat-03,1,key_cert_load,1782872139051,pbft/repeat-03/pbft/node-1.log,9,E20260701 02:15:39.051833    40 resdb_config_utils.cpp:207] CHATAY_HS1_COLD_START key_cert_loaded ts_ms=1782872139051 node_id=1 public_key_hash_type=2 private_key_hash_type=2
pbft,repeat-03,1,config_load,1782872139051,pbft/repeat-03/pbft/node-1.log,10,E20260701 02:15:39.051838    40 resdb_config_utils.cpp:231] CHATAY_HS1_COLD_START generate_resdb_config_finish ts_ms=1782872139051 duration_ms=1 self=1 custom_gen=0
pbft,repeat-03,1,network_start,1782872139060,pbft/repeat-03/pbft/node-1.log,44,E20260701 02:15:39.060349    40 service_network.cpp:50] CHATAY_HS1_COLD_START service_network_ctor_start ts_ms=1782872139060 self=1 port=25031
pbft,repeat-03,1,network_start,1782872139060,pbft/repeat-03/pbft/node-1.log,53,E20260701 02:15:39.060818    40 service_network.cpp:143] CHATAY_HS1_COLD_START service_network_service_started ts_ms=1782872139060 self=1
pbft,repeat-03,1,network_start,1782872139060,pbft/repeat-03/pbft/node-1.log,58,E20260701 02:15:39.060891    40 service_network.cpp:151] CHATAY_HS1_COLD_START service_network_acceptor_run_enter ts_ms=1782872139060 self=1
pbft,repeat-03,1,bootstrap_heartbeat_send,1782872139060,pbft/repeat-03/pbft/node-1.log,61,E20260701 02:15:39.060977    71 consensus_manager.cpp:147] CHATAY_HS1_COLD_START heartbeat_send_start ts_ms=1782872139060 self=1 known_public_keys=1 all_replicas=4 current_ready=0
pbft,repeat-03,1,bootstrap_heartbeat_receive,1782872139062,pbft/repeat-03/pbft/node-1.log,84,E20260701 02:15:39.062345    88 consensus_manager.cpp:264] CHATAY_HS1_COLD_START heartbeat_receive_enter ts_ms=1782872139062 self=1
pbft,repeat-03,1,bootstrap_heartbeat_send,1782872139071,pbft/repeat-03/pbft/node-1.log,86,E20260701 02:15:39.071708    88 consensus_manager.cpp:147] CHATAY_HS1_COLD_START heartbeat_send_start ts_ms=1782872139071 self=1 known_public_keys=1 all_replicas=4 current_ready=0
pbft,repeat-03,1,bootstrap_heartbeat_receive,1782872139072,pbft/repeat-03/pbft/node-1.log,109,E20260701 02:15:39.072201    90 consensus_manager.cpp:264] CHATAY_HS1_COLD_START heartbeat_receive_enter ts_ms=1782872139072 self=1
pbft,repeat-03,1,bootstrap_heartbeat_receive,1782872139568,pbft/repeat-03/pbft/node-1.log,111,E20260701 02:15:39.568606    90 consensus_manager.cpp:264] CHATAY_HS1_COLD_START heartbeat_receive_enter ts_ms=1782872139568 self=1
pbft,repeat-03,1,bootstrap_heartbeat_send,1782872139568,pbft/repeat-03/pbft/node-1.log,113,E20260701 02:15:39.568833    90 consensus_manager.cpp:147] CHATAY_HS1_COLD_START heartbeat_send_start ts_ms=1782872139568 self=1 known_public_keys=2 all_replicas=4 current_ready=0
pbft,repeat-03,1,bootstrap_heartbeat_receive,1782872139569,pbft/repeat-03/pbft/node-1.log,130,E20260701 02:15:39.569839    79 consensus_manager.cpp:264] CHATAY_HS1_COLD_START heartbeat_receive_enter ts_ms=1782872139569 self=1
pbft,repeat-03,1,bootstrap_heartbeat_receive,1782872139578,pbft/repeat-03/pbft/node-1.log,131,E20260701 02:15:39.578557    83 consensus_manager.cpp:264] CHATAY_HS1_COLD_START heartbeat_receive_enter ts_ms=1782872139578 self=1
pbft,repeat-03,1,bootstrap_heartbeat_receive,1782872139589,pbft/repeat-03/pbft/node-1.log,134,E20260701 02:15:39.589429    84 consensus_manager.cpp:264] CHATAY_HS1_COLD_START heartbeat_receive_enter ts_ms=1782872139589 self=1
pbft,repeat-03,1,bootstrap_heartbeat_receive,1782872140068,pbft/repeat-03/pbft/node-1.log,136,E20260701 02:15:40.068605    79 consensus_manager.cpp:264] CHATAY_HS1_COLD_START heartbeat_receive_enter ts_ms=1782872140068 self=1
pbft,repeat-03,1,bootstrap_heartbeat_send,1782872140068,pbft/repeat-03/pbft/node-1.log,138,E20260701 02:15:40.068743    79 consensus_manager.cpp:147] CHATAY_HS1_COLD_START heartbeat_send_start ts_ms=1782872140068 self=1 known_public_keys=3 all_replicas=4 current_ready=0
pbft,repeat-03,1,bootstrap_heartbeat_receive,1782872140068,pbft/repeat-03/pbft/node-1.log,143,E20260701 02:15:40.068951    75 consensus_manager.cpp:264] CHATAY_HS1_COLD_START heartbeat_receive_enter ts_ms=1782872140068 self=1
pbft,repeat-03,1,bootstrap_heartbeat_receive,1782872140068,pbft/repeat-03/pbft/node-1.log,145,E20260701 02:15:40.068951    76 consensus_manager.cpp:264] CHATAY_HS1_COLD_START heartbeat_receive_enter ts_ms=1782872140068 self=1
pbft,repeat-03,1,bootstrap_heartbeat_receive,1782872140079,pbft/repeat-03/pbft/node-1.log,151,E20260701 02:15:40.079106    79 consensus_manager.cpp:264] CHATAY_HS1_COLD_START heartbeat_receive_enter ts_ms=1782872140079 self=1
pbft,repeat-03,1,readiness,1782872140079,pbft/repeat-03/pbft/node-1.log,153,E20260701 02:15:40.079412    75 consensus_manager.cpp:343] CHATAY_HS1_COLD_START readiness_reached ts_ms=1782872140079 self=1 replica_num=3 quorum=3 sender=2
pbft,repeat-03,1,readiness,20260701 02:15:40.079427,pbft/repeat-03/pbft/node-1.log,154,E20260701 02:15:40.079427    75 consensus_manager.cpp:349] ============ Server 1 is ready =====================
pbft,repeat-03,1,bootstrap_heartbeat_send,1782872140079,pbft/repeat-03/pbft/node-1.log,156,E20260701 02:15:40.079800    71 consensus_manager.cpp:147] CHATAY_HS1_COLD_START heartbeat_send_start ts_ms=1782872140079 self=1 known_public_keys=3 all_replicas=4 current_ready=1
pbft,repeat-03,1,bootstrap_heartbeat_receive,1782872140080,pbft/repeat-03/pbft/node-1.log,167,E20260701 02:15:40.080181    84 consensus_manager.cpp:264] CHATAY_HS1_COLD_START heartbeat_receive_enter ts_ms=1782872140080 self=1
pbft,repeat-03,1,bootstrap_heartbeat_receive,1782872140090,pbft/repeat-03/pbft/node-1.log,168,E20260701 02:15:40.090020    78 consensus_manager.cpp:264] CHATAY_HS1_COLD_START heartbeat_receive_enter ts_ms=1782872140090 self=1
pbft,repeat-03,1,bootstrap_heartbeat_receive,1782872140100,pbft/repeat-03/pbft/node-1.log,172,E20260701 02:15:40.100862    80 consensus_manager.cpp:264] CHATAY_HS1_COLD_START heartbeat_receive_enter ts_ms=1782872140100 self=1
pbft,repeat-03,1,bootstrap_heartbeat_receive,1782872140568,pbft/repeat-03/pbft/node-1.log,174,E20260701 02:15:40.568970    85 consensus_manager.cpp:264] CHATAY_HS1_COLD_START heartbeat_receive_enter ts_ms=1782872140568 self=1
pbft,repeat-03,1,bootstrap_heartbeat_send,1782872140569,pbft/repeat-03/pbft/node-1.log,176,E20260701 02:15:40.569113    85 consensus_manager.cpp:147] CHATAY_HS1_COLD_START heartbeat_send_start ts_ms=1782872140569 self=1 known_public_keys=4 all_replicas=4 current_ready=1
pbft,repeat-03,1,bootstrap_heartbeat_receive,1782872140569,pbft/repeat-03/pbft/node-1.log,181,E20260701 02:15:40.569485    82 consensus_manager.cpp:264] CHATAY_HS1_COLD_START heartbeat_receive_enter ts_ms=1782872140569 self=1
pbft,repeat-03,1,bootstrap_heartbeat_receive,1782872140569,pbft/repeat-03/pbft/node-1.log,182,E20260701 02:15:40.569490    83 consensus_manager.cpp:264] CHATAY_HS1_COLD_START heartbeat_receive_enter ts_ms=1782872140569 self=1
pbft,repeat-03,1,bootstrap_heartbeat_receive,1782872140569,pbft/repeat-03/pbft/node-1.log,183,E20260701 02:15:40.569494    81 consensus_manager.cpp:264] CHATAY_HS1_COLD_START heartbeat_receive_enter ts_ms=1782872140569 self=1
pbft,repeat-03,1,bootstrap_heartbeat_receive,1782872140579,pbft/repeat-03/pbft/node-1.log,185,E20260701 02:15:40.579538    89 consensus_manager.cpp:264] CHATAY_HS1_COLD_START heartbeat_receive_enter ts_ms=1782872140579 self=1
pbft,repeat-03,1,bootstrap_heartbeat_receive,1782872140581,pbft/repeat-03/pbft/node-1.log,189,E20260701 02:15:40.581059    82 consensus_manager.cpp:264] CHATAY_HS1_COLD_START heartbeat_receive_enter ts_ms=1782872140581 self=1
pbft,repeat-03,1,bootstrap_heartbeat_receive,1782872140590,pbft/repeat-03/pbft/node-1.log,191,E20260701 02:15:40.590299    75 consensus_manager.cpp:264] CHATAY_HS1_COLD_START heartbeat_receive_enter ts_ms=1782872140590 self=1
pbft,repeat-03,1,bootstrap_heartbeat_receive,1782872140601,pbft/repeat-03/pbft/node-1.log,193,E20260701 02:15:40.601191    79 consensus_manager.cpp:264] CHATAY_HS1_COLD_START heartbeat_receive_enter ts_ms=1782872140601 self=1
pbft,repeat-03,1,bootstrap_heartbeat_receive,1782872140611,pbft/repeat-03/pbft/node-1.log,195,E20260701 02:15:40.611941    85 consensus_manager.cpp:264] CHATAY_HS1_COLD_START heartbeat_receive_enter ts_ms=1782872140611 self=1
pbft,repeat-03,1,bootstrap_heartbeat_receive,1782872141076,pbft/repeat-03/pbft/node-1.log,197,E20260701 02:15:41.076864    86 consensus_manager.cpp:264] CHATAY_HS1_COLD_START heartbeat_receive_enter ts_ms=1782872141076 self=1
pbft,repeat-03,1,bootstrap_heartbeat_send,1782872141077,pbft/repeat-03/pbft/node-1.log,199,E20260701 02:15:41.077055    86 consensus_manager.cpp:147] CHATAY_HS1_COLD_START heartbeat_send_start ts_ms=1782872141077 self=1 known_public_keys=5 all_replicas=4 current_ready=1
pbft,repeat-03,1,bootstrap_heartbeat_receive,1782872141077,pbft/repeat-03/pbft/node-1.log,204,E20260701 02:15:41.077558    79 consensus_manager.cpp:264] CHATAY_HS1_COLD_START heartbeat_receive_enter ts_ms=1782872141077 self=1
pbft,repeat-03,1,bootstrap_heartbeat_receive,1782872141077,pbft/repeat-03/pbft/node-1.log,205,E20260701 02:15:41.077589    81 consensus_manager.cpp:264] CHATAY_HS1_COLD_START heartbeat_receive_enter ts_ms=1782872141077 self=1
pbft,repeat-03,1,bootstrap_heartbeat_receive,1782872141078,pbft/repeat-03/pbft/node-1.log,206,E20260701 02:15:41.078955    80 consensus_manager.cpp:264] CHATAY_HS1_COLD_START heartbeat_receive_enter ts_ms=1782872141078 self=1
pbft,repeat-03,1,bootstrap_heartbeat_receive,1782872141078,pbft/repeat-03/pbft/node-1.log,207,E20260701 02:15:41.078975    82 consensus_manager.cpp:264] CHATAY_HS1_COLD_START heartbeat_receive_enter ts_ms=1782872141078 self=1
pbft,repeat-03,1,bootstrap_heartbeat_receive,1782872141079,pbft/repeat-03/pbft/node-1.log,210,E20260701 02:15:41.079710    86 consensus_manager.cpp:264] CHATAY_HS1_COLD_START heartbeat_receive_enter ts_ms=1782872141079 self=1
pbft,repeat-03,1,bootstrap_heartbeat_receive,1782872141086,pbft/repeat-03/pbft/node-1.log,214,E20260701 02:15:41.086369    84 consensus_manager.cpp:264] CHATAY_HS1_COLD_START heartbeat_receive_enter ts_ms=1782872141086 self=1
pbft,repeat-03,1,bootstrap_heartbeat_receive,1782872141090,pbft/repeat-03/pbft/node-1.log,216,E20260701 02:15:41.090147    81 consensus_manager.cpp:264] CHATAY_HS1_COLD_START heartbeat_receive_enter ts_ms=1782872141090 self=1
pbft,repeat-03,1,bootstrap_heartbeat_receive,1782872141090,pbft/repeat-03/pbft/node-1.log,218,E20260701 02:15:41.090973    75 consensus_manager.cpp:264] CHATAY_HS1_COLD_START heartbeat_receive_enter ts_ms=1782872141090 self=1
pbft,repeat-03,1,bootstrap_heartbeat_send,1782872141091,pbft/repeat-03/pbft/node-1.log,220,E20260701 02:15:41.091703    71 consensus_manager.cpp:147] CHATAY_HS1_COLD_START heartbeat_send_start ts_ms=1782872141091 self=1 known_public_keys=5 all_replicas=4 current_ready=1
pbft,repeat-03,1,bootstrap_heartbeat_receive,1782872141093,pbft/repeat-03/pbft/node-1.log,225,E20260701 02:15:41.093667    78 consensus_manager.cpp:264] CHATAY_HS1_COLD_START heartbeat_receive_enter ts_ms=1782872141093 self=1
pbft,repeat-03,1,bootstrap_heartbeat_receive,1782872141102,pbft/repeat-03/pbft/node-1.log,227,E20260701 02:15:41.102944    74 consensus_manager.cpp:264] CHATAY_HS1_COLD_START heartbeat_receive_enter ts_ms=1782872141102 self=1
pbft,repeat-03,1,bootstrap_heartbeat_receive,1782872141114,pbft/repeat-03/pbft/node-1.log,229,E20260701 02:15:41.114351    78 consensus_manager.cpp:264] CHATAY_HS1_COLD_START heartbeat_receive_enter ts_ms=1782872141114 self=1
pbft,repeat-03,1,bootstrap_heartbeat_receive,1782872141579,pbft/repeat-03/pbft/node-1.log,231,E20260701 02:15:41.579653    84 consensus_manager.cpp:264] CHATAY_HS1_COLD_START heartbeat_receive_enter ts_ms=1782872141579 self=1
pbft,repeat-03,1,pbft_commit,20260701 02:15:41.767114,pbft/repeat-03/pbft/node-1.log,258,E20260701 02:15:41.767114    88 message_manager.cpp:188]  seq:1 type:5 has been committed
pbft,repeat-03,1,bootstrap_heartbeat_receive,1782872142085,pbft/repeat-03/pbft/node-1.log,259,E20260701 02:15:42.085711    80 consensus_manager.cpp:264] CHATAY_HS1_COLD_START heartbeat_receive_enter ts_ms=1782872142085 self=1
pbft,repeat-03,1,pbft_commit,20260701 02:15:42.767314,pbft/repeat-03/pbft/node-1.log,285,E20260701 02:15:42.767314    86 message_manager.cpp:188]  seq:2 type:5 has been committed
pbft,repeat-03,2,config_load,1782872139554,pbft/repeat-03/pbft/node-2.log,2,E20260701 02:15:39.554419    97 resdb_config_utils.cpp:198] CHATAY_HS1_COLD_START generate_resdb_config_start ts_ms=1782872139554 config_file=/work/config/server/server.config private_key_file=/work/cert/node2.key.pri cert_file=/work/cert/cert_2.cert
pbft,repeat-03,2,config_load,1782872139554,pbft/repeat-03/pbft/node-2.log,3,E20260701 02:15:39.554510    97 resdb_config_utils.cpp:133] CHATAY_HS1_COLD_START read_config_start ts_ms=1782872139554 file=/work/config/server/server.config
pbft,repeat-03,2,config_load,1782872139555,pbft/repeat-03/pbft/node-2.log,4,E20260701 02:15:39.555351    97 resdb_config_utils.cpp:154] CHATAY_HS1_COLD_START read_config_finish ts_ms=1782872139555 duration_ms=1 file=/work/config/server/server.config bytes=292 regions=1
pbft,repeat-03,2,key_cert_load,1782872139555,pbft/repeat-03/pbft/node-2.log,5,E20260701 02:15:39.555375    97 resdb_config_utils.cpp:49] CHATAY_HS1_COLD_START read_private_key_start ts_ms=1782872139555 file=/work/cert/node2.key.pri
pbft,repeat-03,2,key_cert_load,1782872139555,pbft/repeat-03/pbft/node-2.log,6,E20260701 02:15:39.555421    97 resdb_config_utils.cpp:71] CHATAY_HS1_COLD_START read_private_key_finish ts_ms=1782872139555 duration_ms=0 file=/work/cert/node2.key.pri bytes=36 hash_type=2
pbft,repeat-03,2,key_cert_load,1782872139555,pbft/repeat-03/pbft/node-2.log,7,E20260701 02:15:39.555428    97 resdb_config_utils.cpp:82] CHATAY_HS1_COLD_START read_cert_start ts_ms=1782872139555 file=/work/cert/cert_2.cert
pbft,repeat-03,2,key_cert_load,1782872139555,pbft/repeat-03/pbft/node-2.log,8,E20260701 02:15:39.555442    97 resdb_config_utils.cpp:104] CHATAY_HS1_COLD_START read_cert_finish ts_ms=1782872139555 duration_ms=0 file=/work/cert/cert_2.cert bytes=167 node_id=2 type=0
pbft,repeat-03,2,key_cert_load,1782872139555,pbft/repeat-03/pbft/node-2.log,9,E20260701 02:15:39.555447    97 resdb_config_utils.cpp:207] CHATAY_HS1_COLD_START key_cert_loaded ts_ms=1782872139555 node_id=2 public_key_hash_type=2 private_key_hash_type=2
pbft,repeat-03,2,config_load,1782872139555,pbft/repeat-03/pbft/node-2.log,10,E20260701 02:15:39.555454    97 resdb_config_utils.cpp:231] CHATAY_HS1_COLD_START generate_resdb_config_finish ts_ms=1782872139555 duration_ms=1 self=2 custom_gen=0
pbft,repeat-03,2,network_start,1782872139567,pbft/repeat-03/pbft/node-2.log,44,E20260701 02:15:39.567049    97 service_network.cpp:50] CHATAY_HS1_COLD_START service_network_ctor_start ts_ms=1782872139567 self=2 port=25032
pbft,repeat-03,2,network_start,1782872139567,pbft/repeat-03/pbft/node-2.log,55,E20260701 02:15:39.567427    97 service_network.cpp:143] CHATAY_HS1_COLD_START service_network_service_started ts_ms=1782872139567 self=2
pbft,repeat-03,2,bootstrap_heartbeat_send,1782872139567,pbft/repeat-03/pbft/node-2.log,56,E20260701 02:15:39.567489   128 consensus_manager.cpp:147] CHATAY_HS1_COLD_START heartbeat_send_start ts_ms=1782872139567 self=2 known_public_keys=1 all_replicas=4 current_ready=0
pbft,repeat-03,2,network_start,1782872139567,pbft/repeat-03/pbft/node-2.log,60,E20260701 02:15:39.567545    97 service_network.cpp:151] CHATAY_HS1_COLD_START service_network_acceptor_run_enter ts_ms=1782872139567 self=2
pbft,repeat-03,2,bootstrap_heartbeat_receive,1782872139571,pbft/repeat-03/pbft/node-2.log,78,E20260701 02:15:39.571878   148 consensus_manager.cpp:264] CHATAY_HS1_COLD_START heartbeat_receive_enter ts_ms=1782872139571 self=2
pbft,repeat-03,2,bootstrap_heartbeat_receive,1782872139571,pbft/repeat-03/pbft/node-2.log,79,E20260701 02:15:39.571908   132 consensus_manager.cpp:264] CHATAY_HS1_COLD_START heartbeat_receive_enter ts_ms=1782872139571 self=2
pbft,repeat-03,2,bootstrap_heartbeat_send,1782872139578,pbft/repeat-03/pbft/node-2.log,81,E20260701 02:15:39.578085   148 consensus_manager.cpp:147] CHATAY_HS1_COLD_START heartbeat_send_start ts_ms=1782872139578 self=2 known_public_keys=1 all_replicas=4 current_ready=0
pbft,repeat-03,2,bootstrap_heartbeat_receive,1782872139578,pbft/repeat-03/pbft/node-2.log,98,E20260701 02:15:39.578531   140 consensus_manager.cpp:264] CHATAY_HS1_COLD_START heartbeat_receive_enter ts_ms=1782872139578 self=2
pbft,repeat-03,2,bootstrap_heartbeat_send,1782872139588,pbft/repeat-03/pbft/node-2.log,100,E20260701 02:15:39.588914   132 consensus_manager.cpp:147] CHATAY_HS1_COLD_START heartbeat_send_start ts_ms=1782872139588 self=2 known_public_keys=2 all_replicas=4 current_ready=0
pbft,repeat-03,2,bootstrap_heartbeat_receive,1782872139589,pbft/repeat-03/pbft/node-2.log,117,E20260701 02:15:39.589447   146 consensus_manager.cpp:264] CHATAY_HS1_COLD_START heartbeat_receive_enter ts_ms=1782872139589 self=2
pbft,repeat-03,2,bootstrap_heartbeat_receive,1782872140068,pbft/repeat-03/pbft/node-2.log,120,E20260701 02:15:40.068605   141 consensus_manager.cpp:264] CHATAY_HS1_COLD_START heartbeat_receive_enter ts_ms=1782872140068 self=2
pbft,repeat-03,2,bootstrap_heartbeat_send,1782872140068,pbft/repeat-03/pbft/node-2.log,122,E20260701 02:15:40.068740   141 consensus_manager.cpp:147] CHATAY_HS1_COLD_START heartbeat_send_start ts_ms=1782872140068 self=2 known_public_keys=3 all_replicas=4 current_ready=0
pbft,repeat-03,2,bootstrap_heartbeat_receive,1782872140069,pbft/repeat-03/pbft/node-2.log,133,E20260701 02:15:40.069361   138 consensus_manager.cpp:264] CHATAY_HS1_COLD_START heartbeat_receive_enter ts_ms=1782872140069 self=2
pbft,repeat-03,2,bootstrap_heartbeat_receive,1782872140069,pbft/repeat-03/pbft/node-2.log,134,E20260701 02:15:40.069387   143 consensus_manager.cpp:264] CHATAY_HS1_COLD_START heartbeat_receive_enter ts_ms=1782872140069 self=2
pbft,repeat-03,2,bootstrap_heartbeat_receive,1782872140079,pbft/repeat-03/pbft/node-2.log,136,E20260701 02:15:40.079269   146 consensus_manager.cpp:264] CHATAY_HS1_COLD_START heartbeat_receive_enter ts_ms=1782872140079 self=2
pbft,repeat-03,2,readiness,1782872140079,pbft/repeat-03/pbft/node-2.log,137,E20260701 02:15:40.079316   138 consensus_manager.cpp:343] CHATAY_HS1_COLD_START readiness_reached ts_ms=1782872140079 self=2 replica_num=3 quorum=3 sender=2
pbft,repeat-03,2,readiness,20260701 02:15:40.079324,pbft/repeat-03/pbft/node-2.log,138,E20260701 02:15:40.079324   138 consensus_manager.cpp:349] ============ Server 2 is ready =====================
pbft,repeat-03,2,bootstrap_heartbeat_receive,1782872140080,pbft/repeat-03/pbft/node-2.log,141,E20260701 02:15:40.080168   146 consensus_manager.cpp:264] CHATAY_HS1_COLD_START heartbeat_receive_enter ts_ms=1782872140080 self=2
pbft,repeat-03,2,bootstrap_heartbeat_receive,1782872140090,pbft/repeat-03/pbft/node-2.log,143,E20260701 02:15:40.090041   142 consensus_manager.cpp:264] CHATAY_HS1_COLD_START heartbeat_receive_enter ts_ms=1782872140090 self=2
pbft,repeat-03,2,bootstrap_heartbeat_receive,1782872140100,pbft/repeat-03/pbft/node-2.log,145,E20260701 02:15:40.100854   142 consensus_manager.cpp:264] CHATAY_HS1_COLD_START heartbeat_receive_enter ts_ms=1782872140100 self=2
pbft,repeat-03,2,bootstrap_heartbeat_receive,1782872140568,pbft/repeat-03/pbft/node-2.log,147,E20260701 02:15:40.568962   136 consensus_manager.cpp:264] CHATAY_HS1_COLD_START heartbeat_receive_enter ts_ms=1782872140568 self=2
pbft,repeat-03,2,bootstrap_heartbeat_send,1782872140569,pbft/repeat-03/pbft/node-2.log,149,E20260701 02:15:40.569087   136 consensus_manager.cpp:147] CHATAY_HS1_COLD_START heartbeat_send_start ts_ms=1782872140569 self=2 known_public_keys=4 all_replicas=4 current_ready=1
pbft,repeat-03,2,bootstrap_heartbeat_receive,1782872140569,pbft/repeat-03/pbft/node-2.log,154,E20260701 02:15:40.569339   138 consensus_manager.cpp:264] CHATAY_HS1_COLD_START heartbeat_receive_enter ts_ms=1782872140569 self=2
pbft,repeat-03,2,bootstrap_heartbeat_receive,1782872140569,pbft/repeat-03/pbft/node-2.log,155,E20260701 02:15:40.569351   139 consensus_manager.cpp:264] CHATAY_HS1_COLD_START heartbeat_receive_enter ts_ms=1782872140569 self=2
pbft,repeat-03,2,bootstrap_heartbeat_receive,1782872140569,pbft/repeat-03/pbft/node-2.log,156,E20260701 02:15:40.569358   144 consensus_manager.cpp:264] CHATAY_HS1_COLD_START heartbeat_receive_enter ts_ms=1782872140569 self=2
pbft,repeat-03,2,bootstrap_heartbeat_receive,1782872140579,pbft/repeat-03/pbft/node-2.log,158,E20260701 02:15:40.579628   132 consensus_manager.cpp:264] CHATAY_HS1_COLD_START heartbeat_receive_enter ts_ms=1782872140579 self=2
pbft,repeat-03,2,bootstrap_heartbeat_send,1782872140580,pbft/repeat-03/pbft/node-2.log,161,E20260701 02:15:40.580703   128 consensus_manager.cpp:147] CHATAY_HS1_COLD_START heartbeat_send_start ts_ms=1782872140580 self=2 known_public_keys=4 all_replicas=4 current_ready=1
pbft,repeat-03,2,bootstrap_heartbeat_receive,1782872140581,pbft/repeat-03/pbft/node-2.log,166,E20260701 02:15:40.581067   143 consensus_manager.cpp:264] CHATAY_HS1_COLD_START heartbeat_receive_enter ts_ms=1782872140581 self=2
pbft,repeat-03,2,bootstrap_heartbeat_receive,1782872140590,pbft/repeat-03/pbft/node-2.log,167,E20260701 02:15:40.590340   138 consensus_manager.cpp:264] CHATAY_HS1_COLD_START heartbeat_receive_enter ts_ms=1782872140590 self=2
pbft,repeat-03,2,bootstrap_heartbeat_receive,1782872140601,pbft/repeat-03/pbft/node-2.log,171,E20260701 02:15:40.601210   134 consensus_manager.cpp:264] CHATAY_HS1_COLD_START heartbeat_receive_enter ts_ms=1782872140601 self=2
pbft,repeat-03,2,bootstrap_heartbeat_receive,1782872140611,pbft/repeat-03/pbft/node-2.log,173,E20260701 02:15:40.611929   132 consensus_manager.cpp:264] CHATAY_HS1_COLD_START heartbeat_receive_enter ts_ms=1782872140611 self=2
pbft,repeat-03,2,bootstrap_heartbeat_receive,1782872141075,pbft/repeat-03/pbft/node-2.log,175,E20260701 02:15:41.074997   136 consensus_manager.cpp:264] CHATAY_HS1_COLD_START heartbeat_receive_enter ts_ms=1782872141075 self=2
pbft,repeat-03,2,bootstrap_heartbeat_send,1782872141075,pbft/repeat-03/pbft/node-2.log,177,E20260701 02:15:41.075158   136 consensus_manager.cpp:147] CHATAY_HS1_COLD_START heartbeat_send_start ts_ms=1782872141075 self=2 known_public_keys=5 all_replicas=4 current_ready=1
pbft,repeat-03,2,bootstrap_heartbeat_receive,1782872141075,pbft/repeat-03/pbft/node-2.log,182,E20260701 02:15:41.075845   139 consensus_manager.cpp:264] CHATAY_HS1_COLD_START heartbeat_receive_enter ts_ms=1782872141075 self=2
pbft,repeat-03,2,bootstrap_heartbeat_receive,1782872141077,pbft/repeat-03/pbft/node-2.log,183,E20260701 02:15:41.077468   133 consensus_manager.cpp:264] CHATAY_HS1_COLD_START heartbeat_receive_enter ts_ms=1782872141077 self=2
pbft,repeat-03,2,bootstrap_heartbeat_receive,1782872141079,pbft/repeat-03/pbft/node-2.log,184,E20260701 02:15:41.079020   143 consensus_manager.cpp:264] CHATAY_HS1_COLD_START heartbeat_receive_enter ts_ms=1782872141079 self=2
pbft,repeat-03,2,bootstrap_heartbeat_receive,1782872141079,pbft/repeat-03/pbft/node-2.log,185,E20260701 02:15:41.079041   138 consensus_manager.cpp:264] CHATAY_HS1_COLD_START heartbeat_receive_enter ts_ms=1782872141079 self=2
pbft,repeat-03,2,bootstrap_heartbeat_receive,1782872141080,pbft/repeat-03/pbft/node-2.log,186,E20260701 02:15:41.080876   145 consensus_manager.cpp:264] CHATAY_HS1_COLD_START heartbeat_receive_enter ts_ms=1782872141080 self=2
pbft,repeat-03,2,bootstrap_heartbeat_receive,1782872141089,pbft/repeat-03/pbft/node-2.log,190,E20260701 02:15:41.089269   136 consensus_manager.cpp:264] CHATAY_HS1_COLD_START heartbeat_receive_enter ts_ms=1782872141089 self=2
pbft,repeat-03,2,bootstrap_heartbeat_receive,1782872141089,pbft/repeat-03/pbft/node-2.log,191,E20260701 02:15:41.089293   133 consensus_manager.cpp:264] CHATAY_HS1_COLD_START heartbeat_receive_enter ts_ms=1782872141089 self=2
pbft,repeat-03,2,bootstrap_heartbeat_receive,1782872141091,pbft/repeat-03/pbft/node-2.log,193,E20260701 02:15:41.091917   132 consensus_manager.cpp:264] CHATAY_HS1_COLD_START heartbeat_receive_enter ts_ms=1782872141091 self=2
pbft,repeat-03,2,bootstrap_heartbeat_receive,1782872141092,pbft/repeat-03/pbft/node-2.log,194,E20260701 02:15:41.092024   148 consensus_manager.cpp:264] CHATAY_HS1_COLD_START heartbeat_receive_enter ts_ms=1782872141092 self=2
pbft,repeat-03,2,bootstrap_heartbeat_receive,1782872141102,pbft/repeat-03/pbft/node-2.log,200,E20260701 02:15:41.102988   134 consensus_manager.cpp:264] CHATAY_HS1_COLD_START heartbeat_receive_enter ts_ms=1782872141102 self=2
pbft,repeat-03,2,bootstrap_heartbeat_receive,1782872141114,pbft/repeat-03/pbft/node-2.log,202,E20260701 02:15:41.114346   139 consensus_manager.cpp:264] CHATAY_HS1_COLD_START heartbeat_receive_enter ts_ms=1782872141114 self=2
pbft,repeat-03,2,bootstrap_heartbeat_receive,1782872141579,pbft/repeat-03/pbft/node-2.log,204,E20260701 02:15:41.579676   148 consensus_manager.cpp:264] CHATAY_HS1_COLD_START heartbeat_receive_enter ts_ms=1782872141579 self=2
pbft,repeat-03,2,pbft_commit,20260701 02:15:41.767550,pbft/repeat-03/pbft/node-2.log,229,E20260701 02:15:41.767550   135 message_manager.cpp:188]  seq:1 type:5 has been committed
pbft,repeat-03,2,bootstrap_heartbeat_receive,1782872142085,pbft/repeat-03/pbft/node-2.log,230,E20260701 02:15:42.085795   136 consensus_manager.cpp:264] CHATAY_HS1_COLD_START heartbeat_receive_enter ts_ms=1782872142085 self=2
pbft,repeat-03,2,pbft_commit,20260701 02:15:42.767524,pbft/repeat-03/pbft/node-2.log,255,E20260701 02:15:42.767524   147 message_manager.cpp:188]  seq:2 type:5 has been committed
pbft,repeat-03,3,config_load,1782872140056,pbft/repeat-03/pbft/node-3.log,2,E20260701 02:15:40.056974   156 resdb_config_utils.cpp:198] CHATAY_HS1_COLD_START generate_resdb_config_start ts_ms=1782872140056 config_file=/work/config/server/server.config private_key_file=/work/cert/node3.key.pri cert_file=/work/cert/cert_3.cert
pbft,repeat-03,3,config_load,1782872140057,pbft/repeat-03/pbft/node-3.log,3,E20260701 02:15:40.057026   156 resdb_config_utils.cpp:133] CHATAY_HS1_COLD_START read_config_start ts_ms=1782872140057 file=/work/config/server/server.config
pbft,repeat-03,3,config_load,1782872140057,pbft/repeat-03/pbft/node-3.log,4,E20260701 02:15:40.057663   156 resdb_config_utils.cpp:154] CHATAY_HS1_COLD_START read_config_finish ts_ms=1782872140057 duration_ms=0 file=/work/config/server/server.config bytes=292 regions=1
pbft,repeat-03,3,key_cert_load,1782872140057,pbft/repeat-03/pbft/node-3.log,5,E20260701 02:15:40.057677   156 resdb_config_utils.cpp:49] CHATAY_HS1_COLD_START read_private_key_start ts_ms=1782872140057 file=/work/cert/node3.key.pri
pbft,repeat-03,3,key_cert_load,1782872140057,pbft/repeat-03/pbft/node-3.log,6,E20260701 02:15:40.057687   156 resdb_config_utils.cpp:71] CHATAY_HS1_COLD_START read_private_key_finish ts_ms=1782872140057 duration_ms=0 file=/work/cert/node3.key.pri bytes=36 hash_type=2
pbft,repeat-03,3,key_cert_load,1782872140057,pbft/repeat-03/pbft/node-3.log,7,E20260701 02:15:40.057690   156 resdb_config_utils.cpp:82] CHATAY_HS1_COLD_START read_cert_start ts_ms=1782872140057 file=/work/cert/cert_3.cert
pbft,repeat-03,3,key_cert_load,1782872140057,pbft/repeat-03/pbft/node-3.log,8,E20260701 02:15:40.057698   156 resdb_config_utils.cpp:104] CHATAY_HS1_COLD_START read_cert_finish ts_ms=1782872140057 duration_ms=0 file=/work/cert/cert_3.cert bytes=167 node_id=3 type=0
pbft,repeat-03,3,key_cert_load,1782872140057,pbft/repeat-03/pbft/node-3.log,9,E20260701 02:15:40.057701   156 resdb_config_utils.cpp:207] CHATAY_HS1_COLD_START key_cert_loaded ts_ms=1782872140057 node_id=3 public_key_hash_type=2 private_key_hash_type=2
pbft,repeat-03,3,config_load,1782872140057,pbft/repeat-03/pbft/node-3.log,10,E20260701 02:15:40.057705   156 resdb_config_utils.cpp:231] CHATAY_HS1_COLD_START generate_resdb_config_finish ts_ms=1782872140057 duration_ms=1 self=3 custom_gen=0
pbft,repeat-03,3,network_start,1782872140067,pbft/repeat-03/pbft/node-3.log,44,E20260701 02:15:40.067886   156 service_network.cpp:50] CHATAY_HS1_COLD_START service_network_ctor_start ts_ms=1782872140067 self=3 port=25033
pbft,repeat-03,3,network_start,1782872140068,pbft/repeat-03/pbft/node-3.log,53,E20260701 02:15:40.068231   156 service_network.cpp:143] CHATAY_HS1_COLD_START service_network_service_started ts_ms=1782872140068 self=3
pbft,repeat-03,3,bootstrap_heartbeat_send,1782872140068,pbft/repeat-03/pbft/node-3.log,57,E20260701 02:15:40.068269   187 consensus_manager.cpp:147] CHATAY_HS1_COLD_START heartbeat_send_start ts_ms=1782872140068 self=3 known_public_keys=1 all_replicas=4 current_ready=0
pbft,repeat-03,3,network_start,1782872140068,pbft/repeat-03/pbft/node-3.log,59,E20260701 02:15:40.068270   156 service_network.cpp:151] CHATAY_HS1_COLD_START service_network_acceptor_run_enter ts_ms=1782872140068 self=3
pbft,repeat-03,3,bootstrap_heartbeat_receive,1782872140073,pbft/repeat-03/pbft/node-3.log,72,E20260701 02:15:40.073992   208 consensus_manager.cpp:264] CHATAY_HS1_COLD_START heartbeat_receive_enter ts_ms=1782872140073 self=3
pbft,repeat-03,3,bootstrap_heartbeat_receive,1782872140074,pbft/repeat-03/pbft/node-3.log,73,E20260701 02:15:40.074009   193 consensus_manager.cpp:264] CHATAY_HS1_COLD_START heartbeat_receive_enter ts_ms=1782872140074 self=3
pbft,repeat-03,3,bootstrap_heartbeat_receive,1782872140074,pbft/repeat-03/pbft/node-3.log,74,E20260701 02:15:40.074061   195 consensus_manager.cpp:264] CHATAY_HS1_COLD_START heartbeat_receive_enter ts_ms=1782872140074 self=3
pbft,repeat-03,3,bootstrap_heartbeat_send,1782872140078,pbft/repeat-03/pbft/node-3.log,76,E20260701 02:15:40.078826   208 consensus_manager.cpp:147] CHATAY_HS1_COLD_START heartbeat_send_start ts_ms=1782872140078 self=3 known_public_keys=1 all_replicas=4 current_ready=0
pbft,repeat-03,3,bootstrap_heartbeat_receive,1782872140079,pbft/repeat-03/pbft/node-3.log,87,E20260701 02:15:40.079228   205 consensus_manager.cpp:264] CHATAY_HS1_COLD_START heartbeat_receive_enter ts_ms=1782872140079 self=3
pbft,repeat-03,3,bootstrap_heartbeat_receive,1782872140080,pbft/repeat-03/pbft/node-3.log,88,E20260701 02:15:40.080359   199 consensus_manager.cpp:264] CHATAY_HS1_COLD_START heartbeat_receive_enter ts_ms=1782872140080 self=3
pbft,repeat-03,3,bootstrap_heartbeat_send,1782872140089,pbft/repeat-03/pbft/node-3.log,90,E20260701 02:15:40.089668   193 consensus_manager.cpp:147] CHATAY_HS1_COLD_START heartbeat_send_start ts_ms=1782872140089 self=3 known_public_keys=3 all_replicas=4 current_ready=0
pbft,repeat-03,3,bootstrap_heartbeat_receive,1782872140090,pbft/repeat-03/pbft/node-3.log,101,E20260701 02:15:40.090044   206 consensus_manager.cpp:264] CHATAY_HS1_COLD_START heartbeat_receive_enter ts_ms=1782872140090 self=3
pbft,repeat-03,3,readiness,1782872140100,pbft/repeat-03/pbft/node-3.log,102,E20260701 02:15:40.100046   193 consensus_manager.cpp:343] CHATAY_HS1_COLD_START readiness_reached ts_ms=1782872140100 self=3 replica_num=3 quorum=3 sender=2
pbft,repeat-03,3,readiness,20260701 02:15:40.100085,pbft/repeat-03/pbft/node-3.log,103,E20260701 02:15:40.100085   193 consensus_manager.cpp:349] ============ Server 3 is ready =====================
pbft,repeat-03,3,bootstrap_heartbeat_send,1782872140100,pbft/repeat-03/pbft/node-3.log,105,E20260701 02:15:40.100428   195 consensus_manager.cpp:147] CHATAY_HS1_COLD_START heartbeat_send_start ts_ms=1782872140100 self=3 known_public_keys=3 all_replicas=4 current_ready=1
pbft,repeat-03,3,bootstrap_heartbeat_receive,1782872140100,pbft/repeat-03/pbft/node-3.log,116,E20260701 02:15:40.100993   198 consensus_manager.cpp:264] CHATAY_HS1_COLD_START heartbeat_receive_enter ts_ms=1782872140100 self=3
pbft,repeat-03,3,bootstrap_heartbeat_receive,1782872140569,pbft/repeat-03/pbft/node-3.log,121,E20260701 02:15:40.569007   195 consensus_manager.cpp:264] CHATAY_HS1_COLD_START heartbeat_receive_enter ts_ms=1782872140569 self=3
pbft,repeat-03,3,bootstrap_heartbeat_send,1782872140569,pbft/repeat-03/pbft/node-3.log,123,E20260701 02:15:40.569128   195 consensus_manager.cpp:147] CHATAY_HS1_COLD_START heartbeat_send_start ts_ms=1782872140569 self=3 known_public_keys=4 all_replicas=4 current_ready=1
pbft,repeat-03,3,bootstrap_heartbeat_receive,1782872140569,pbft/repeat-03/pbft/node-3.log,128,E20260701 02:15:40.569342   208 consensus_manager.cpp:264] CHATAY_HS1_COLD_START heartbeat_receive_enter ts_ms=1782872140569 self=3
pbft,repeat-03,3,bootstrap_heartbeat_receive,1782872140569,pbft/repeat-03/pbft/node-3.log,129,E20260701 02:15:40.569348   196 consensus_manager.cpp:264] CHATAY_HS1_COLD_START heartbeat_receive_enter ts_ms=1782872140569 self=3
pbft,repeat-03,3,bootstrap_heartbeat_receive,1782872140569,pbft/repeat-03/pbft/node-3.log,130,E20260701 02:15:40.569494   200 consensus_manager.cpp:264] CHATAY_HS1_COLD_START heartbeat_receive_enter ts_ms=1782872140569 self=3
pbft,repeat-03,3,bootstrap_heartbeat_receive,1782872140579,pbft/repeat-03/pbft/node-3.log,132,E20260701 02:15:40.579648   198 consensus_manager.cpp:264] CHATAY_HS1_COLD_START heartbeat_receive_enter ts_ms=1782872140579 self=3
pbft,repeat-03,3,bootstrap_heartbeat_receive,1782872140581,pbft/repeat-03/pbft/node-3.log,136,E20260701 02:15:40.581053   199 consensus_manager.cpp:264] CHATAY_HS1_COLD_START heartbeat_receive_enter ts_ms=1782872140581 self=3
pbft,repeat-03,3,bootstrap_heartbeat_receive,1782872140590,pbft/repeat-03/pbft/node-3.log,138,E20260701 02:15:40.590309   205 consensus_manager.cpp:264] CHATAY_HS1_COLD_START heartbeat_receive_enter ts_ms=1782872140590 self=3
pbft,repeat-03,3,bootstrap_heartbeat_receive,1782872140601,pbft/repeat-03/pbft/node-3.log,140,E20260701 02:15:40.601202   206 consensus_manager.cpp:264] CHATAY_HS1_COLD_START heartbeat_receive_enter ts_ms=1782872140601 self=3
pbft,repeat-03,3,bootstrap_heartbeat_receive,1782872140611,pbft/repeat-03/pbft/node-3.log,142,E20260701 02:15:40.611922   201 consensus_manager.cpp:264] CHATAY_HS1_COLD_START heartbeat_receive_enter ts_ms=1782872140611 self=3
pbft,repeat-03,3,bootstrap_heartbeat_receive,1782872141077,pbft/repeat-03/pbft/node-3.log,144,E20260701 02:15:41.077720   204 consensus_manager.cpp:264] CHATAY_HS1_COLD_START heartbeat_receive_enter ts_ms=1782872141077 self=3
pbft,repeat-03,3,bootstrap_heartbeat_receive,1782872141078,pbft/repeat-03/pbft/node-3.log,146,E20260701 02:15:41.078169   204 consensus_manager.cpp:264] CHATAY_HS1_COLD_START heartbeat_receive_enter ts_ms=1782872141078 self=3
pbft,repeat-03,3,bootstrap_heartbeat_send,1782872141078,pbft/repeat-03/pbft/node-3.log,148,E20260701 02:15:41.078415   204 consensus_manager.cpp:147] CHATAY_HS1_COLD_START heartbeat_send_start ts_ms=1782872141078 self=3 known_public_keys=5 all_replicas=4 current_ready=1
pbft,repeat-03,3,bootstrap_heartbeat_receive,1782872141078,pbft/repeat-03/pbft/node-3.log,152,E20260701 02:15:41.078542   199 consensus_manager.cpp:264] CHATAY_HS1_COLD_START heartbeat_receive_enter ts_ms=1782872141078 self=3
pbft,repeat-03,3,bootstrap_heartbeat_receive,1782872141078,pbft/repeat-03/pbft/node-3.log,154,E20260701 02:15:41.078898   205 consensus_manager.cpp:264] CHATAY_HS1_COLD_START heartbeat_receive_enter ts_ms=1782872141078 self=3
pbft,repeat-03,3,bootstrap_heartbeat_receive,1782872141078,pbft/repeat-03/pbft/node-3.log,155,E20260701 02:15:41.078915   208 consensus_manager.cpp:264] CHATAY_HS1_COLD_START heartbeat_receive_enter ts_ms=1782872141078 self=3
pbft,repeat-03,3,bootstrap_heartbeat_send,1782872141079,pbft/repeat-03/pbft/node-3.log,157,E20260701 02:15:41.079476   187 consensus_manager.cpp:147] CHATAY_HS1_COLD_START heartbeat_send_start ts_ms=1782872141079 self=3 known_public_keys=5 all_replicas=4 current_ready=1
pbft,repeat-03,3,bootstrap_heartbeat_receive,1782872141080,pbft/repeat-03/pbft/node-3.log,163,E20260701 02:15:41.080415   205 consensus_manager.cpp:264] CHATAY_HS1_COLD_START heartbeat_receive_enter ts_ms=1782872141080 self=3
pbft,repeat-03,3,bootstrap_heartbeat_receive,1782872141086,pbft/repeat-03/pbft/node-3.log,166,E20260701 02:15:41.086328   208 consensus_manager.cpp:264] CHATAY_HS1_COLD_START heartbeat_receive_enter ts_ms=1782872141086 self=3
pbft,repeat-03,3,bootstrap_heartbeat_receive,1782872141090,pbft/repeat-03/pbft/node-3.log,168,E20260701 02:15:41.090703   196 consensus_manager.cpp:264] CHATAY_HS1_COLD_START heartbeat_receive_enter ts_ms=1782872141090 self=3
pbft,repeat-03,3,bootstrap_heartbeat_receive,1782872141091,pbft/repeat-03/pbft/node-3.log,170,E20260701 02:15:41.091415   195 consensus_manager.cpp:264] CHATAY_HS1_COLD_START heartbeat_receive_enter ts_ms=1782872141091 self=3
pbft,repeat-03,3,bootstrap_heartbeat_receive,1782872141092,pbft/repeat-03/pbft/node-3.log,172,E20260701 02:15:41.092499   200 consensus_manager.cpp:264] CHATAY_HS1_COLD_START heartbeat_receive_enter ts_ms=1782872141092 self=3
pbft,repeat-03,3,bootstrap_heartbeat_receive,1782872141102,pbft/repeat-03/pbft/node-3.log,174,E20260701 02:15:41.102986   195 consensus_manager.cpp:264] CHATAY_HS1_COLD_START heartbeat_receive_enter ts_ms=1782872141102 self=3
pbft,repeat-03,3,bootstrap_heartbeat_receive,1782872141114,pbft/repeat-03/pbft/node-3.log,176,E20260701 02:15:41.114354   200 consensus_manager.cpp:264] CHATAY_HS1_COLD_START heartbeat_receive_enter ts_ms=1782872141114 self=3
pbft,repeat-03,3,bootstrap_heartbeat_receive,1782872141579,pbft/repeat-03/pbft/node-3.log,178,E20260701 02:15:41.579833   200 consensus_manager.cpp:264] CHATAY_HS1_COLD_START heartbeat_receive_enter ts_ms=1782872141579 self=3
pbft,repeat-03,3,pbft_commit,20260701 02:15:41.767555,pbft/repeat-03/pbft/node-3.log,203,E20260701 02:15:41.767555   198 message_manager.cpp:188]  seq:1 type:5 has been committed
pbft,repeat-03,3,bootstrap_heartbeat_receive,1782872142085,pbft/repeat-03/pbft/node-3.log,204,E20260701 02:15:42.085837   203 consensus_manager.cpp:264] CHATAY_HS1_COLD_START heartbeat_receive_enter ts_ms=1782872142085 self=3
pbft,repeat-03,3,pbft_commit,20260701 02:15:42.767282,pbft/repeat-03/pbft/node-3.log,227,E20260701 02:15:42.767282   202 message_manager.cpp:188]  seq:2 type:5 has been committed
pbft,repeat-03,4,config_load,1782872140559,pbft/repeat-03/pbft/node-4.log,2,E20260701 02:15:40.559649   218 resdb_config_utils.cpp:198] CHATAY_HS1_COLD_START generate_resdb_config_start ts_ms=1782872140559 config_file=/work/config/server/server.config private_key_file=/work/cert/node4.key.pri cert_file=/work/cert/cert_4.cert
pbft,repeat-03,4,config_load,1782872140559,pbft/repeat-03/pbft/node-4.log,3,E20260701 02:15:40.559788   218 resdb_config_utils.cpp:133] CHATAY_HS1_COLD_START read_config_start ts_ms=1782872140559 file=/work/config/server/server.config
pbft,repeat-03,4,config_load,1782872140560,pbft/repeat-03/pbft/node-4.log,4,E20260701 02:15:40.560497   218 resdb_config_utils.cpp:154] CHATAY_HS1_COLD_START read_config_finish ts_ms=1782872140560 duration_ms=1 file=/work/config/server/server.config bytes=292 regions=1
pbft,repeat-03,4,key_cert_load,1782872140560,pbft/repeat-03/pbft/node-4.log,5,E20260701 02:15:40.560511   218 resdb_config_utils.cpp:49] CHATAY_HS1_COLD_START read_private_key_start ts_ms=1782872140560 file=/work/cert/node4.key.pri
pbft,repeat-03,4,key_cert_load,1782872140560,pbft/repeat-03/pbft/node-4.log,6,E20260701 02:15:40.560523   218 resdb_config_utils.cpp:71] CHATAY_HS1_COLD_START read_private_key_finish ts_ms=1782872140560 duration_ms=0 file=/work/cert/node4.key.pri bytes=36 hash_type=2
pbft,repeat-03,4,key_cert_load,1782872140560,pbft/repeat-03/pbft/node-4.log,7,E20260701 02:15:40.560525   218 resdb_config_utils.cpp:82] CHATAY_HS1_COLD_START read_cert_start ts_ms=1782872140560 file=/work/cert/cert_4.cert
pbft,repeat-03,4,key_cert_load,1782872140560,pbft/repeat-03/pbft/node-4.log,8,E20260701 02:15:40.560534   218 resdb_config_utils.cpp:104] CHATAY_HS1_COLD_START read_cert_finish ts_ms=1782872140560 duration_ms=0 file=/work/cert/cert_4.cert bytes=167 node_id=4 type=0
pbft,repeat-03,4,key_cert_load,1782872140560,pbft/repeat-03/pbft/node-4.log,9,E20260701 02:15:40.560536   218 resdb_config_utils.cpp:207] CHATAY_HS1_COLD_START key_cert_loaded ts_ms=1782872140560 node_id=4 public_key_hash_type=2 private_key_hash_type=2
pbft,repeat-03,4,config_load,1782872140560,pbft/repeat-03/pbft/node-4.log,10,E20260701 02:15:40.560539   218 resdb_config_utils.cpp:231] CHATAY_HS1_COLD_START generate_resdb_config_finish ts_ms=1782872140560 duration_ms=1 self=4 custom_gen=0
pbft,repeat-03,4,network_start,1782872140568,pbft/repeat-03/pbft/node-4.log,44,E20260701 02:15:40.568131   218 service_network.cpp:50] CHATAY_HS1_COLD_START service_network_ctor_start ts_ms=1782872140568 self=4 port=25034
pbft,repeat-03,4,network_start,1782872140568,pbft/repeat-03/pbft/node-4.log,53,E20260701 02:15:40.568487   218 service_network.cpp:143] CHATAY_HS1_COLD_START service_network_service_started ts_ms=1782872140568 self=4
pbft,repeat-03,4,network_start,1782872140568,pbft/repeat-03/pbft/node-4.log,55,E20260701 02:15:40.568539   218 service_network.cpp:151] CHATAY_HS1_COLD_START service_network_acceptor_run_enter ts_ms=1782872140568 self=4
pbft,repeat-03,4,bootstrap_heartbeat_send,1782872140568,pbft/repeat-03/pbft/node-4.log,61,E20260701 02:15:40.568576   249 consensus_manager.cpp:147] CHATAY_HS1_COLD_START heartbeat_send_start ts_ms=1782872140568 self=4 known_public_keys=1 all_replicas=4 current_ready=0
pbft,repeat-03,4,bootstrap_heartbeat_receive,1782872140572,pbft/repeat-03/pbft/node-4.log,66,E20260701 02:15:40.572700   271 consensus_manager.cpp:264] CHATAY_HS1_COLD_START heartbeat_receive_enter ts_ms=1782872140572 self=4
pbft,repeat-03,4,bootstrap_heartbeat_receive,1782872140572,pbft/repeat-03/pbft/node-4.log,67,E20260701 02:15:40.572716   258 consensus_manager.cpp:264] CHATAY_HS1_COLD_START heartbeat_receive_enter ts_ms=1782872140572 self=4
pbft,repeat-03,4,bootstrap_heartbeat_receive,1782872140572,pbft/repeat-03/pbft/node-4.log,68,E20260701 02:15:40.572731   270 consensus_manager.cpp:264] CHATAY_HS1_COLD_START heartbeat_receive_enter ts_ms=1782872140572 self=4
pbft,repeat-03,4,bootstrap_heartbeat_receive,1782872140572,pbft/repeat-03/pbft/node-4.log,69,E20260701 02:15:40.572701   252 consensus_manager.cpp:264] CHATAY_HS1_COLD_START heartbeat_receive_enter ts_ms=1782872140572 self=4
pbft,repeat-03,4,bootstrap_heartbeat_send,1782872140579,pbft/repeat-03/pbft/node-4.log,71,E20260701 02:15:40.579317   271 consensus_manager.cpp:147] CHATAY_HS1_COLD_START heartbeat_send_start ts_ms=1782872140579 self=4 known_public_keys=1 all_replicas=4 current_ready=0
pbft,repeat-03,4,bootstrap_heartbeat_receive,1782872140579,pbft/repeat-03/pbft/node-4.log,76,E20260701 02:15:40.579623   265 consensus_manager.cpp:264] CHATAY_HS1_COLD_START heartbeat_receive_enter ts_ms=1782872140579 self=4
pbft,repeat-03,4,bootstrap_heartbeat_receive,1782872140581,pbft/repeat-03/pbft/node-4.log,77,E20260701 02:15:40.581103   267 consensus_manager.cpp:264] CHATAY_HS1_COLD_START heartbeat_receive_enter ts_ms=1782872140581 self=4
pbft,repeat-03,4,bootstrap_heartbeat_send,1782872140589,pbft/repeat-03/pbft/node-4.log,79,E20260701 02:15:40.589972   258 consensus_manager.cpp:147] CHATAY_HS1_COLD_START heartbeat_send_start ts_ms=1782872140589 self=4 known_public_keys=4 all_replicas=4 current_ready=0
pbft,repeat-03,4,bootstrap_heartbeat_receive,1782872140590,pbft/repeat-03/pbft/node-4.log,84,E20260701 02:15:40.590277   261 consensus_manager.cpp:264] CHATAY_HS1_COLD_START heartbeat_receive_enter ts_ms=1782872140590 self=4
pbft,repeat-03,4,readiness,1782872140600,pbft/repeat-03/pbft/node-4.log,85,E20260701 02:15:40.600468   258 consensus_manager.cpp:343] CHATAY_HS1_COLD_START readiness_reached ts_ms=1782872140600 self=4 replica_num=4 quorum=3 sender=1
pbft,repeat-03,4,readiness,20260701 02:15:40.600493,pbft/repeat-03/pbft/node-4.log,86,E20260701 02:15:40.600493   258 consensus_manager.cpp:349] ============ Server 4 is ready =====================
pbft,repeat-03,4,bootstrap_heartbeat_send,1782872140600,pbft/repeat-03/pbft/node-4.log,88,E20260701 02:15:40.600878   270 consensus_manager.cpp:147] CHATAY_HS1_COLD_START heartbeat_send_start ts_ms=1782872140600 self=4 known_public_keys=4 all_replicas=4 current_ready=1
pbft,repeat-03,4,bootstrap_heartbeat_receive,1782872140601,pbft/repeat-03/pbft/node-4.log,93,E20260701 02:15:40.601234   260 consensus_manager.cpp:264] CHATAY_HS1_COLD_START heartbeat_receive_enter ts_ms=1782872140601 self=4
pbft,repeat-03,4,bootstrap_heartbeat_send,1782872140611,pbft/repeat-03/pbft/node-4.log,95,E20260701 02:15:40.611577   252 consensus_manager.cpp:147] CHATAY_HS1_COLD_START heartbeat_send_start ts_ms=1782872140611 self=4 known_public_keys=4 all_replicas=4 current_ready=1
pbft,repeat-03,4,bootstrap_heartbeat_receive,1782872140611,pbft/repeat-03/pbft/node-4.log,100,E20260701 02:15:40.611955   262 consensus_manager.cpp:264] CHATAY_HS1_COLD_START heartbeat_receive_enter ts_ms=1782872140611 self=4
pbft,repeat-03,4,bootstrap_heartbeat_receive,1782872141077,pbft/repeat-03/pbft/node-4.log,106,E20260701 02:15:41.077785   259 consensus_manager.cpp:264] CHATAY_HS1_COLD_START heartbeat_receive_enter ts_ms=1782872141077 self=4
pbft,repeat-03,4,bootstrap_heartbeat_receive,1782872141078,pbft/repeat-03/pbft/node-4.log,108,E20260701 02:15:41.078274   259 consensus_manager.cpp:264] CHATAY_HS1_COLD_START heartbeat_receive_enter ts_ms=1782872141078 self=4
pbft,repeat-03,4,bootstrap_heartbeat_send,1782872141078,pbft/repeat-03/pbft/node-4.log,110,E20260701 02:15:41.078379   259 consensus_manager.cpp:147] CHATAY_HS1_COLD_START heartbeat_send_start ts_ms=1782872141078 self=4 known_public_keys=5 all_replicas=4 current_ready=1
pbft,repeat-03,4,bootstrap_heartbeat_receive,1782872141078,pbft/repeat-03/pbft/node-4.log,114,E20260701 02:15:41.078504   267 consensus_manager.cpp:264] CHATAY_HS1_COLD_START heartbeat_receive_enter ts_ms=1782872141078 self=4
pbft,repeat-03,4,bootstrap_heartbeat_receive,1782872141078,pbft/repeat-03/pbft/node-4.log,116,E20260701 02:15:41.078853   257 consensus_manager.cpp:264] CHATAY_HS1_COLD_START heartbeat_receive_enter ts_ms=1782872141078 self=4
pbft,repeat-03,4,bootstrap_heartbeat_receive,1782872141078,pbft/repeat-03/pbft/node-4.log,117,E20260701 02:15:41.078887   263 consensus_manager.cpp:264] CHATAY_HS1_COLD_START heartbeat_receive_enter ts_ms=1782872141078 self=4
pbft,repeat-03,4,bootstrap_heartbeat_receive,1782872141079,pbft/repeat-03/pbft/node-4.log,120,E20260701 02:15:41.079887   267 consensus_manager.cpp:264] CHATAY_HS1_COLD_START heartbeat_receive_enter ts_ms=1782872141079 self=4
pbft,repeat-03,4,bootstrap_heartbeat_receive,1782872141087,pbft/repeat-03/pbft/node-4.log,123,E20260701 02:15:41.087086   261 consensus_manager.cpp:264] CHATAY_HS1_COLD_START heartbeat_receive_enter ts_ms=1782872141087 self=4
pbft,repeat-03,4,bootstrap_heartbeat_receive,1782872141088,pbft/repeat-03/pbft/node-4.log,125,E20260701 02:15:41.088583   265 consensus_manager.cpp:264] CHATAY_HS1_COLD_START heartbeat_receive_enter ts_ms=1782872141088 self=4
pbft,repeat-03,4,bootstrap_heartbeat_receive,1782872141091,pbft/repeat-03/pbft/node-4.log,127,E20260701 02:15:41.091507   262 consensus_manager.cpp:264] CHATAY_HS1_COLD_START heartbeat_receive_enter ts_ms=1782872141091 self=4
pbft,repeat-03,4,bootstrap_heartbeat_receive,1782872141092,pbft/repeat-03/pbft/node-4.log,129,E20260701 02:15:41.092123   262 consensus_manager.cpp:264] CHATAY_HS1_COLD_START heartbeat_receive_enter ts_ms=1782872141092 self=4
pbft,repeat-03,4,bootstrap_heartbeat_receive,1782872141103,pbft/repeat-03/pbft/node-4.log,131,E20260701 02:15:41.103124   270 consensus_manager.cpp:264] CHATAY_HS1_COLD_START heartbeat_receive_enter ts_ms=1782872141103 self=4
pbft,repeat-03,4,bootstrap_heartbeat_receive,1782872141114,pbft/repeat-03/pbft/node-4.log,133,E20260701 02:15:41.114486   268 consensus_manager.cpp:264] CHATAY_HS1_COLD_START heartbeat_receive_enter ts_ms=1782872141114 self=4
pbft,repeat-03,4,bootstrap_heartbeat_send,1782872141579,pbft/repeat-03/pbft/node-4.log,135,E20260701 02:15:41.579227   249 consensus_manager.cpp:147] CHATAY_HS1_COLD_START heartbeat_send_start ts_ms=1782872141579 self=4 known_public_keys=5 all_replicas=4 current_ready=1
pbft,repeat-03,4,bootstrap_heartbeat_receive,1782872141579,pbft/repeat-03/pbft/node-4.log,140,E20260701 02:15:41.579785   268 consensus_manager.cpp:264] CHATAY_HS1_COLD_START heartbeat_receive_enter ts_ms=1782872141579 self=4
pbft,repeat-03,4,pbft_commit,20260701 02:15:41.768019,pbft/repeat-03/pbft/node-4.log,165,E20260701 02:15:41.768019   266 message_manager.cpp:188]  seq:1 type:5 has been committed
pbft,repeat-03,4,bootstrap_heartbeat_receive,1782872142085,pbft/repeat-03/pbft/node-4.log,166,E20260701 02:15:42.085781   252 consensus_manager.cpp:264] CHATAY_HS1_COLD_START heartbeat_receive_enter ts_ms=1782872142085 self=4
pbft,repeat-03,4,pbft_commit,20260701 02:15:42.767632,pbft/repeat-03/pbft/node-4.log,190,E20260701 02:15:42.767632   265 message_manager.cpp:188]  seq:2 type:5 has been committed
pbft,repeat-03,5,config_load,1782872141062,pbft/repeat-03/pbft/node-5.log,2,E20260701 02:15:41.062579   282 resdb_config_utils.cpp:198] CHATAY_HS1_COLD_START generate_resdb_config_start ts_ms=1782872141062 config_file=/work/config/server/server.config private_key_file=/work/cert/node5.key.pri cert_file=/work/cert/cert_5.cert
pbft,repeat-03,5,config_load,1782872141062,pbft/repeat-03/pbft/node-5.log,3,E20260701 02:15:41.062639   282 resdb_config_utils.cpp:133] CHATAY_HS1_COLD_START read_config_start ts_ms=1782872141062 file=/work/config/server/server.config
pbft,repeat-03,5,config_load,1782872141063,pbft/repeat-03/pbft/node-5.log,4,E20260701 02:15:41.063331   282 resdb_config_utils.cpp:154] CHATAY_HS1_COLD_START read_config_finish ts_ms=1782872141063 duration_ms=1 file=/work/config/server/server.config bytes=292 regions=1
pbft,repeat-03,5,key_cert_load,1782872141063,pbft/repeat-03/pbft/node-5.log,5,E20260701 02:15:41.063347   282 resdb_config_utils.cpp:49] CHATAY_HS1_COLD_START read_private_key_start ts_ms=1782872141063 file=/work/cert/node5.key.pri
pbft,repeat-03,5,key_cert_load,1782872141063,pbft/repeat-03/pbft/node-5.log,6,E20260701 02:15:41.063359   282 resdb_config_utils.cpp:71] CHATAY_HS1_COLD_START read_private_key_finish ts_ms=1782872141063 duration_ms=0 file=/work/cert/node5.key.pri bytes=36 hash_type=2
pbft,repeat-03,5,key_cert_load,1782872141063,pbft/repeat-03/pbft/node-5.log,7,E20260701 02:15:41.063362   282 resdb_config_utils.cpp:82] CHATAY_HS1_COLD_START read_cert_start ts_ms=1782872141063 file=/work/cert/cert_5.cert
pbft,repeat-03,5,key_cert_load,1782872141063,pbft/repeat-03/pbft/node-5.log,8,E20260701 02:15:41.063371   282 resdb_config_utils.cpp:104] CHATAY_HS1_COLD_START read_cert_finish ts_ms=1782872141063 duration_ms=0 file=/work/cert/cert_5.cert bytes=169 node_id=5 type=1
pbft,repeat-03,5,key_cert_load,1782872141063,pbft/repeat-03/pbft/node-5.log,9,E20260701 02:15:41.063374   282 resdb_config_utils.cpp:207] CHATAY_HS1_COLD_START key_cert_loaded ts_ms=1782872141063 node_id=5 public_key_hash_type=2 private_key_hash_type=2
pbft,repeat-03,5,config_load,1782872141063,pbft/repeat-03/pbft/node-5.log,10,E20260701 02:15:41.063378   282 resdb_config_utils.cpp:231] CHATAY_HS1_COLD_START generate_resdb_config_finish ts_ms=1782872141063 duration_ms=1 self=5 custom_gen=0
pbft,repeat-03,5,network_start,1782872141073,pbft/repeat-03/pbft/node-5.log,45,E20260701 02:15:41.073518   282 service_network.cpp:50] CHATAY_HS1_COLD_START service_network_ctor_start ts_ms=1782872141073 self=5 port=25035
pbft,repeat-03,5,network_start,1782872141074,pbft/repeat-03/pbft/node-5.log,56,E20260701 02:15:41.074577   282 service_network.cpp:143] CHATAY_HS1_COLD_START service_network_service_started ts_ms=1782872141074 self=5
pbft,repeat-03,5,bootstrap_heartbeat_send,1782872141074,pbft/repeat-03/pbft/node-5.log,57,E20260701 02:15:41.074625   314 consensus_manager.cpp:147] CHATAY_HS1_COLD_START heartbeat_send_start ts_ms=1782872141074 self=5 known_public_keys=1 all_replicas=4 current_ready=0
pbft,repeat-03,5,network_start,1782872141074,pbft/repeat-03/pbft/node-5.log,61,E20260701 02:15:41.074666   282 service_network.cpp:151] CHATAY_HS1_COLD_START service_network_acceptor_run_enter ts_ms=1782872141074 self=5
pbft,repeat-03,5,bootstrap_heartbeat_receive,1782872141078,pbft/repeat-03/pbft/node-5.log,67,E20260701 02:15:41.078451   323 consensus_manager.cpp:264] CHATAY_HS1_COLD_START heartbeat_receive_enter ts_ms=1782872141078 self=5
pbft,repeat-03,5,bootstrap_heartbeat_receive,1782872141078,pbft/repeat-03/pbft/node-5.log,68,E20260701 02:15:41.078631   318 consensus_manager.cpp:264] CHATAY_HS1_COLD_START heartbeat_receive_enter ts_ms=1782872141078 self=5
pbft,repeat-03,5,bootstrap_heartbeat_receive,1782872141078,pbft/repeat-03/pbft/node-5.log,69,E20260701 02:15:41.078824   324 consensus_manager.cpp:264] CHATAY_HS1_COLD_START heartbeat_receive_enter ts_ms=1782872141078 self=5
pbft,repeat-03,5,bootstrap_heartbeat_receive,1782872141078,pbft/repeat-03/pbft/node-5.log,70,E20260701 02:15:41.078864   327 consensus_manager.cpp:264] CHATAY_HS1_COLD_START heartbeat_receive_enter ts_ms=1782872141078 self=5
pbft,repeat-03,5,bootstrap_heartbeat_receive,1782872141079,pbft/repeat-03/pbft/node-5.log,71,E20260701 02:15:41.079792   321 consensus_manager.cpp:264] CHATAY_HS1_COLD_START heartbeat_receive_enter ts_ms=1782872141079 self=5
pbft,repeat-03,5,bootstrap_heartbeat_send,1782872141085,pbft/repeat-03/pbft/node-5.log,73,E20260701 02:15:41.085871   323 consensus_manager.cpp:147] CHATAY_HS1_COLD_START heartbeat_send_start ts_ms=1782872141085 self=5 known_public_keys=5 all_replicas=4 current_ready=0
pbft,repeat-03,5,bootstrap_heartbeat_receive,1782872141086,pbft/repeat-03/pbft/node-5.log,78,E20260701 02:15:41.086973   325 consensus_manager.cpp:264] CHATAY_HS1_COLD_START heartbeat_receive_enter ts_ms=1782872141086 self=5
pbft,repeat-03,5,readiness,1782872141087,pbft/repeat-03/pbft/node-5.log,79,E20260701 02:15:41.087287   323 consensus_manager.cpp:343] CHATAY_HS1_COLD_START readiness_reached ts_ms=1782872141087 self=5 replica_num=4 quorum=3 sender=2
pbft,repeat-03,5,readiness,20260701 02:15:41.087307,pbft/repeat-03/pbft/node-5.log,80,E20260701 02:15:41.087307   323 consensus_manager.cpp:349] ============ Server 5 is ready =====================
pbft,repeat-03,5,bootstrap_heartbeat_send,1782872141088,pbft/repeat-03/pbft/node-5.log,82,E20260701 02:15:41.088042   318 consensus_manager.cpp:147] CHATAY_HS1_COLD_START heartbeat_send_start ts_ms=1782872141088 self=5 known_public_keys=5 all_replicas=4 current_ready=1
pbft,repeat-03,5,bootstrap_heartbeat_receive,1782872141088,pbft/repeat-03/pbft/node-5.log,87,E20260701 02:15:41.088454   326 consensus_manager.cpp:264] CHATAY_HS1_COLD_START heartbeat_receive_enter ts_ms=1782872141088 self=5
pbft,repeat-03,5,bootstrap_heartbeat_send,1782872141090,pbft/repeat-03/pbft/node-5.log,89,E20260701 02:15:41.090534   324 consensus_manager.cpp:147] CHATAY_HS1_COLD_START heartbeat_send_start ts_ms=1782872141090 self=5 known_public_keys=5 all_replicas=4 current_ready=1
pbft,repeat-03,5,bootstrap_heartbeat_receive,1782872141092,pbft/repeat-03/pbft/node-5.log,93,E20260701 02:15:41.092095   318 consensus_manager.cpp:264] CHATAY_HS1_COLD_START heartbeat_receive_enter ts_ms=1782872141092 self=5
pbft,repeat-03,5,bootstrap_heartbeat_receive,1782872141092,pbft/repeat-03/pbft/node-5.log,94,E20260701 02:15:41.092386   323 consensus_manager.cpp:264] CHATAY_HS1_COLD_START heartbeat_receive_enter ts_ms=1782872141092 self=5
pbft,repeat-03,5,bootstrap_heartbeat_send,1782872141102,pbft/repeat-03/pbft/node-5.log,97,E20260701 02:15:41.102556   327 consensus_manager.cpp:147] CHATAY_HS1_COLD_START heartbeat_send_start ts_ms=1782872141102 self=5 known_public_keys=5 all_replicas=4 current_ready=1
pbft,repeat-03,5,bootstrap_heartbeat_receive,1782872141103,pbft/repeat-03/pbft/node-5.log,102,E20260701 02:15:41.103925   324 consensus_manager.cpp:264] CHATAY_HS1_COLD_START heartbeat_receive_enter ts_ms=1782872141103 self=5
pbft,repeat-03,5,bootstrap_heartbeat_send,1782872141113,pbft/repeat-03/pbft/node-5.log,105,E20260701 02:15:41.113986   325 consensus_manager.cpp:147] CHATAY_HS1_COLD_START heartbeat_send_start ts_ms=1782872141113 self=5 known_public_keys=5 all_replicas=4 current_ready=1
pbft,repeat-03,5,bootstrap_heartbeat_receive,1782872141114,pbft/repeat-03/pbft/node-5.log,110,E20260701 02:15:41.114495   328 consensus_manager.cpp:264] CHATAY_HS1_COLD_START heartbeat_receive_enter ts_ms=1782872141114 self=5
pbft,repeat-03,5,bootstrap_heartbeat_receive,1782872141579,pbft/repeat-03/pbft/node-5.log,116,E20260701 02:15:41.579876   324 consensus_manager.cpp:264] CHATAY_HS1_COLD_START heartbeat_receive_enter ts_ms=1782872141579 self=5
pbft,repeat-03,5,bootstrap_heartbeat_send,1782872142085,pbft/repeat-03/pbft/node-5.log,139,E20260701 02:15:42.085254   314 consensus_manager.cpp:147] CHATAY_HS1_COLD_START heartbeat_send_start ts_ms=1782872142085 self=5 known_public_keys=5 all_replicas=4 current_ready=1
pbft,repeat-03,5,bootstrap_heartbeat_receive,1782872142085,pbft/repeat-03/pbft/node-5.log,144,E20260701 02:15:42.085870   331 consensus_manager.cpp:264] CHATAY_HS1_COLD_START heartbeat_receive_enter ts_ms=1782872142085 self=5
